text,category,spam_ham_label,source,language
"[PROMO] Beli paket Flash mulai 1GB di MY TELKOMSEL APP dpt EXTRA kuota 2GB 4G LTE dan EXTRA nelpon hingga 100mnt/1hr. Buruan, cek  di tsel.me/mytsel1 S&K",promo,spam,agtbaskara/dataset_sms_spam_v2,id
2.5 GB/30 hari hanya Rp 35 Ribu Spesial buat Anda yang terpilih. Aktifkan sekarang juga di *550*905#. Promo sd 30 Nov 2015.Buruan aktifkan sekarang. S&K,promo,spam,agtbaskara/dataset_sms_spam_v2,id
"2016-07-08 11:47:11.Plg Yth, sisa kuota Flash Anda 478KB. Download MyTelkomsel apps di http://tsel.me/tsel utk cek kuota&beli paket Flash atau hub *363#",promo,spam,agtbaskara/dataset_sms_spam_v2,id
"2016-08-07 11:29:47.Plg Yth, sisa kuota Flash Anda 7160KB. Download MyTelkomsel apps di http://tsel.me/tsel utk cek kuota&beli paket Flash atau hub *363#",promo,spam,agtbaskara/dataset_sms_spam_v2,id
4.5GB/30 hari hanya Rp 55 Ribu Spesial buat anda yang terpilih. Aktifkan sekarang juga di *550*907# Buruan..! SKB,promo,spam,agtbaskara/dataset_sms_spam_v2,id
5 HARI LAGI ! EKSTRA Pulsa 50rb dg beli paket internet bulanan di MyTelkomsel utk pembelian pertama sjk 25Aug-25Sept. Cek detail promo di tsel.me/mytsel1,promo,spam,agtbaskara/dataset_sms_spam_v2,id
"Ada iRing dgn tarif Rp. 0,1/7hr (perpanjangan Rp. 3190/7hr) dari hits Armada - Pencuri Hati. Tekan *808*3*1*4*1# lalu OK/Call. Info: 100&111",promo,spam,agtbaskara/dataset_sms_spam_v2,id
Akhir bulan harus tetap eksis loh! Internetan pake volume ultima 900MB/30hr. Hrga mulai Rp 35rb di *100*471#. Tarif&lokasi cek di tsel.me/fl,promo,spam,agtbaskara/dataset_sms_spam_v2,id
"Aktifkan iRing Coboy Jr - Terhebat. Tekan *808*7#. Info: 100&111 Ada hits terbaru dari NOAH - Jika Engkau. Aktifkan iRing nya di HP kamu. Ketik MG NOAH02 kirim ke 808 Info: 100&111 Berkah iRing Rp 1000 dr Yuni Shara - Akhirnya. Aktifkan iRing nya, Tkn *808*1*2*3# lalu Ok/Call. Raih THR PuluhanJt!. Berhenti: Unreg ke 808",promo,spam,agtbaskara/dataset_sms_spam_v2,id
Ambil bonus harianmu di *600# (Bebas Pulsa). Dptkan gratis nelpon atau internetan dan promo lainnya sesuai hobimu!,promo,spam,agtbaskara/dataset_sms_spam_v2,id
Anda akan berhenti berlangganan Paket Flash. Ketik FLASH<spasi>YA jika setuju. Tunggu SMS konfirmasi penonaktifan Paket Anda,promo,spam,agtbaskara/dataset_sms_spam_v2,id
Anda akan berlangganan paket Rp. 10000 utk 150 MB 2G/3G + 250 MB 3G/90hari. Jika setuju balas FLASH<spasi>YA kirim ke 3636 utk melanjutkan. Paket diperpanjang pada akhir masa aktif dengan tarif sesuai lokasi Anda. Tunggu SMS konfirmasi sblm pemakaian. Info zona dan detail tarif lihat di Tsel.me/internet,promo,spam,agtbaskara/dataset_sms_spam_v2,id
"Anda akan membeli Paket Gampang Internetan Rp.1250 utk Chatting Sepuasnya (BBM, WhatsApp dan Line)/1 hari.Jika setuju balas FLASH<spasi>YA kirim ke 3636 utk melanjutkan.Tunggu SMS konfirmasi sblm pemakaian.Info detail tariff lihat di Tsel.me/internet ",promo,spam,agtbaskara/dataset_sms_spam_v2,id
"Anda akan menerima setting ponsel, agar ponsel Anda dapat mengakses internet dan berkirim foto/MMS. Jika Anda setuju balas pesan ini (gratis) dengan ketik Y.",promo,spam,agtbaskara/dataset_sms_spam_v2,id
Anda akan mengaktifkan Paket BBM Gratis berlaku 30 hari dari pertama kali aktivasi. Ketik FLASH (spasi) YA untuk melanjutkan,promo,spam,agtbaskara/dataset_sms_spam_v2,id
Anda mendapatkan 1 kupon dalam program Kartu As BIBER (Beli Internet Berhadiah). Cek total kupon maksimal 1x24 jam dari skrg di *100*123#. Info lengkap hub:188,promo,spam,agtbaskara/dataset_sms_spam_v2,id
Anda sedang menikmati Paket Reguler dgn sisa kuota 209715 KB.Dapatkan beragam Paket INTERNET HEMAT Tri di *123*3#,promo,spam,agtbaskara/dataset_sms_spam_v2,id
Anda tidak terdaftar dalam layanan Paket Malam hari. Untuk berlangganan lakukan isi ulang dengan voucher Kenyang Download,promo,spam,agtbaskara/dataset_sms_spam_v2,id
"Anda tlh menukarkan poin 95 poin, Tukarkan terus poinnya siapa tahu anda pemenang hadih LG G3 32gb, pemenang adalah yang menukarkan poin tertinggi s/d 30 November 15",promo,spam,agtbaskara/dataset_sms_spam_v2,id
AngpaoPoinSenyum! Dptkan Vchr Lottemart 50rb dg tukar 2500poin (normal 5000poin) sd 11Feb16. Ketik *123*7887*2*5# TERBATAS! Info: www.indosatooredoo.com/angpao,promo,spam,agtbaskara/dataset_sms_spam_v2,id
Awal bulan saat nya anda eksis lebih lama! Internetan pake volume ultima 900MB/30hr. Hrga mulai Rp 35rb di *100*471#. Tarif&lokasi cek di tsel.me/FL,promo,spam,agtbaskara/dataset_sms_spam_v2,id
"Ayam (sayap/paha bawah), Nasi, Perkedel Rp. 19.545. GRATIS Teh Pucuk. Tukar SMS ini di CFC HASAN SADIKIN hari ini. Selama Persediaan msh ada. Promo *606#",promo,spam,agtbaskara/dataset_sms_spam_v2,id
"Ayo anak Medan, beli sticker line dengan pulsamu Caranya klik http://www.telkomsel.com/linestore nama stickernya : Kedan Medan",promo,spam,agtbaskara/dataset_sms_spam_v2,id
AYO download AXISnet dari Apple/Play Store dan aktifkan BRONET24Jam 5GB 60hr Rp44900 dan BRONET24Jam 1GB 30hr dapat OBOR 5GB (00-06) Rp18800. Info838. LD335,promo,spam,agtbaskara/dataset_sms_spam_v2,id
AYO download AXISnet dari PLAY/Apple Store dan aktifkan BRONET24Jam 5GB 60hr Rp44900 dan BRONET24Jam 3GB 60hr dapat OBOR 10GB (00-06) Rp39800. Info838. LD307,promo,spam,agtbaskara/dataset_sms_spam_v2,id
Ayo dukung pelestarian alam Indonesia bersama Indosat Ooredoo dan WWF-Indonesia dg berdonasi melalui *123*50# dari nomor Indosat Ooredoo.,promo,spam,agtbaskara/dataset_sms_spam_v2,id
"Ayo kawal pemanfaatan subsidi BBM & Kompensasi bagi yang berhak! Pengaduan, ketik BBM (spasi) isi pesan. Kirim 1708",promo,spam,agtbaskara/dataset_sms_spam_v2,id
"BANTING HARGA !! Internetan dgn Kuota 1,5GB HANYA 10rb Rupiah, paket Berlaku sebulan. Mau?? Ketik YA ke 919 s/d 16 Desember 2015",promo,spam,agtbaskara/dataset_sms_spam_v2,id
BEBAS ekspresikan dirimu bersama Paket Freedom Combo dari Indosat Ooredoo. Segera hub *123# atau www.indosatooredoo.com/freedom,promo,spam,agtbaskara/dataset_sms_spam_v2,id
Bebas Pulsa! Ambil bonusmu di *600# (GRATIS). Dptkan gratis nelpon atau internetas atau promo lainnya sesuai hobimu!,promo,spam,agtbaskara/dataset_sms_spam_v2,id
"Beli 1 Gratis 1 untuk Lychee Tea atau Latte Flavour dari Yellow Truck Jl.Patuha No.29. Tukarkan SMS ini. Hanya berlaku untuk hari ini, S&K Berlaku.Promo *606#",promo,spam,agtbaskara/dataset_sms_spam_v2,id
Beli 2 Gratis 1 atau beli 1 Diskon 25% tiket Kampung Gajah Wonderland Bandung s.d 31 Mei 2013. Tunjukkan SMS kpd Petugas .Info: www.indosat.com/kampunggajah,promo,spam,agtbaskara/dataset_sms_spam_v2,id
Beli 6 Gratis 6 Donut dari DUNKIN DONUTS BORMA SETIABUDHI. Tukarkan SMS ini segera. Hanya berlaku untuk hari ini. Selama persediaan masih ada. Promo *606#,promo,spam,agtbaskara/dataset_sms_spam_v2,id
Beli paket Turbo mulai 50rb utk pembelian pertama di MyTelkomsel App sjk 25Aug - 25Sept dpt EXTRA PULSA TSEL Rp 50rb loh! Cek detail paket di tsel.me/mytsel1,promo,spam,agtbaskara/dataset_sms_spam_v2,id
"Bisa Internetan 1,5GB CUMA dengan 20rb, paket berlaku 90 hari. MAU?? Ketik YA ke 919. Penawaran berlaku s/d 8 Januari 2016",promo,spam,agtbaskara/dataset_sms_spam_v2,id
"BONUS KUOTA 500MB (1hr)! Cukup isi ulang min. 5,000 hari ini! Ayo buruan isi pulsa sekarang juga. T514",promo,spam,agtbaskara/dataset_sms_spam_v2,id
BONUS PULSA 10RB! Ayo isi pulsa min. 5rb & dapetkan bonus pulsa 10rb utk nelp ke nmr Tri! Hanya hari ini saja! Ayo buruan isi pulsa! T530,promo,spam,agtbaskara/dataset_sms_spam_v2,id
"BONUS PULSA 50% dari Indosat Ooredoo, MAU?? Ketik *345# dan call dari HP kamu sebelum 28 April 2016",promo,spam,agtbaskara/dataset_sms_spam_v2,id
BONUS PULSA 50rb cuma dgn isi ulang 25rb!! Hny Indosat yg bisa begini. Penawaran berlaku s/d 11 April 2016. Bonus 1x utk digunakan ke sesama Indosat Ooredoo,promo,spam,agtbaskara/dataset_sms_spam_v2,id
BONUS PULSA Rp 100 rb..!! Spesial untuk kamu pelanggan setia Indosat Ooredo.Hanya dengan isi ulang Rp150rb skrg juga! Penawaran berlaku s.d 13 Jan 2016 (bonus hanya 1x),promo,spam,agtbaskara/dataset_sms_spam_v2,id
"BONUS Rp. 5,000 untuk kamu! Cukup kirim SMS 2X hari ini untuk mendapatkan bonusnya, khusus hari ini saja!  T483",promo,spam,agtbaskara/dataset_sms_spam_v2,id
"BONUS Rp. 5,000 untuk kamu! Cukup telpon teman kamu selama 2 menit hari ini untuk mendapatkan bonusnya, khusus hari ini saja!  A010",promo,spam,agtbaskara/dataset_sms_spam_v2,id
Buktikan hematnya pakai argo tetap di Bandung dengan GrabCar hingga 20%. Hayu ajakan rerencangan sareng buktikeun nyalira!,promo,spam,agtbaskara/dataset_sms_spam_v2,id
Buruan Download & Registrasi myCare di http://bit.ly/mycarepLy dan dapatkan Promo 10GB (4G) di Paket Freedoom M & L dengan harga khusus HANYA HARI INI.,promo,spam,agtbaskara/dataset_sms_spam_v2,id
"Butuh Piknik?Ada nih liburan GRATIS ke Hongkong!Cara:Pake pulsa AXIS di HP Androidmu buat transaksi sebanyak2nya items Pokemon Go,BIGO,COC, dll!Info838 LD328",promo,spam,agtbaskara/dataset_sms_spam_v2,id
"Buy 2 Get 3 tiket Trans Studio Bandung,mulai 14 Mei-14Juni 2013.Tunjukkan SMS ke petugas di lokasi. Info: www.indosat.com/transstudiobgd",promo,spam,agtbaskara/dataset_sms_spam_v2,id
cuma Rp 7500 dapat nelpon dan SMS UNLIMITED ke sesama Indosat Ooredoo   internetan sepuasnya 3 hari dengan paket Ramadhan Unlimited. ketik *123*88#,promo,spam,agtbaskara/dataset_sms_spam_v2,id
"Dapatkan BONUS PULSA hg 50rb jika isi ulang di hari Minggu, isi ulang mulai dr 10rb. Ktk: GRATIS krm ke 123. Panduan: ketik PAN krm ke123. Cek bonus tekan*555*3#",promo,spam,agtbaskara/dataset_sms_spam_v2,id
"Dapatkan Bonus SMS Kamu. Hanya dg kirim SMS, Kamu akan dapat Bonus Ratusan SMS ke semua operator. Pakai terus Indosat Ooredoo & raih kebebasan berkomunikasi",promo,spam,agtbaskara/dataset_sms_spam_v2,id
Dapatkan Disc 20% di McDonalds khusus utk pembayaran dgn TCASH TAP!Dptkan stiker TCASH TAP di graPARI terdekat. Info tsel.me/tappromo,promo,spam,agtbaskara/dataset_sms_spam_v2,id
Dapatkan Disc.30% utk Dominos PAN PIZZA!Roti yg lebih tebal dgn keju terasa sampai pinggir!Mulai Rp45500.Kunjungi toko terdekat/telf 1500366/Klik panpizza.co.id,promo,spam,agtbaskara/dataset_sms_spam_v2,id
"Dapatkan EXTRA kuota 2GB 4G LTE dan EXTRA nelpon hingga 100mnt/1hr dg beli paket FLASH mulai 1GB di MY TELKOMSEL APP. Buruan, cek  di tsel.me/mytsel1 S&K",promo,spam,agtbaskara/dataset_sms_spam_v2,id
"Dapatkan GRATIS 1 cappuccino (hot/ice) & Freza, setiap transaksi min Rp75Rb di EXCELSO Cafe Semarang, Yogya, Solo sd 9 Agust 13. Tunjukkan SMS kpd petugas",promo,spam,agtbaskara/dataset_sms_spam_v2,id
Dapatkan GRATIS Wendy's Crispy Chicken Sandwich dengan minimal pembelian Rp.100.000. Tukarkan SMS ini di Wendy's terdekat! Persediaan terbatas. Promo *606#,promo,spam,agtbaskara/dataset_sms_spam_v2,id
Dapatkan saldo bermain sebesar Rp 125rb hanya dengan bayar Rp 75rb. Berlaku hari Senin-Kamis. Tukarkan SMS ini segera di Timezone terdekat! Promo *606#,promo,spam,agtbaskara/dataset_sms_spam_v2,id
"Dapatkan voucher Cipika Rp 100rb utk belanja kuliner, gadget, fashion, dll. Tkn *123*45# pilih Cipika, GRATIS & terbatas. Info: www.indosatooredoo.com/12345",promo,spam,agtbaskara/dataset_sms_spam_v2,id
"Dear Customer, Kindly values your experience at Telkomsel Service, score between 1(very poor) to 5 (excellent), send SMS to 1166 (FREE) (for int'l charged)",promo,spam,agtbaskara/dataset_sms_spam_v2,id
Disc.25%  Domino's Pizza Value Range s/d 14 Agustus.Kunjungi store terdekat/hubungi 1500366/visit http://bit.ly/294KoZ6 Kode:VR25D,promo,spam,agtbaskara/dataset_sms_spam_v2,id
"DISKON 30RIBU khusus pelanggan baru Grab di Bandung. Berlaku 3x: kode promo URANGBANDUNG. Tak usah repot jalanan macet dan susah parkir, Hayu ngeGrab we atuh!",promo,spam,agtbaskara/dataset_sms_spam_v2,id
DISKON 50% kuota NELPON++ 20 MENIT ke smua operator! Cuma Rp7rb (Normal Rp14rb) dg masa aktif panjang. Balas SMS ini dgn ketik Tri. Hanya HARI INI! V712,promo,spam,agtbaskara/dataset_sms_spam_v2,id
"DISKON 50% utk Kacamata Lengkap + Bonus Kacamata Hitam, Tunjukan SMS ini di JL Gatot Soebroto 88 T.7333812. S&amp;K Berlaku.Promo*606#",promo,spam,agtbaskara/dataset_sms_spam_v2,id
Domino's PAN PIZZA!Rotinya lebih tebal dgn keju terasa sampai pinggir! Nikmati Disc.30% dimulai Rp45.500.Kunjungi toko terdekat/telf 1500366/Klik panpizza.co.id,promo,spam,agtbaskara/dataset_sms_spam_v2,id
DOUBLE kuota internet plus UNLIMITED Telpon dan SMS dengan Paket Freedom Combo dari Indosat Ooredoo. Segera hub *123# atau www.indosatooredoo.com/freedom,promo,spam,agtbaskara/dataset_sms_spam_v2,id
Download dan rasakan serunya game-game premium pilihan hanya di *900#,promo,spam,agtbaskara/dataset_sms_spam_v2,id
"Dptkn Free member card Larissa Aesthetic Center, disc 15% high treatment & asuransi jiwa, tiap isi ulang pulsa Rp 100rb di Galeri Indosat Jateng DIY s.d 31Des 13",promo,spam,agtbaskara/dataset_sms_spam_v2,id
"Dptkn kesempatan raih hadiah utama mobil Alphard dg cara tukar 500 poin senyum Anda dg 1 kupon Undian s.d tgl 20Jun13,ketik Undian Jmlh Poin ke 7887(Rp25)",promo,spam,agtbaskara/dataset_sms_spam_v2,id
Dukung rehabilitasi & pengembangan potensi anak berkebutuhan khusus di YPAC Jakarta. Mari berbagi melalui SMS Donasi dengan mengetik *123*65#,promo,spam,agtbaskara/dataset_sms_spam_v2,id
"Flash Promo s.d 9 Agt! Ayo datangi Gallery Smartfren terdekat, DISKON 290rb dg tukar HP Smartfrenmu ke Andromax 4G LTE atau 190 utk tukar dg MiFi 4G LTE",promo,spam,agtbaskara/dataset_sms_spam_v2,id
FREE DoubleScoop Ice Cream / Disc 10% di Haagen-Dasz dengan TCASH TAP! S&K berlaku. Info tsel.me/tappromo,promo,spam,agtbaskara/dataset_sms_spam_v2,id
"GRATIS 10GB! Bagi yg blm mengganti kartu SIM menjadi SIM 4G, tukarkan skrg di gerai IndosatOoredoo terdekat dan nikmati GRATIS 10GB di jaringan 4G.",promo,spam,agtbaskara/dataset_sms_spam_v2,id
"GRATIS nelpon kemana saja, ke semua operator! Cukup beli Internet Harian 100MB seharga Rp1500. Balas SMS ini dgn ketik JS utk membeli. N092",promo,spam,agtbaskara/dataset_sms_spam_v2,id
GRATIS Whatsapp seharian! Cukup beli Internet Harian 100MB seharga Rp1500. Balas SMS ini dgn ketik JR utk membeli. N091,promo,spam,agtbaskara/dataset_sms_spam_v2,id
Gunakan Grab dan nikmati 75% diskon untuk 10x bagi pengguna baru. Masukkan kode COBAGRABCAR sekarang juga dan ajak teman-temanmu keliling bandung tanp,promo,spam,agtbaskara/dataset_sms_spam_v2,id
Gunakan GrabCar atau GrabTaxi & dapatkan diskon 35RIBU ke dan dari Stasiun/Bandara di Bandung. Masukkan kode promo GRABTRAVEL hingga pemakaian 30 September 2016. Hatur Nuhun.,promo,spam,agtbaskara/dataset_sms_spam_v2,id
Gunakan TCASH untuk bayar tagihan listrik atau beli token listrik! Cukup hubungi *800# dan pilih menu pembayaran atau pembelian,promo,spam,agtbaskara/dataset_sms_spam_v2,id
"Hai Apa Kabar? Ada Bonus Meriah Cukup isi pulsa minimun Rp 5 Ribu s.d 15 November, kamu langsung dapatkan 300 MB GRATIS. Ayo isi pulsa! Bonus utk 3 hari. RL044A",promo,spam,agtbaskara/dataset_sms_spam_v2,id
"Hallo Bro, beli koin games pakai pulsamu yuk, mudah banget loh sob, cek http://tsel.me/jajanonline",promo,spam,agtbaskara/dataset_sms_spam_v2,id
"Hallo urang minang, ado sticker rancak di Group Line Urang Kampuang MINANG GUY, beli pake pulsa Telkomsel",promo,spam,agtbaskara/dataset_sms_spam_v2,id
"Hanya HARI ini! Freedom Combo XL Cuma Rp 89rb (Normal Rp 149rb) 20GB Music streaming gak pake kuota, UNLIMITED Nelp&SMS. Daftar *123#",promo,spam,agtbaskara/dataset_sms_spam_v2,id
Hanya HARI INI!!! Cuma dengan seribu kamu langsung dapat 200 MB untuk 3 hari. Cukup balas SMS ini dengan ketik yA4. Buruan beli sekrang TL049B,promo,spam,agtbaskara/dataset_sms_spam_v2,id
"HARI INI Freedom Combo XL Rp89rb (normal Rp149rb). DOUBLE kuota 5GB+5GB(4G)+ PROMO 10GB(4G), UNLIMITED nelp & SMS ke Indosat Ooredoo. Ketik FREEDOM XL ke 363",promo,spam,agtbaskara/dataset_sms_spam_v2,id
Hari ini! BRONET 24Jam 3GB 60hr Rp31900 dan BRONETSpecial 6GB 60hr (3GB 24Jam+3GB 00-06) Rp34900 di *123*888# SEGERA aktifkan paketnya sekarang!! Info838 LD300,promo,spam,agtbaskara/dataset_sms_spam_v2,id
Hari ini!! BRONET Special 4GB (2GB 24Jam+2GB 00-06) 60hr Rp24900 dan BRONET 24Jam 1GB 60hr Rp10900. AYO SEGERA aktifkan paket kamu di *123*888#. Info838 LD309,promo,spam,agtbaskara/dataset_sms_spam_v2,id
Hari Rabu saatnya blanja di blanja.com & Nikmati diskon spesial untuk transaksi dengan TCASH! S&K Berlaku. Klik blj.co/tcashrabu,promo,spam,agtbaskara/dataset_sms_spam_v2,id
Hari Senin saatnya Nonton Hemat hanya 25ribu di Cinema XXI dgn TCASH TAP! Dptkan stiker TCASH TAP di graPARI terdekat. Info tsel.me/tappromo,promo,spam,agtbaskara/dataset_sms_spam_v2,id
"HARI TERAKHIR! Kunjungi Galeri Smartfren skrng, buat kamu Andromax A 4G jd 99rb (nrml 649rb). Tunggu apa lagi?!Stok terbatas.sd 22Agt.S&K.Info888.DL46J",promo,spam,agtbaskara/dataset_sms_spam_v2,id
"Hayu dateng, mumpung ada ustad Fatih karim,beliau yg mengislamkan ustad Felix siaw",promo,spam,agtbaskara/dataset_sms_spam_v2,id
Hi! Ayo coba Grab untuk pemesanan taxi yang cepat dan aman. Klik: https://invite.grab.co/37aa4d,promo,spam,agtbaskara/dataset_sms_spam_v2,id
HOT PROMO! Dptkan EXTRA PULSA TSEL 50rb dg beli paket internet pertama kali di My Telkomsel App sjk 25 Agsts - 25 Sept. Cek detail paketnya di tsel.me/mytsel1,promo,spam,agtbaskara/dataset_sms_spam_v2,id
"HOT PROMO: Internetan kuota 1,2GB/30hr HANYA Rp 15ribu aja! Beli di *363*822#. Promo s.d 30Juni16. S&K",promo,spam,agtbaskara/dataset_sms_spam_v2,id
"I’m spreading the GO-JEK love. Download the GO-JEK app at “http://go-jek.com/app” and input this referral code “545075264” to get Rp 50,000 free credit to your first booking. #gojekgotmehere",promo,spam,agtbaskara/dataset_sms_spam_v2,id
Ikuti JobFairActive & UjiKlyakanKerjaBerstifikat @PlasaTelkomMlg 9Feb13. dptkan platihan Intrview&Rekom kerja ke ribuan Ph. Info: www.indogetjob.com/085233334106,promo,spam,agtbaskara/dataset_sms_spam_v2,id
Internetan puas kapan aja buat kamu yang butuh kuota besar. Paket SUMO 30GB 30hari semua jaringan. Beli di *123*3*3#. Info 123. D956,promo,spam,agtbaskara/dataset_sms_spam_v2,id
"Isi saldo TCASHmu  melalui jaringan ATM Bersama & ATM BCA! Lakukan transfer antar bank, Pilih bank TCASH (Kode bank 911). Gunakan No HP sbg no rekening tujuan.",promo,spam,agtbaskara/dataset_sms_spam_v2,id
"Isi ulang Kuota++ 3GB berhasil, dan kuota tlh ditambahkan. Nikmati juga BONUS NELPON ke semua Tri Rp10rb, cek bonus di *111*2# atau BimaTri.",promo,spam,agtbaskara/dataset_sms_spam_v2,id
Isi ulang Rp50000.0 berhasil. Kode transaksi 99100827288792. Cek *123*888# untuk promo RABU RAWIT & JUMAT BAIK buat semua Pelanggan AXIS!,promo,spam,agtbaskara/dataset_sms_spam_v2,id
Jalani ibadah Haji dg nyaman tnpa prlu ganti kartu lokal.Nikmati GRATIS 2menit/hr trima telp dr IndosatOoredoo&Internet UNLIMITED Rp30Rb/hari.Info: *122*1# PAI3,promo,spam,agtbaskara/dataset_sms_spam_v2,id
"Jangan dikejar diskon berlari, beli RAWIT diskon datang sendiri.AYO isi ulang kartu AXIS kamu sekarang,dan pastikan besok ikutan promo Rabu RAWIT.Info838.LD279",promo,spam,agtbaskara/dataset_sms_spam_v2,id
JANGAN LUPA kirim 50 SMS sd 16 Juni 2013 utk mendptkan Gratis 50 SMS ke sesame Indosat selama 2 hr (berlaku 1x selama periode prog). Info:100. US6,promo,spam,agtbaskara/dataset_sms_spam_v2,id
"Jangan sampai kalah Bro, games mu bisa terbantu dengan menambah koinmu, beli aja pakai pulsa, cek caranya di http://tsel.me/jajanonline",promo,spam,agtbaskara/dataset_sms_spam_v2,id
"Jangan sampai kehabisan, HARI INI di Baskin Robbins Value Scoop cuma 35.000 lho! Tunjukkan SMS ini. S&K Berlaku. Promo *606#",promo,spam,agtbaskara/dataset_sms_spam_v2,id
"Jumat BAIK promo, BRONET 24Jam 1GB 30hr Rp10900 dan BRONET 4GB 60hr (24Jam 2GB + 00-06 2GB) Rp24900. SEGERA aktifkan paketnya melalui *123*888#.Info838.LD268",promo,spam,agtbaskara/dataset_sms_spam_v2,id
"Kapan lg beli paket Flash mulai 1,3GB di MyTelkomsel dpt Extra PULSA Rp 50rb? Utk pembelian pertama sjk 25Aug - 25Sept. Cek detail paket di tsel.me/mytsel1",promo,spam,agtbaskara/dataset_sms_spam_v2,id
Karena kamu pelanggan setia kamu bisa tukarkan hp smartfrenmu dg Andromax E 4G LTE hny 859rb(nrml 999rb). Segera ke Galeri Smartfren,promo,spam,agtbaskara/dataset_sms_spam_v2,id
"Kartu 4G-LTE Anda telah aktif Dapatkan kuota tambahan sd 10GB&konten menarik dijaringan 4G, hub *123*46#. Info lokasi www.indosatooredoo.com/4G",promo,spam,agtbaskara/dataset_sms_spam_v2,id
"Kesempatan LANGKA! Cuma buat kamu saja loh, Dapatkan 1 GB Cuma dengan RP 5000. Balas SMS ini dengan ketik Y10 s.d 15 November. Bonus berlaku 3 hari/ TL050D",promo,spam,agtbaskara/dataset_sms_spam_v2,id
"Ketik FLASH<spasi>INFO kirim ke 33636 utk status paket kamu. Loopers! Dptkan info tren anak muda, challenge & pembelian paket di loop.co.id & follow@loop_id",promo,spam,agtbaskara/dataset_sms_spam_v2,id
Ketik YA ke 919 s.d 14 Maret 2016. Cuma Rp59rb per-bln! Lgs dptkan 1+ 1GB(4G)+BONUS 10GB(4G) utk Internetan + Telp & SMS SEPUASNYA ke semua nomor,promo,spam,agtbaskara/dataset_sms_spam_v2,id
"Khusus buat kamu yg doyan internetan! Cukup 10rb k, bs internetan slm 1 minggu (kuota 1,5 GB). Buruan ketik OKE ke 919. Pnwrn sd 30/09/2015 Khusus Nomor Ini.",promo,spam,agtbaskara/dataset_sms_spam_v2,id
"KHUSUS buat kamu. PAKET internet hanya 10ribu dgn kuota 1.5GB selama 30hr, berlaku 24Jam di Jaringan tercepat Indosat. Balas SMS ini ketik YA ke 919 sd 22 Mei 15",promo,spam,agtbaskara/dataset_sms_spam_v2,id
"Kocak abis! Mau liat aksi 8 pemuda galau, iseng, dan gokil yang dikepung polisi super cantik? Tonton aja Comic8 via HP kamu cmn 4400/3hr. Ketik FILM3 ke 99677",promo,spam,agtbaskara/dataset_sms_spam_v2,id
"Koinmu tinggal dikit untuk lanjutin gamesmu? Beli pakai pulsa aja Bro, cek http://tsel.me/jajanonline",promo,spam,agtbaskara/dataset_sms_spam_v2,id
Kuota Internet sudah habis. Segera isi kuota Anda di *123# atau akses aplikasi BimaTRI dari gadget Anda. Info:123,promo,spam,agtbaskara/dataset_sms_spam_v2,id
"Lebih hemat langganan paket Data MINGGUAN. Cuma Rp10.900. Caranya? gampang kok, cukup ketik KUOTA(spasi)10K krm sms ke 363.",promo,spam,agtbaskara/dataset_sms_spam_v2,id
"Lebih hemat langganan paket Internet MINGGUAN dgn kuota 250MB Cuma Rp 10,000. Caranya gampang cukup ketik KUOTA (SPASI) 10K ke 363.",promo,spam,agtbaskara/dataset_sms_spam_v2,id
"LINE Lets Get Rich semakin seru, tambah koinnya dari pulsamu, mudah banget caranya di google play",promo,spam,agtbaskara/dataset_sms_spam_v2,id
"Loopers, PaketTelkomselFlash Rp.50000 utk 600 MB & tambahan 600 MB di 3G + 11 GB(00-12)(berlaku 30 hari) tlh diaktifkan. Paket otomatis diperpanjang pd akhir masa aktif jika kamu berlangganan paket ini",promo,spam,agtbaskara/dataset_sms_spam_v2,id
"Maaf, kamu tidak memiliki Bonus Kuota++. Dapatkan Bonus Kuota++ hingga 2GB di toko terdekat, hanya berlaku di Jawa Timur, Bali dan Lombok",promo,spam,agtbaskara/dataset_sms_spam_v2,id
"Mainkan terus games mu sekarang, dan beli koinnya pakai pulsamu, cek caranya di http://tsel.me/jajanonline",promo,spam,agtbaskara/dataset_sms_spam_v2,id
Mainkan terus gamesmu & beli sebanyak2nya apps/in-apps di Google Play Store,promo,spam,agtbaskara/dataset_sms_spam_v2,id
Masih ingat dengan Warkop DKI ? Dapatkan NSP nya GRATIS dengan akses ke *600# dan dapatkan promo gratis lainnya sesuai dengan hobimu!,promo,spam,agtbaskara/dataset_sms_spam_v2,id
Mau BONUS KEREN dari Indosat ooredoo? Ketik *345# dari HP kamu sekarang juga..!!,promo,spam,agtbaskara/dataset_sms_spam_v2,id
MAU BONUS PULSA 50% dari Indosat Ooredoo?? Ketik *345# dan call dari HP kamu sebelum 31 Mei 2016,promo,spam,agtbaskara/dataset_sms_spam_v2,id
"Mau cepat dan ga mau ribet cek pulsa & sisa kuota internetmu? Yuk download aplikasi myCare sekarang juga, atau akses di https://mycare.indosatooredoo.com",promo,spam,agtbaskara/dataset_sms_spam_v2,id
"Mau Cepat GIFT Paket/Extra Kuota Internet & ga mau ribet isi ulang Pulsa? Download aja aplikasi myCare, smuanya jadi mudah. Install di http://bit.ly/mycarepLy",promo,spam,agtbaskara/dataset_sms_spam_v2,id
"Mau download file besar tanpa putus? Bisa! Tinggal 3 hari, Gatis Mifi/modem 4G spesial untukmu Bawa sms ini ke Galeri SF & isi pulsa 100rb disana s/d 13 Jan DL 408",promo,spam,agtbaskara/dataset_sms_spam_v2,id
"Mau ekstra telpon, SMS, Internetan (S&K berlaku)? Ikuti surveu singkat tentang aplikasi musik s/d  3 September. Klik: http://tsel.me/mulu",promo,spam,agtbaskara/dataset_sms_spam_v2,id
"Mau internetan kuota BESAR dan harga MURAH? Buruan cek di *345#, penawaran ini khusus nomor kamu & cuma berlaku sebelum 16 Juli 2016",promo,spam,agtbaskara/dataset_sms_spam_v2,id
"Mau jajan? Gak usah kemana-mana sob, jajan online aja, terutama buat kamu yang suka nge games, cek http://tsel.me/jajanonline",promo,spam,agtbaskara/dataset_sms_spam_v2,id
"Mau paket data 1.5GB buat SEBULAN Cuma 20ribuan? Buruan ketik MAU ke 919, penawaran ini hanya berlaku sd 22-Jul-16",promo,spam,agtbaskara/dataset_sms_spam_v2,id
"Mau paket data Cuma 10ribuan? Buruan cek di *345#, penawaran ini hanya berlaku sebelum 1 Juli 2016",promo,spam,agtbaskara/dataset_sms_spam_v2,id
Mau Pergi Dari Hatiku nya Aliando di HP kamu? Ambil NSP GRATIS nya dengan akses ke *600# dan dapatkan promo gratis lainnya sesuai hobimu!,promo,spam,agtbaskara/dataset_sms_spam_v2,id
Merdeka Hot Sale 45%! Kuota 5GB 30Hari(Rp125rb) CUMA Rp68rb penawaran terbatas! Cek SEKARANG di *111*1# .D966,promo,spam,agtbaskara/dataset_sms_spam_v2,id
Migrasikan kartu Anda ke kartuHalo (NOMOR TETAP SAMA). DAPATKAN Paket Spesial 4GB Hanya 25rb/bulan. kunjungi GraPARI & tunjukan SMS ini.(Promo Terbatas).SKB,promo,spam,agtbaskara/dataset_sms_spam_v2,id
"Murah dan seru banget main gamesmu, pakai pulsa aja beli koinmu, cek caranya di http://tsel.me/jajanonline",promo,spam,agtbaskara/dataset_sms_spam_v2,id
MURAH! Hanya Rp25rb dptkan 2GB paket internetan utk 30hr. Kini internetan jadi semakin seru! Aktifkan segera di *550*904# promo s/d 29Feb16,promo,spam,agtbaskara/dataset_sms_spam_v2,id
"Naik Lebih Sering, Hemat Lebih Banyak bersama GRAB!  Cukup lakukan 1 perjalanan biasa dengan GRABCAR atau GRABTAXI dan kamu akan OTOMATIS mendapatkan diskon di perjalanan berikutnya! Nikmati diskon bertahap hinga 35ribu/trip, ayo coba dan buktikan!",promo,spam,agtbaskara/dataset_sms_spam_v2,id
"Nasabah YTH, rekening BTPN Wow! Anda sudah aktif. Lakukan transaksi melalui *247# menggunakan PIN rahasia Anda. Info hub 1500300.",promo,spam,agtbaskara/dataset_sms_spam_v2,id
"Nelpon MURAH hanya Rp 2500/panggilan ke MAL, SIN, Thailand, HK, China & USA dgn tekan 01016+Kode Negara+No Tujuan. Info: www.indosatooredoo.com/flatcall2500",promo,spam,agtbaskara/dataset_sms_spam_v2,id
"Nikmati Combo Wendy's Fried Chicken, nasi dan minum hanya Rp. 19.000 periode 13-19 Juni'16.Tukarkan SMS ini di Wendy's terdekat! Persediaan terbatas.Promo *606#",promo,spam,agtbaskara/dataset_sms_spam_v2,id
Nikmati Disc.40% utk Dominos Pizza Premium BIG PARTY WEEKEND.Harga Mulai Rp.48rb.Berlaku dine in/take away s/d 8 May'16.Kunjungi store terdekat/hubungi 1500366,promo,spam,agtbaskara/dataset_sms_spam_v2,id
Nikmati Discount 20% di Bakmi GM setiap hari hny dgn TCASH TAP! S&K berlaku. Info tsel.me/tappromo,promo,spam,agtbaskara/dataset_sms_spam_v2,id
"Nikmati diskon 25% tarif SLI 008 ke SEMUA NEGARA mulai pukul 00.00 sd 06.00 WIB, sd 31Agustus 13. Info lengkap ketik *122*5*4# atau www.indosat.com/iddpromo",promo,spam,agtbaskara/dataset_sms_spam_v2,id
"Nikmati Diskon Tarif Indosat 01016 & 001 hingga 70% ke 7 Negara (CHN, MLA,HKG,SNG,TWN,VTM,MACAU). Berlaku 07-28Feb13. Info : hub 100/111 atau *123# OK",promo,spam,agtbaskara/dataset_sms_spam_v2,id
Nikmati Double Internetan di jaringan Data terkuat 3GB dan 3GB (4G) dan Tlp&SMS SEPUASNYA dgn pkt Freedom Combo. Daftar *123# atau http://mycare.indosatooredoo.com,promo,spam,agtbaskara/dataset_sms_spam_v2,id
"Nikmati DOUBLE kuota PROMO 10GB(4G) di jaringan Data terkuat, UNLIMITED Nelp&SMS. 24JAM, dgn pkt Freedom Combo. Tekan *123# atau indosatooredoo.com/freedom",promo,spam,agtbaskara/dataset_sms_spam_v2,id
Nikmati EKSTRA PULSA 100% dgn isi ulang min. 50rb HANYA di aplikasi MyTelkomsel menggunakan T-Cash! Download di http://tsel.me/1 Promo s/d 11 Agst 2016,promo,spam,agtbaskara/dataset_sms_spam_v2,id
Nikmati EKSTRA PULSA 50% dgn isi ulang min. 100rb HANYA di aplikasi MyTelkomsel menggunakan Kartu Kredit VISA! Download di http://tsel.me/1 Promo s/d 11 Agst 16,promo,spam,agtbaskara/dataset_sms_spam_v2,id
Nikmati EXTRA 2GB 4G LTE + EXTRA kuota hingga 1GB midnight dg beli pkt FLASH 1GB/30hr mulai Rp 43rb di *363*49# Cek tarif di tsel.me/FL SKB,promo,spam,agtbaskara/dataset_sms_spam_v2,id
Nikmati EXTRA 2GB 4G LTE + EXTRA voucher belanja hingga 100rb dg beli pkt FLASH 1GB/30hr mulai Rp 43rb di *363*49# Cek tarif di tsel.me/FL SKB,promo,spam,agtbaskara/dataset_sms_spam_v2,id
NIKMATI INDOSAT SUPER 3G+ utk Internetan ckp 10rb/minggu dpt Kuota 225MB(50MB+Bonus 175MB jam 00-06)Kecepatan hgg3.6Mbps.tekan *123*4*1*1# syarat berlaku hub:100,promo,spam,agtbaskara/dataset_sms_spam_v2,id
"Nikmati kemudahan pembayaran iuran BPJS dgn TCASH. Cukup hubungi *800#, pilih menu pembayaran ATAU gunakan app T-Wallet di smartphone Android dan iPhone.",promo,spam,agtbaskara/dataset_sms_spam_v2,id
Nikmati nelpon dan SMS UNLIMITED ke sesama Indosat Ooredoo internetan sepuasnya 3 hari dengan paket Freedom Mini. ketik *123*88#,promo,spam,agtbaskara/dataset_sms_spam_v2,id
Nikmati nelpon dan SMS UNLIMITED ke sesama Indosat Ooredoo internetan sepuasnya 3 hari dengan paket Ramadhan Unlimited. ketik *123*88#,promo,spam,agtbaskara/dataset_sms_spam_v2,id
Nomor Anda telah diisi dengan nomor SN 6081606122581198060.,promo,spam,agtbaskara/dataset_sms_spam_v2,id
"Nomor kamu tidak memiliki Paket NetMax. Dapatkan Paket NetMax 5.5GB dan 7GB melalui hape *123#, aplikasi BimaTri, atau website tri.co.id.",promo,spam,agtbaskara/dataset_sms_spam_v2,id
Nomormu memang yang paling beruntung: Tes Identitas tersedia untukmu! Menangkan pulsa Rp10rb pada tes ke-30. Kirim SMS Y ke 99455 sekarang! Info:838 VD001,promo,spam,agtbaskara/dataset_sms_spam_v2,id
Pakai handphone XL Axiata mu langsung bisa internetan pakai XL,promo,spam,agtbaskara/dataset_sms_spam_v2,id
Pakai XL tdk perlu repot setting bisa langsung internetan. Yuk aktifkan paket Internet di My.XL.co.id sekarang.,promo,spam,agtbaskara/dataset_sms_spam_v2,id
Paket 1.5GB berhasil diaktifkan. Restart hape kamu utk dpt menikmati kuota internetan selama 90hari. Cek sisa kuota di *557*8#,promo,spam,agtbaskara/dataset_sms_spam_v2,id
Paket Anda sudah di non-aktifkan atas permintaan Anda. Penggunaan Internet anda akan di kenakan Tariff Dasar Internet sesuai skema tariff kartu Anda. Hubungi *363# untuk aktifkan Paket Internet lainnya. Info lebih lanjut www.telkomsel.com,promo,spam,agtbaskara/dataset_sms_spam_v2,id
"PAKET BRONET 24JAM 15MB 1hr sudah aktif. Nikmati 15MB berlaku di 00-23.59 aktif s.d 28-08-2016. Promo AXIS lainnya, telp *123#. Info838",promo,spam,agtbaskara/dataset_sms_spam_v2,id
"PAKET BRONET 24JAM 2GB 60hr Rp28800 akan segera aktif. Temukan penawaran menarik AXIS lainnya, telp *123#.Info838",promo,spam,agtbaskara/dataset_sms_spam_v2,id
"Paket BRONET 2GB 60hr 24jam sudah aktif. Nikmati internet 2GB berlaku hingga jam 23.59 aktif s.d 27-10-2016. Promo AXIS lainnya, telp *123#. Info838",promo,spam,agtbaskara/dataset_sms_spam_v2,id
Paket Flash anda 10 MB utk 1 hari akan berakhir pd 08/07/2016. Tarif non paket berlaku setelah tgl tsb. Info hubungi *363#. Cek Kuota *889#.,promo,spam,agtbaskara/dataset_sms_spam_v2,id
"Paket Internet BRONET 24 JAM 2GB, 60hr Kamu sudah aktif & otomatis diperpanjang 27-10-2016 jam 23:59. Info838",promo,spam,agtbaskara/dataset_sms_spam_v2,id
"Paket Internet spesial buat kamu. Internetan selama seminggu dgn kuota 1,5GB Cuma Rp10rb! Ayo segera Ketik KEBUT kirim ke 919 sd 29 Juli 2015. Jgn lupa ya",promo,spam,agtbaskara/dataset_sms_spam_v2,id
Paket Super Murah 2 pcs c strip/1 Ayam sayap+nasi+teh pucuk Rp.15.909.Tukarkan SMS ini di CFC YOGYA SUBANG hari ini!Selama persediaan masih ada.Promo *606#,promo,spam,agtbaskara/dataset_sms_spam_v2,id
"Paket super Ngebut 3.5GB, 30hr, Rp25rb Anda sudah aktif. Nikmati 500MB di 12.00:24.00 & 3G di 00:00-12:00 di 3G. Diperpanjang pada 11-Mar-2013 jam 23:59. Info 817",promo,spam,agtbaskara/dataset_sms_spam_v2,id
Paket Tsel Flash akan berakhir tgl 07/08/2016. Akan diperpanjang dg 10 MB utk 1 hari dengan harga 2500 dpt berubah sesuai lokasi anda .  Pastikan pulsa anda mencukupi. Utk berhenti berlangganan Ketik FLASH OFF ke 3636. Info detail tariff lihat di Tsel.me/internet ,promo,spam,agtbaskara/dataset_sms_spam_v2,id
Pelanggan Yth. Update informasi tarif terbaru anda di tsel.me/as atau hubungi 188 (Rp 300/call).,promo,spam,agtbaskara/dataset_sms_spam_v2,id
Pembelian Dave's Single Burger Gratis Small Fries & Minum. Periode 5-11 September 2016. Tukarkan SMS ini di Wendy's terdekat! Penawaran terbatas.Promo *606#,promo,spam,agtbaskara/dataset_sms_spam_v2,id
"PENAWARAN KHUSUS! BONUS KUOTA 500MB (1hr)! Cukup isi ulang min. 5,000 hari ini! Ayo buruan isi pulsa sekarang juga. T536",promo,spam,agtbaskara/dataset_sms_spam_v2,id
"Penawaran Spesial, Obral Paket Data 1.5 GB(00-24)+nelpon sepuasnya ke nmr Indosat hanya Rp20rb utk 1minggu.Daftar skrg ketik YA ke 929 berlaku hari ini RTX1",promo,spam,agtbaskara/dataset_sms_spam_v2,id
"Plg yth,Mohon memberikan nilai kepuasan pengalaman layanan Telkomsel ketik 1 utk bhs Indonesia & Type 2 for English send to 1166(FREE) (for int'l charged)",promo,spam,agtbaskara/dataset_sms_spam_v2,id
Promo diperpanjang! Gratis MIFI(modem) 4G hanya untukmu. Tunjukan SMS ini di Galeri Smartfren & isi pulsa 100rb utk bawa pulang MIFI favoritmu. s/d23Nov. DL40K,promo,spam,agtbaskara/dataset_sms_spam_v2,id
"PROMO POIN SPESIAL! Tukarkan 20 TselPoin Kamu dengan 20Menit, 100SMS, atau 20MB di *700*20#. Periode Promo 11-31 Juli 2016. Info hub: 188",promo,spam,agtbaskara/dataset_sms_spam_v2,id
"PROMO: Beli paket Flash mulai 1,3 GB di My Telkomsel App dpt EXTRA nelpon hingga 100mnt/1hr. Buruan, promo terbatas! S&K",promo,spam,agtbaskara/dataset_sms_spam_v2,id
"PROMO: Beli paket Flash mulai 1GB di MY TELKOMSEL APP dpt EXTRA kuota 2GB 4G LTE dan EXTRA nelpon hingga 100mnt/1hr. Buruan, cek  di tsel.me/mytsel1 S&K",promo,spam,agtbaskara/dataset_sms_spam_v2,id
"PROMO: Beli paket Flash mulai 3,5GB di My Telkomsel App dpt extra paket 1GB midnight (00-09). Buruan, promo terbatas! S&K",promo,spam,agtbaskara/dataset_sms_spam_v2,id
"PUAS Internetan, Chatting, Facebook dan nonton Video selama 30 hari hingga 1.5 GB Cuma Rp 30ribu. Beli paket di *100*1#",promo,spam,agtbaskara/dataset_sms_spam_v2,id
"quota 1,5 GB harga hanya mulai 32,5 ribu, beli paketnya di *100*1# Puas internetan selama 30 hari",promo,spam,agtbaskara/dataset_sms_spam_v2,id
"Raih smartphone, diskon merchant & free internet, voice, SMS di Promo 71 Tahun RI dengan tukar 17 Telkomsel POIN mulai 15Ags16 hanya di MyTelkomsel Apps",promo,spam,agtbaskara/dataset_sms_spam_v2,id
"RAWIT harganya miring, Internetan makin sering! AYO isi ulang kartu AXIS kamu sekarang, pastikan besok ikut promo Rabu RAWIT. Info838. LD328",promo,spam,agtbaskara/dataset_sms_spam_v2,id
"RAWIT Kuotanya Bagus, Harganya Khusus. AYO isi ulang kartu AXIS kamu sekarang, pastikan besok ikut promo Rabu RAWIT. Info838. LD299",promo,spam,agtbaskara/dataset_sms_spam_v2,id
"Ribet bolak balik cek pulsa&cek sisa kuota internetmu? Download aja aplikasi myCare, hanya 1x klik semua jadi mudah. akses di https://mycare.indosatooredoo.com",promo,spam,agtbaskara/dataset_sms_spam_v2,id
Rp29rb/bln utk 3 bln (hrg normal Rp59rb utk bln ke-4 dst) bisa NELPON & SMS SEPUASNYA ke IM3 plus kuota 1+1GB(4G)+10GB (4G).Mau? Ketik YA ke 919 sd 21 Juni 2016,promo,spam,agtbaskara/dataset_sms_spam_v2,id
Rp30rb/bln utk 3 bln (hrg normal Rp59rb utk bln ke-4 dst) bisa NELPON & SMS SEPUASNYA ke IM3 plus kuota 3GB+10GB (4G).  Mau? Ketik YA ke 919 sd 05-Aug-16,promo,spam,agtbaskara/dataset_sms_spam_v2,id
Saatnya pindah ke jaringan 4G TERCEPAT. Tukar kartu Anda di Gerai IndosatOoredoo Jl.Jend Soedirman-Purwokerto &dptkn bns Rp25rb (utk Nelp/SMS ke IndosatOoredoo),promo,spam,agtbaskara/dataset_sms_spam_v2,id
Segera aktivasi rekening BTPN Wow! anda. Ketik *247# tekan Yes / Call lalu buat PIN rahasia Anda. Info lengkap hub. 1500300,promo,spam,agtbaskara/dataset_sms_spam_v2,id
Selamat Anda mendapatkan voucher Berrybenka Rp100rb. Masukkan kode voucher TW96d saat transaksi di www.berrybenka.com/simPATI. Mau voucher lain? Hub *999*1#,promo,spam,agtbaskara/dataset_sms_spam_v2,id
Selamat Anda mendapatkan voucher Lazada Rp100rb. Masukkan kode voucher TSt88 saat transaksi di www.lazada.co.id/simPATI. Mau voucher lain? Hub *999*1#,promo,spam,agtbaskara/dataset_sms_spam_v2,id
Selamat Anda mendapatkan voucher Zalora Rp100rb. Masukkan kode voucher TSU59 saat transaksi di www.zalora.co.id/simPATI. Mau voucher lain? Hub *999*1#,promo,spam,agtbaskara/dataset_sms_spam_v2,id
Selamat Anda telah mendapatkan BONUS pulsa Rp 100.000 ke sesama Indosat Ooredoo berlaku 3 hari dan Poin senyum Anda bertambah. Cek bonus *557*8#,promo,spam,agtbaskara/dataset_sms_spam_v2,id
"Selamat bergabung di Tri, nikmati kuota 3GB utk 30 hari.Kuota akan diperpanjang otomatis selama pulsa cukup. Nikmati bonus kuota berlipat hingga 1GB setiap perpanjangan. Kartu otomatis menjadi non-aktif jika dlm waktu 3 bln tdk ada aktivitas sama sekali",promo,spam,agtbaskara/dataset_sms_spam_v2,id
Selamat Paket 50 SMS ke semua operator Anda telah aktif. Cek kuota di *888#,promo,spam,agtbaskara/dataset_sms_spam_v2,id
Selamat Paket Anda telah aktif. Cek kuota di *889#,promo,spam,agtbaskara/dataset_sms_spam_v2,id
Selamat Paket BBM Gratis Anda telah diaktifkan. Paket BBM ini berlaku untuk 30 hari,promo,spam,agtbaskara/dataset_sms_spam_v2,id
"Selamat Paket Flash 10 MB (1 hari) Rp.2500 telah diaktifkan, berlaku s/d tgl 07/08/2016 pk. 23:59 WIB. Paket langsung diperpanjang pada akhir masa aktif paket dengan tarif sesuai lokasi Anda. Cek status/berhenti berlangganan melalui *363#. Info detail tarif lihat di Tsel.me/internet",promo,spam,agtbaskara/dataset_sms_spam_v2,id
"Selamat tambahan Flash Anda sudah aktif, berlaku s.d. 2016-08-07 23:59:59.",promo,spam,agtbaskara/dataset_sms_spam_v2,id
"Selamat! Anda berhak membeli PAKET PAS untuk Nelpon, SMS, Internetan, Video, dan NSP. Pilih paketnya MULAI Rp500 di *100*999#, hanya berlaku HARI INI! Info: 188",promo,spam,agtbaskara/dataset_sms_spam_v2,id
Selamat! Anda sudah mengaktifkan INSTINK utk dpt info menarik dari Telkomsel. Info berhenti program:*600*600#. CS:133/188,promo,spam,agtbaskara/dataset_sms_spam_v2,id
Selamat!!anda telah mendapat gratis 200 sms dari SMSGIFT dari no. 6285258952502. Info CS : 133/188,promo,spam,agtbaskara/dataset_sms_spam_v2,id
"Selamat, Anda mendapatkan kuota Tsel sebesar 100SMS. Cek kuota melalui *889#. Info: www.telkomsel.com",promo,spam,agtbaskara/dataset_sms_spam_v2,id
"Selamat, Anda telah membeli Paket Combo Kenyang  Internet As. Cek bonus di *889#.",promo,spam,agtbaskara/dataset_sms_spam_v2,id
Sensasi seru main game yang belum pernah ada. Ayo bergabung dengan para heroes di Game HIT. Download Gratis di http://bit.ly/2c6jsXN,promo,spam,agtbaskara/dataset_sms_spam_v2,id
"Seru banget main 8 Ball Pool, pakai pulsa bisa banget loh Bro untuk beli koin games lainnya, cek caranya di http://tsel.me/jajanonline",promo,spam,agtbaskara/dataset_sms_spam_v2,id
Smartfren Gratis Mi-Fi/modem 4G Tahun baru saatnya ganti gadget baru Bawa pulang Mi-Fi 4Gm-mu dg tunjukan sms ini ke Galeri SF & isi pulsa 100rb disana s/d 13Jan Info:888,promo,spam,agtbaskara/dataset_sms_spam_v2,id
"Special PROMO! BONUS KUOTA 500MB (1hr)! Cukup isi ulang mulai dari 5,000 hari ini! Ayo buruan isi pulsa sekarang juga. T580",promo,spam,agtbaskara/dataset_sms_spam_v2,id
"Spesial untuk Anda! Paket Flash Volume Ultima, kuota 1,8GB/30hr, kuota lebih banyak! Harga mulai Rp60rb di *100*473#. Tarif&lokasi cek di tsel.me/FL",promo,spam,agtbaskara/dataset_sms_spam_v2,id
Spesial untuk Anda! Paket Internet Hemat Kuota berlimpah. Hanya Rp35 Ribu kuota 2.5 GB/30 hari. Aktifkan sekarang juga di *550*905#. Buruan..! SKB,promo,spam,agtbaskara/dataset_sms_spam_v2,id
"SPESIAL utk kamu pelanggan setia Indosat Ooredoo. Bonus 14 hari masa aktif, 10 menit telp dan 100 SMS, CUMA isi ulang s/d 16 Desember 2015. (bonus berlaku 1x)",promo,spam,agtbaskara/dataset_sms_spam_v2,id
"Sticker LINE yang lucu-lucu banyak banget loh, beli yuk dengan pulsamu, gampang banget, coba yuk",promo,spam,agtbaskara/dataset_sms_spam_v2,id
"SUPER Wow! Gratis 12 GB buat kamu, ckup dgn isi pulsa minimun Rp 100 Ribu s.d 22 November. Hanya berlaku satu kali kesempatan & berlaku akumulasi loh! TL053C",promo,spam,agtbaskara/dataset_sms_spam_v2,id
"Tambahan THR dr MatahariMall. Kode THR6 utk Diskon 6% Elektronik, kode THR15 utk Diskon 15% Lifestyle, kode THR25 utk Diskon 25% Fashion. http://mthr.ml/TSELTHR",promo,spam,agtbaskara/dataset_sms_spam_v2,id
Terima Kasih telah menggunakan Paket Data dari Indosat. Info detail tekan *123#,promo,spam,agtbaskara/dataset_sms_spam_v2,id
"Terima kasih telah menjadi pelanggan setia Indosatooredoo. Download Video + BONUS GRATIS Nelpon 60 Menit, hubungi *900*8#",promo,spam,agtbaskara/dataset_sms_spam_v2,id
"Terima kasih telah menjadi Sahabat IndosatOoredoo, dapatkan Video & Game seru + Gratis telp di *323*2#",promo,spam,agtbaskara/dataset_sms_spam_v2,id
"Terima kasih telah menjadi Sahabat IndosatOoredoo. Kenalan tanpa batas dan BONUS GRATIS NELPON 60 menit, hub *955*1# lalu YA/OK",promo,spam,agtbaskara/dataset_sms_spam_v2,id
Terima kasih telah menjadi Sahabat IndosatOoredoo. Mau tahu RAHASIA2 TERHEBOH ARTIS-ARTIS TOP + bonus gratis nelpon 60 menit?Tlp *700*1#,promo,spam,agtbaskara/dataset_sms_spam_v2,id
"Terima kasih telah menjadi Sahabat IndosatOoredoo. Download Video + BONUS GRATIS Nelpon 60 Menit, hubungi *900*8#",promo,spam,agtbaskara/dataset_sms_spam_v2,id
"Terima kasih tlh melakukan isi ulang tgl. 20.02.2016. GRATIS NELPON 60Menit+VIDEO, tekan *900*9# lalu YES/OK",promo,spam,agtbaskara/dataset_sms_spam_v2,id
"Terkini, ungkapin apa yang ada dipikiranmu lewat sticker line, beli pake pulsa TSel https://store.line.me/ download di stickershop",promo,spam,agtbaskara/dataset_sms_spam_v2,id
Terus Isi saldo TCASHmu dan nikmati aneka promo di merchants partner TCASH! Cek promo terbaru TCASH di tsel.me/tappromo,promo,spam,agtbaskara/dataset_sms_spam_v2,id
Thank you for your appreciation & trust in using Telkomsel service. For further feedback please advice & text sms to 1166 (FREE)(for int'l charged),promo,spam,agtbaskara/dataset_sms_spam_v2,id
Tingkatkan nilai isi ulang Anda selanjutnya minimal Rp10ribu untuk bisa mendapatkan Paket MURAH PAS di *100*999#. Info 188.,promo,spam,agtbaskara/dataset_sms_spam_v2,id
Tri berBAGI bonus PULSA di bulan pernuh berkah! Isi pulsa min. 5rb dapet bonus pulsa 10rb utk nelp ke nmr Tri! Hanya hari ini saja! Ayo buruan isi pulsa! T496,promo,spam,agtbaskara/dataset_sms_spam_v2,id
"TrmKsh Anda Tlh Berhasil Mengisi Pulsa SMARTFREN 10.000.Mau Jualan PULSA/BAYAR LISTRIK,SPEEDY/TELKOM Hub:Agen BAROKAH/Mp Reload.Pasti untung?",promo,spam,agtbaskara/dataset_sms_spam_v2,id
Udah top up coins di LINE utk beli sticker atau themes? Beli skrg jg pake pulsa utk tambah koleksi-mu! Cek caranya di http://tsel.me/jajanonline,promo,spam,agtbaskara/dataset_sms_spam_v2,id
"Use my invite code, nxmvf722ue, and get a free ride up to Rp75,000. Redeem it at https://www.uber.com/invite/nxmvf722ue",promo,spam,agtbaskara/dataset_sms_spam_v2,id
Wow! Diskon 50% utk pembelian paket Flash 6GB + BONUS 60Menit CUMA Rp60rb utk 30hr di *999*606# SEKARANG! Tunggu apalagi buruan! S&K berlaku,promo,spam,agtbaskara/dataset_sms_spam_v2,id
Wow! Promo diperpanjang sd 13 Agt. Khusus kamu! Tukar HP Smartfrenmu dengan Andromax E LTE Cuma 709rb dr 999rb. Ayo datangi Gallery Smartfren terdekat.,promo,spam,agtbaskara/dataset_sms_spam_v2,id
"Yang lain penuh batasan,kami beri kebebasa n. DOUBLE KUOTA BONUS 10GB(4G), UNLIMITED Nelp&SMS, Musik streaming gak pakai Kuota!cuma dg FREEDOM COMBO. Daftar*123#",promo,spam,agtbaskara/dataset_sms_spam_v2,id
Yuk dengerin secara langsung update keseharian Seleb dr Blog Suaranya! Tlp *5094* GRATIS 3hr lalu Rp2500/mgg.CS:838. VAS280,promo,spam,agtbaskara/dataset_sms_spam_v2,id
"Yuk INTERNET-an NGEBUT utk akses FB, Twitter, & Chatting dgn beli Paket Flash 500MB/7hr (sesuai zona lokasi) mulai Rp25rb di *100*433# cek tarif di tsel.me/FL",promo,spam,agtbaskara/dataset_sms_spam_v2,id
"Yuk temen belanja di google play, mudah banget loh, pakai pulsa juga bisa, http://tsel.me/jajanonline",promo,spam,agtbaskara/dataset_sms_spam_v2,id
"Yuk tetap gunakan Flash Volume Ultima utk update informasi Anda, kuota 60MB/7hr mulai Rp7rb di *100*431#. Tarif&lokasi cek di tsel.me/FL",promo,spam,agtbaskara/dataset_sms_spam_v2,id
Mau nonton bioskop gratis bersama keluarga? Cigna berikan khusus untuk Anda. Tunggu telepon dari kami. Info Cigna Klik bit.ly/tentangCIGNA,promo,spam,agtbaskara/dataset_sms_spam_v2,id
Yuks internetan seru-seruan dg Flash Volume Ultima kuota 1.8GB/30hr mulai dari Rp60rb sesuai zona lokasi. Hub *363*145#. Info tarif & lokasi lihat di tsel.me/FL,promo,spam,agtbaskara/dataset_sms_spam_v2,id
"Jika anda bermasalah dgn CC/KT@, stres dgn bunga, pelunasan disc s/d 75%. Hub: ATY 082134976289(wa)/087888869297. LEGAL",penipuan,spam,agtbaskara/dataset_sms_spam_v2,id
"Lelah byr min payment? Kami Solusinya, bantu secara LEGAL penutupan CC/KTA, dscn 50-75%. Hub.LoLyta 081316523061/087822962308 (WA). LEGAL",penipuan,spam,agtbaskara/dataset_sms_spam_v2,id
"Dana Tunai (KTA) bunga 0,99% hingga 300 jt. Syarat KTP & CC.
Bisa Dgn BPKB rate 0.99% 3 hari CAIR . hub AYU 081584650877 (WA).mhn maaf bila menggangu",penipuan,spam,agtbaskara/dataset_sms_spam_v2,id
"“ROXI CELL” Hanya dengan Rp.100rb Anda bisa jadi agen pulsa elektrik ke semua Operator GSM/CDMA,v5=4300,v10=8300,Utk daftar ketik MTRONIK kirim ke 087870870707",penipuan,spam,agtbaskara/dataset_sms_spam_v2,id
3 RAMADHAN Selamat Anda Pemenang Rp.100jt. PIN CODE 7Y7R8K9Z Info: www.hadiah-3ramadhan.blogspot.com   ,penipuan,spam,agtbaskara/dataset_sms_spam_v2,id
Anda brminat cash&kredit mtor scond brg istmwa tipe&merk apa sj.dsini mnyediakn 50 unit dr thn 2004 keatas hub 087739124242/085743146233 MS DEDIKTP luar yk bs.,penipuan,spam,agtbaskara/dataset_sms_spam_v2,id
ANDA MAU MENANG TOGEL 100% Tembus pasang shio 7 tunggal angka 07.31.19.43....ingat maharnya pulsa 100rb dikirim ke no 0823...xxx khusus putaran SGP SENIN,penipuan,spam,agtbaskara/dataset_sms_spam_v2,id
Anda mempunyai 3 pesan suara dari 083139195872; untuk mendengarkan pesan suara anda silahkan tekan *886*10000*083139195872# tekan OK/YA. Bebas biaya. Terima kasih,penipuan,spam,agtbaskara/dataset_sms_spam_v2,id
Anda pmain togel sring kalah.mau bagi hasil. MBAH JOKO bisah mbntu anda SIO/ANGKA dari RETUWAL Berminat. Hub : MBAH JOKO.di. 085217984299 Dijamin 100% tembus,penipuan,spam,agtbaskara/dataset_sms_spam_v2,id
"ANEKA SHOP Berbagi Promo Type Blackberry DAKOTA 2,4 jt, TOURCH 1,7 jt, ONIX.2 1,5 jt, GEMINI 800 rb, U/Pemesanan 085325557999 Pin BB-2A96DE82 www.aneka999.blogspot.com",penipuan,spam,agtbaskara/dataset_sms_spam_v2,id
Anyonghaseyo! Ngaku KPOPers Sejati?? Ayo lengkapi koleksi Video Kpopmu di http://kpop.xl.co.id. Skrg Harga video lebih murah loh! Info*123*2200#,penipuan,spam,agtbaskara/dataset_sms_spam_v2,id
"Artha Cell diskon Brg elektronik BB Dakota 3 juta BB Onyx3 2,8 jt Camera DLL HUB Sms ke : 085335875777 Pin BB 28BDDF4D www.arthajaya-cell.blogspot.com",penipuan,spam,agtbaskara/dataset_sms_spam_v2,id
"Ass, mengenai rumah dan tanah yg kemarin, sy sdah survei, sy mrasa cocok, untuk nego harga hubungi atau sms suami saya, pak. haji. dermawan; 085796022225.",penipuan,spam,agtbaskara/dataset_sms_spam_v2,id
"Ass, Sy Randy. Mengenai mobil yg sdh sy liat kondisi'y , kebetulan kami berminat. Mohon hub Bapa sy utk dibicarakan hrg netnya; Dr.H.DARMAWAN 0812xxxxxxx",penipuan,spam,agtbaskara/dataset_sms_spam_v2,id
"Ass,maaf sy WAHYU.mengenai Mobil bpk yg mau di jual sy sudah lihat dan cocok, Untuk nego hrg silahkan Hub saudara sy di 081219550857 dgn pak JUSMAN SAFEI (TP)",penipuan,spam,agtbaskara/dataset_sms_spam_v2,id
Ass. Maaf sy by hj.suri yang kemarin survey rumah anda. Mengenai harga bisa hub suami saya H. SIGIT tlp 081316005639.terima kasih,penipuan,spam,agtbaskara/dataset_sms_spam_v2,id
"Ass.sy SUGIYONO yg tempo hari mngenai mobil TOYOTANYA,sy brminat,cocok,tlong hub sodara sy dlu,untuk negosiasi harganya. A/N;ABDULLAH HP;081389909777",penipuan,spam,agtbaskara/dataset_sms_spam_v2,id
"Assalamu alaikum,saya RESKI dr Costumer Servis TRI PLAZA SEMANGGI lt.1 JL.jend sudirman jkt pst sdh m-hubungi anda waktu pengundian di lakukan tapi no.anda tdk tersambung, jd kami krimkn lwt SMS sebelum jatuh tempo, bahwa no.anda menang undian dr TRI 2014 jenis hadiah 1unit mobil SUZUKI ERTIGA NEW,dengan PIN 2D45CS77, jadi silahkan cek terlebih dahulu di website; www.tricare.jimdo.com /hub; 021-40161777 / 08994179888 ",penipuan,spam,agtbaskara/dataset_sms_spam_v2,id
"Assalamu alaiqum, nenek masuk rumah sakit tolong kirimkan dulu ulsa 50 ribu di nomor ini 0852 3173 7479, mau telpon nanti di rumah sakit saya ganti uangnya.",penipuan,spam,agtbaskara/dataset_sms_spam_v2,id
ayah isikan pulsa xl 50rb di no 0818643929 sekarang penting,penipuan,spam,agtbaskara/dataset_sms_spam_v2,id
"Bapak tukokno pulsa AS ndisek 20ribu iki nmrku anyar 085316079211 cepet saiki tak enteni,penteng bpk ada msalah dikantor polisi,jangan dulu sms/tlp",penipuan,spam,agtbaskara/dataset_sms_spam_v2,id
"BELANJA ONLINE Promo Disc 50% BB Dakota 2,8jt BB Onyx3 2,2jt BB Z10 3,5jt DLL, Info/sms: 085775102735 PIN:BB.2A03F3F2 Atau Klik: www.jaya-olshop.blogspot.com",penipuan,spam,agtbaskara/dataset_sms_spam_v2,id
BELANJA ONLINE TOKO RESKY DISCON 50% BB LAPTOP SAMSUNG IPAD NOKIA DLL U/pemesanan/order  call/sms 085322222699 kunjungi web kami di www.reskiy-shop.blogspot.com,penipuan,spam,agtbaskara/dataset_sms_spam_v2,id
Belikan dulu mama pulsa simpati 20 ribu ini nomor barunya mama 081223052854. kalau bisa kirim sekarang secepatnya penting. Ini hpnya orang mama pinjam,penipuan,spam,agtbaskara/dataset_sms_spam_v2,id
"Bella bingung bang mau nulis apa, daripada aq nulis panjang2 tapi serba salah, mending langsung ngobrol di tlpn aja deh bang ini no telp aq 0809-100-xxxx :)",penipuan,spam,agtbaskara/dataset_sms_spam_v2,id
"berkah 1000 poin"" Nomor Anda mndpt Hadiah ke-I Pin d377hi8, silahkan verifikasi Pin Pemenang di situs resmi www.berkah1000poin.wix.com/prize",penipuan,spam,agtbaskara/dataset_sms_spam_v2,id
"Berkat isi ulang pulsa No anda T,pilih sbg pemenang Cek tunai Rp.75jt dri PT.M-KIOS PIN:(5N939F7) U/INFO KLIK www.pt-mkios15.blogspot.com",penipuan,spam,agtbaskara/dataset_sms_spam_v2,id
Berkat isi ulang pulsa No Anda Terpilih sbg Pemenang kejutan tri Men-dpt cek TUNAI 100jt dr PLANET-3CARE PIN:b8337h9 cek hadiah anda di www.planet-3care2015.blogspot.com,penipuan,spam,agtbaskara/dataset_sms_spam_v2,id
"BIG SALE !!! DISCOUND 40% Z10-4,4jt IPHONE 5 32GB-3,7jt S.NOTE 2-3,8jt CAMERA, LAPTOP dll PIN BB 28AB8391 Call/sms: 0897-9844-777 Kunjungi www.indracell.com",penipuan,spam,agtbaskara/dataset_sms_spam_v2,id
"BIG SALE 50% SINAR Blackberry -Z10 Rp.3,8jt -Dakota Rp 2,8jt -Tourch Rp 2jt -Davis Rp950 rb Infohub/sms: -089664054777 -297CCFA7 www.snr-bb.blogspot.com",penipuan,spam,agtbaskara/dataset_sms_spam_v2,id
"Blackberry City Jual Blackberry Discond 40% Dakota 2,5jt Torch2 2,2jt Onyx3 2,1jt Davis 1,3jt Gemini 3G 1,1jt U/info Hub: Ibu.Anita 081315277257 PIN BB:29762D76",penipuan,spam,agtbaskara/dataset_sms_spam_v2,id
"BLACKBERRY ONLINE BIG SAL 50% BB Z10 Rp. 4 jt DAKOTA Rp.2,8 jt Samsung note II Rp. 3 jt Iphone 5 16GB Rp. 3jt Laptop,camera&DLL Minat, Invite to BBM PIN : 25A4FF8C",penipuan,spam,agtbaskara/dataset_sms_spam_v2,id
Bpk/Ibu Mengenai Rekening Anda Terpilih Sebagai Pemenang  Cek 35jt Dri BNI U/Info klik www.promobni46.tk Kode Cek 03299757 Hub.085288991559,penipuan,spam,agtbaskara/dataset_sms_spam_v2,id
"Bpk/Ibu Yth, Pemilik No.08994150xxx PIN Undian:4881247 Resmi m-dptkan Rp.15jt Cs: 02199545139 atau Klik: 3care2016.com",penipuan,spam,agtbaskara/dataset_sms_spam_v2,id
"BPR SYARIAH di Yogya siap melayani pembiayaan usaha anda.syarat:copy KTP,KK,Buku Nikah, cukup dg jaminan bpkb.sertipikat,proses survey cepat hub: 082133271400",penipuan,spam,agtbaskara/dataset_sms_spam_v2,id
"Butuh Dana Tunai Cepat 25-250 Juta Dgn Bunga Rendah 1,35% Flat/Bln Proses Dijamin 3 Hari Syarat Mudah Info Ibu YANI : 081218986001",penipuan,spam,agtbaskara/dataset_sms_spam_v2,id
CAHAYA TRAVEL TIKET Murah & promo untuk penerbangan Domestic & Internasional ONLINE BOOKING 24 jam hub 081310537888 kelik www.cahayatourtravel.com,penipuan,spam,agtbaskara/dataset_sms_spam_v2,id
"Casino online terbesar, www.jayabet4.com , daftarkan diri+ Raih bonus referral+ bonus cashback sportsbook 0.25% setiap minggu. Mainkan di Smartphone dan PC anda",penipuan,spam,agtbaskara/dataset_sms_spam_v2,id
Dapatkan E-TICKET Promo untuk penerbangan DOMESTIK & INTERNASIONAL melalui Via Online mudah & aman. Hub ; 085285485509 klick. www.mhegatravel.com,penipuan,spam,agtbaskara/dataset_sms_spam_v2,id
Dapatkan e-Tiket Murah & Promo Untuk Penerbangan Domestic & International BOOKING ONLINE Info Hub: 085216181177 www.surya-travel.jimdo.com,penipuan,spam,agtbaskara/dataset_sms_spam_v2,id
"Dapatkan Segera TIKET Murah & Promo DiTRAVEL Kmi,Untuk Penerbangan Domestik & Internasional ONLINE BOOKING 24 Jam Anda Berminat Hub:085318303276",penipuan,spam,agtbaskara/dataset_sms_spam_v2,id
dapatkan total hadiah ratusan juta rupiah di Kota 1000 Berkah. Caranya? Klik www.murahituim3.com/kota1000berkah Program s.d 9 Agustus 2013,penipuan,spam,agtbaskara/dataset_sms_spam_v2,id
Daptkn e-TIKET pesawat PROMO melayani Domestik and internasional booking ONLINE cepat & aman hub: 085217845777/082310204777 Link www.citiling-travel.com,penipuan,spam,agtbaskara/dataset_sms_spam_v2,id
"De inih bapa pake no temen, tolong kirimin pulsa ke no inih soalnya penring banget, nanti di rumah digantiin",penipuan,spam,agtbaskara/dataset_sms_spam_v2,id
"Di sini saja uangnya ditransfer ke rek Bank xxx (4413-0100-0226-XXX) A/N xxx, kalau sudah SMS di no ini 085215113xxx",penipuan,spam,agtbaskara/dataset_sms_spam_v2,id
"Di transfer saja Uang'nya ke rekening BNI ini, a/n. ISMAWATI. Rek: 0248147033. SMS saja klo sdh kirim.",penipuan,spam,agtbaskara/dataset_sms_spam_v2,id
"Dijual ticket SUPER JUNIOR TGL 28/29 APRIL dan LADY GAGA TGL 03 JUNI harga Gold=2,25jt tribun3=1,25jt info hub;0853-9937-1888 lady-ticket.webs.com",penipuan,spam,agtbaskara/dataset_sms_spam_v2,id
Dptkan e-tiket Promo Untuk Penerbangan Domestic & Internasional Booking ONLINE 24 jam Info Hub : 081316899123,penipuan,spam,agtbaskara/dataset_sms_spam_v2,id
"Gebyar poin plus-plus INDOSAT Edisi 2013 priode ke'9, No PIN undian anda (d377hi8) Resmi meraih hadiah, utk info; www.gebyarINDOSATpoinplus.weebly.com",penipuan,spam,agtbaskara/dataset_sms_spam_v2,id
GEBYAR telkomselpoin 2013 no anda trpilih pemenang ke-4 pin 277fg49 silahkan verifikasi pin anda disitus resmi www.t-selpoinhadiah.jimdo.com,penipuan,spam,agtbaskara/dataset_sms_spam_v2,id
"Gratis 120 menit Nelpon ke Sesama Indosat, 120 SMS ke Sesama Indosat&12 MB Internet slma 12 JAM tiap Isi Ulang 12 Rb.IsiUlang pulsamu 12Rb &Nikmati GRATISANnya",penipuan,spam,agtbaskara/dataset_sms_spam_v2,id
GRATIS 50 SMS ke sesame indosat selama 2 hari. Hanya dengna mengirimkan 50 SMS selama 10-16 Juni 2013. Bonus 1x diberikan maks 2x24jam. Info 100. US6,penipuan,spam,agtbaskara/dataset_sms_spam_v2,id
GRATIS internetan 5MB berlaku utk 7 hari hanya dg isi ulang AXISmu hari ini Rp5.000. Ayo isi ulang sekarang juga & nikmati bonusnya. Info838,penipuan,spam,agtbaskara/dataset_sms_spam_v2,id
"GRATIS Internetan hg 1000 MB, Nelpon 1000 Menit & 1000 SMS ke Sesama Indosat dg IsiUlang mulai 10Rb.Utk daftar ketik GRATIS kirim ke 123 (GRATIS) lalu isi Ulang",penipuan,spam,agtbaskara/dataset_sms_spam_v2,id
"GRATIS PULSA hingga 250rb selama 7Hari 7Malam CUMA dg isi ulang mulai 10rb. Daftar SEGERA, ketik: GRATIS krm ke123(Reg ckp 1kali)Info: ketik INFO krm ke 123",penipuan,spam,agtbaskara/dataset_sms_spam_v2,id
"GT-SHOP Disc.41% BB Z10 3jt BB Torch 2jt BB Davis 1jt Minat? Galaxy S4 3,5jt Cp.08994352577 Pin.25A1785B Gili-SMS versi Demo. Http://www/yusiwa.com",penipuan,spam,agtbaskara/dataset_sms_spam_v2,id
Guntur ingin berhubungan di Facebook:http://fb.com/l.1lnzH4p0lCM7ruG Balas “stop” unruk berhenti menerima sms Facebook.,penipuan,spam,agtbaskara/dataset_sms_spam_v2,id
Hi Trims kmu udh gabung layanan Bung Gita Bicara Bola!Dpt info menarik n Prediksi Akurat dr Bung Gita! 3info/mg 2rb/sms.Stop: unreg Gita ke 3450.CS:0215649770,penipuan,spam,agtbaskara/dataset_sms_spam_v2,id
"HQUARTERS Business Residence Lokasi Emas-ASIA AFRIKA Bdg Hrg Prelaunch,PROFIT 140%,ROI 10%/thn Bs LIBUR Byr 2Th TSM 21Des-3Jan www.hquarters.co.id 085794074188",penipuan,spam,agtbaskara/dataset_sms_spam_v2,id
"INDOMARCOCELL Menawarkan jdi agenPULSA MKIOS 1CHIP ke semua Oprator harga; V.5=4000, V.10=8000, V.20=16000, Cara gabung ketik:DAFTAR kirim ke 08977628977 #Melukiskan rasa ku tentang kita..",penipuan,spam,agtbaskara/dataset_sms_spam_v2,id
INDOSATpoin Plus-plus 2013 SELAMAT SimCard +6281571xxxx Resmi Terpilih M-dpt HADIAH Pin-b89c7h9-di Sahkan Oleh PT.INDOSAT info klik www.infoindosatpoin.webs.com,penipuan,spam,agtbaskara/dataset_sms_spam_v2,id
"INDOVISON PROMO: hanya 299 rbu, nikmati 2 bln berlangganan, GRATIS biaya pasang+bonus cinema 3 (3bln). hub : 087738718255, 08555796717 PIN BB 32F1C805",penipuan,spam,agtbaskara/dataset_sms_spam_v2,id
"INFO PT.M-KIOS hsil pengundian berkat isi pulsa, Selamat No.HP 0852952xxxxx m-dpt Hadiah PIN Pemenang anda 94ad653 Info klik www.berkat-isiulang-pulsa.webs.com",penipuan,spam,agtbaskara/dataset_sms_spam_v2,id
INFO RESMI !! Selamat Anda Terpilih sbgi Pemenang' semarak Undian PT.INDOFOOD INDONESIA No pin: d377hi8 Info Pin&hadiah Klik:www.semarak-undianpopmie.webs.com,penipuan,spam,agtbaskara/dataset_sms_spam_v2,id
INFO RESMI kepada bpk/ibu yang terhormat SELAMAT No ANDA Pemenang ke 2dari pesta isi ulang 3care No PIN:25e477r di undi tadi malam pkl 22:30 di SCTV U/info hadiah anda klik Www.3care16.blogspot.com,penipuan,spam,agtbaskara/dataset_sms_spam_v2,id
INFO RESMI kepada/bpk/ibu yang terhormat SELAMAT No ANDA Pemenang ke 2dari pesta isi ulang 3care. No PIN:25e477r di undi tadi malam pkl 22:30 di SCTV U/info hadiah anda klik Www.tricare16.blogspot.com,penipuan,spam,agtbaskara/dataset_sms_spam_v2,id
"INFO RESMI PT.INDOFOOD No.Anda t'dftr pemenang UNDIAN POP MIE edisi 2013 Mndptkn 1unit ""NISSAN JUKE"" PIN;a1c5h79 info,kunjungi;www.popmieget.webs.com",penipuan,spam,agtbaskara/dataset_sms_spam_v2,id
INFO RESMI PT.INDOFOOD slmt No.anda T.dftar pmnang ke2.POP MIE 2013 Meraih HADIAH 1 Unit 'NISSAN JUKE' dgn pin;12xb9v2 U/info kunjungi www.popmie200.webs.com,penipuan,spam,agtbaskara/dataset_sms_spam_v2,id
INFO RESMI PT.TRI CARE PIN Pemenang ( 8jf2177 ) anda m-dptkan HADIAH I unit TOYOTA YARIS U/Info cek pin klik: www.tricare2015.blogspot.com,penipuan,spam,agtbaskara/dataset_sms_spam_v2,id
Info resmi pt.tri care pin pemenang (8jf2177)  Simcard anda resmi mendapatkan hadiah 1 unit toyota yaris dari no 08968594××××,penipuan,spam,agtbaskara/dataset_sms_spam_v2,id
INFO RESMI PT.TRI.3 SimCard anda Resmi M-dptkan Hadiah MOBIL MAZDA-2 KODE PIN: E2747MLB Info Hub: 08996913677 KLIK: www.inforesmi3care.com,penipuan,spam,agtbaskara/dataset_sms_spam_v2,id
INFO RESMI SELAMAT!!! NO simCARD Anda Men_dptkn Uang Tunai Rp 45jt. Dr PT.INDOSAT PIN(TBL48VG) info Hub: 085694961118 A/u klik www.indosat-info2013.jimdo.com,penipuan,spam,agtbaskara/dataset_sms_spam_v2,id
INFO RESMI Tri Care SELAMAT Nomor Anda terpilih mendapatkan Hadiah 1 Unit MOBIL Dri Tri Care Dengan PIN Pemenang: br25h99 info: www.gebeyar-3care.tk,penipuan,spam,agtbaskara/dataset_sms_spam_v2,id
"INFO RESMI: PT.INDOFOOD Selamat Anda M-DPT MOBIL NISSAN JUKE, Kejutan Pop Mie. PIN:2F5C4D7 HUBUNGI:085715023547 DRS.H.NALDISUPARMAN www.gebyarpopmie40.webs.com",penipuan,spam,agtbaskara/dataset_sms_spam_v2,id
"INFO. DANA TUNAI TANPA JAMINAN 20 - 250 JUTA, BUNGA 1,50%, SYARAT PEMILIK KARTU KREDIT PROSES 3 HARI KERJA CALL. FIRLI 021 93417219",penipuan,spam,agtbaskara/dataset_sms_spam_v2,id
"INFO. pinjaman tanpa agunan 10 - 150 jt, Standart Chartered Bank syarat copy KTP, copy kartu kredit, RESMI, MINAT hub : akbar > 021 98391114 / 085714664427 , trimksh.",penipuan,spam,agtbaskara/dataset_sms_spam_v2,id
"INFO:jk anda mau jual Rmh,tanah,mobil,produk/jasa dll PROMOSIKAN sj dg SMS MASSAL biasa hny Rp. 50.000untuk sebar ke10.000 no HP(2jam) hub: 0877399155579 jogja",penipuan,spam,agtbaskara/dataset_sms_spam_v2,id
"Ingin Tahu Angka Jitu! Yg Keluar Putaran Pada Hari ini 20/01/2013 Hubungi : 082-335555-454. mbah TOGEL semarang ""Jamin 100% Tembus"" Raja SHIO (Buka 24 Jam)",penipuan,spam,agtbaskara/dataset_sms_spam_v2,id
"Ini bpk pnjam hp orng, tlng bliin bpk pls 50rb, krm ke nomr brunya bpk=081215008228, bpk lagi ada msalh di kantor polisi, jgn tlp/sms nnti bpk yg tlp, penting",penipuan,spam,agtbaskara/dataset_sms_spam_v2,id
"Ini bpk tolong belikan dulu pulsa 20ribu di no barunya bpk karna lagi ada masalah di kantor polisi dan jangan dulu tlp/sms nanti bpk yg tlp, penting.",penipuan,spam,agtbaskara/dataset_sms_spam_v2,id
Ini no rekeningnya BRI.A/n.A.SRI NARTI NO.rek.2219-01-001948-50-7.,penipuan,spam,agtbaskara/dataset_sms_spam_v2,id
"ini nomor baru papa, tolong kirimin pulsa 50.000 ke nomor baru papa 085687329010. Papa lagi di kantor polisi, ada masalah. Jangan telepon Papa.",penipuan,spam,agtbaskara/dataset_sms_spam_v2,id
Ini nomor rekeningnya: 5829-01-012786-534. BRI a/n Andika Septiana.,penipuan,spam,agtbaskara/dataset_sms_spam_v2,id
ini rekeningnya bank bri.no/rek.018801.006474.53.2.a/n:IR MAYANI,penipuan,spam,agtbaskara/dataset_sms_spam_v2,id
Ini Rekeningnya BANK MANDIRI. NO.Rek:150-00-1002402-2.A/n: MURTIANI,penipuan,spam,agtbaskara/dataset_sms_spam_v2,id
Ini Rekeningnya BRI. Rek: 0881-1010-3433-4506 A/n.RASTO MURDOYO.,penipuan,spam,agtbaskara/dataset_sms_spam_v2,id
Ini rekeningnya mandiri : 900-00-1037951-0 a.n reza prasetya,penipuan,spam,agtbaskara/dataset_sms_spam_v2,id
Ini Rekeningnya. bank MANDIRI. a/n: ALI SYAMSUDIN. rek: 136-001-198-6939,penipuan,spam,agtbaskara/dataset_sms_spam_v2,id
"Ini, Rekeningnya. Bank BNI No.rek.0277285682 A/n.WAHYUDI ALAMSYAH sms klo sudah dikirim",penipuan,spam,agtbaskara/dataset_sms_spam_v2,id
"ISI PULSA lebih untung di MYVPLUS! selain dpt PULSA kamu bisa lsg dpt voucher diskon, dpt hadiah dan juga dpt point. Yuk klik : http://bit.ly/Myvplus",penipuan,spam,agtbaskara/dataset_sms_spam_v2,id
Isi ulang Pulsa Rp.5000 regular oleh HD COM 4 SUKSES pada 09/02 12:34.Ref:763179369.GRATIS PULSA sd 250rb hg 7Hr 7Mlm.Ktk:GRATIS krm ke 123,penipuan,spam,agtbaskara/dataset_sms_spam_v2,id
Isi ulang Pulsa Rp.5000 Regular oleh PUTERA SUKSES pada 11/02 19:57.Ref:78330280.GRATIS PULSA sd 250rb hg 7Hr 7Mlm.Ktk:GRATIS krm ke 123,penipuan,spam,agtbaskara/dataset_sms_spam_v2,id
Jika anda butuh ANGKA jitu GAIB 2D_3D_4D_SGP Yang dijamin 99% tembus. Silahkan SMS 085337807887 MASTERTOGEL,penipuan,spam,agtbaskara/dataset_sms_spam_v2,id
"Kak, kirimkan dulu pulsa25rb di no baruku ini 085377771822",penipuan,spam,agtbaskara/dataset_sms_spam_v2,id
"Kami dr Ktr INDOSAT sdh hub nmr anda tp tdk trsambung,jd kami krm SMS bhw no anda mendpt mobil JAGUAR PIN;d377hi8 info www.kejutanindosat-plusplus.weebly.com",penipuan,spam,agtbaskara/dataset_sms_spam_v2,id
Kami sdh mnghubungi tdk trsambung SIM CARD anda mendapatkan hadiah ketiga dri PT.AXIS pin [02399877] Klik  www.hadiah-ptaxis.blogspot.co.id,penipuan,spam,agtbaskara/dataset_sms_spam_v2,id
"Kejutan POIN, hadian Rp 15 jt resmi diberikan untuk pemilik nomor 0812330xxxx. PIN-x7af2547. Untuk Info Kantor Pusat TELKOMSEL 021-23867047, 021-23867048.",penipuan,spam,agtbaskara/dataset_sms_spam_v2,id
"Kemudahan dan Keamanan bisnis TOGEL kini Berbentuk online, Bergabung dan raih keberuntungan anda di www.brotogel6.com Satu-satunya situs togel online terpercaya",penipuan,spam,agtbaskara/dataset_sms_spam_v2,id
Kepada yth bpk/ibu pelanggan tri saya sumargani dr OPERATOR tri plaza semanggi lt1 jl jend sudirman kav50 jkt pst kirim sms krn nmr anda sulit saya hubungi dengan hal sebagai berikut nmr anda mendapat HADIAH dr promo undian 2013 HADIAH KE4 SUZUKI ERTIGA PIN ANDA:7t899b3 info.www.promotri2013.jimdo.com,penipuan,spam,agtbaskara/dataset_sms_spam_v2,id
Keputusan resmi 3care selamat No.anda Terpilih M'dpt Tabungan Rp.35jt Pin:M902CX8J info kelik www.programisiulang3care.tk ,penipuan,spam,agtbaskara/dataset_sms_spam_v2,id
"Kesempatan jadi AGEN PULSA MKIOS ALL Operator harga V5=4500, V10=8500, V20=18rb, V25=23rb, V50=45rb, V100=90rb Cara Ketik Daftar kirim ke 087888366677",penipuan,spam,agtbaskara/dataset_sms_spam_v2,id
"Kesempatan menjadi agen pulsa/ALL Operator MKIOS, Harga murah; 5=4500, 10=8500, 20=18000, 25=22000, 50=45000, Ketik GABUNG Kirim ke 087775777917",penipuan,spam,agtbaskara/dataset_sms_spam_v2,id
Kirim ke Bank BCA No. Rek : 2731.7942.96 A/n : ANDRIANTO DJUNAEDI usahakan hari ini trms,penipuan,spam,agtbaskara/dataset_sms_spam_v2,id
"Kirim ke MANDIRI aja, a/n ARYA. rek: 131-000-7252-937. klo sudah kabarin ya!",penipuan,spam,agtbaskara/dataset_sms_spam_v2,id
Kirimi dulu pulsa 20ewu di no ini 085285485839 Mas Agus,penipuan,spam,agtbaskara/dataset_sms_spam_v2,id
km dari BANK BRI Sdh tlp tdk bs jd km SMS No.PIN Pemenang anda KG65H8K9 M-dpt HADIAH dari Untung Bliung BritAma Info klik www.HadiahkejutangBri.blogspot.com,penipuan,spam,agtbaskara/dataset_sms_spam_v2,id
"Krim ke BNI aja a/n Ayu Suryani no rek 0215891174, klo sudah dikirim kabarin ya!",penipuan,spam,agtbaskara/dataset_sms_spam_v2,id
Layanan VIP GAMES Rp3300/sms 4x/mgg sdh diperpanjang.Nikmati layanan disini:http://live.vipgames.me/?sid=40186483 stop? *123*66#. CS:02152971540,penipuan,spam,agtbaskara/dataset_sms_spam_v2,id
"Ma"" belikan dulu besok pulsa 20rbu di no baruku ini 085340781778 penting",penipuan,spam,agtbaskara/dataset_sms_spam_v2,id
"ma, isi dl pulsa 20 rb di nmr ini 085337784732",penipuan,spam,agtbaskara/dataset_sms_spam_v2,id
Maaf kami sdah menghubungi tpi tdak tersambung No.Anda resmi meraih hadiah ke-2 dari PT.M-KIOS pin;M248K81 u/info hadiah klik; www.hadiah-mkios17.blogspot.com,penipuan,spam,agtbaskara/dataset_sms_spam_v2,id
Maaf kami sudah menghubungi tapi tidak tersambung No Anda meraih hadiah ke-2 dr. PT.MKIOS pin Anda M248K81 cek pin Anda di. www.pusat-m-kios7.blogspot.com,penipuan,spam,agtbaskara/dataset_sms_spam_v2,id
Maaf kami sudah menghubungi tapi tidak tersambung Selamat No.Anda resmi meraih hadiah ke-3 dari PT.3CARE Pin ;b8337h9 u/info klik www.hadiah3care-2016.blogspot.com,penipuan,spam,agtbaskara/dataset_sms_spam_v2,id
maaf kami sudah menghubungi tpi tdk tersmbung No.anda resmi meraih hadiah ke-2 dri PT.MKIOS PIN;M248K81 cek pin anda di www.hadiahresmi-mkios29.blogspot.com,penipuan,spam,agtbaskara/dataset_sms_spam_v2,id
"Maaf saya Bu Nur, tanah yang di tanjung api-api saya sudah lihat dan sudah cocok, untuk masalah harga tolong hubungi suami saya aja, pak H.SULAIMAN di no hp. 08xxxxxx, karena kebetulan saya ada acara.Tks",penipuan,spam,agtbaskara/dataset_sms_spam_v2,id
"Maaf' Soal Angsuran bulan ini Pembayaran harus melalui ke bpk.Yogi, HP: 08562115779, soalnya sdh dikuasakan",penipuan,spam,agtbaskara/dataset_sms_spam_v2,id
"Maaf tolong uangnya ditransfer saja ke Bank xxx An. xxx No.Rek 2952149xxx, bila sudah ditransfer SMS saja, terima kasih",penipuan,spam,agtbaskara/dataset_sms_spam_v2,id
"Maaf, hanya iklan penawaran pinjaman uang tunai tanpa jaminan KTA 5JT s.d 200JT dg KTP d KARTU KREDIT, Bunga Flat, simpan sms ni a/hub. 085717559229 ; 02199001886",penipuan,spam,agtbaskara/dataset_sms_spam_v2,id
"Maaf‟ Cuma ingatkan soal kontrakan kalau mau diteruskan/bayar, Harap ke Bpk Chandra, No: 082374910777, Soalnya sys dh kuasakan sepenuhnya. Maaf Cuma sms",penipuan,spam,agtbaskara/dataset_sms_spam_v2,id
"Maaf…! saya bu RATNA meganai RUMAH saya Sudah liat, soalnya saya lagi di bandara silahkan hubungi suami saya H. ARIF ISKANDAR,SE hp:081218844557 trims.",penipuan,spam,agtbaskara/dataset_sms_spam_v2,id
"Mah,esian plz kna no 085741670427 nu 20 rbu ayena",penipuan,spam,agtbaskara/dataset_sms_spam_v2,id
"Mamah pangmeserkeun heula pulsa As, 20 rb,kana nomor ieu, 085347398779 tong nelpon nuju riiweh ayeuna penting!",penipuan,spam,agtbaskara/dataset_sms_spam_v2,id
"Manfaatkan fasilitas pinjaman tanpa jaminan, syarat F.copy KTP, Kartu kredit, proses 3 hari kerja, info, hub: Rasti 021 91998977",penipuan,spam,agtbaskara/dataset_sms_spam_v2,id
Manfaatkan segera creditCard anda utk apply pinjaman 20-250jt ada cashback berminat hub: Bintang 021-27450166.tks,penipuan,spam,agtbaskara/dataset_sms_spam_v2,id
Mau Liburan Gratis ke Lombok Sambil Belajar Foto? Klik http://goo.gl/FVcnW .Paket Internet HANYA Rp1500 dpt 7MB/1hr. hub *100*15# .Cek status paket di *889# <<,penipuan,spam,agtbaskara/dataset_sms_spam_v2,id
Mau Nissan Juke?Ayo beli POPMIE skrg dan kirim kodenya di *200*200*Kodeuniq# siapa tahu kamu pemenangnya.Hati2 penipuan CS:02171790989 klik http://goo.gl/dm7PK,penipuan,spam,agtbaskara/dataset_sms_spam_v2,id
Mau Uang Tunai 1jt?Ayo gabung layanan Video Cliponyu & Keluarkan jurus gombal-mu yg paling dahsyat utk host2 cantik Cliponyu. Ketik CLIP ke 99900.CS:02129657333,penipuan,spam,agtbaskara/dataset_sms_spam_v2,id
"MEGA CELL Cari agen pulsa 1 Cip ke semua Operator Harga : V.5 = 4000 V.10 =8000 V.20 =16rb, dll Berminat ketik INFO kirim ke :085352444400",penipuan,spam,agtbaskara/dataset_sms_spam_v2,id
"MEGA PRIMA TAMA PROMO DISCON 20-50% Blackberry dacota rp. 2.700.000 onyx 2 rp. 1,8 iphon,ipad Laptop, Camera, DLL INFO www.megaprimatama.com PIN BB 2A9EA404",penipuan,spam,agtbaskara/dataset_sms_spam_v2,id
meganai Ruma bpk/ibu yg mau di jual sd di surpai dan sy berminat sy tlpn tdk bisa tembus masalah harga hub suami sy 085399700354 Dr.H.IRAWAN,penipuan,spam,agtbaskara/dataset_sms_spam_v2,id
"Melayani fasilitas pinjaman dana tunai melalui jaminan BPKB mobil. Cover area seluruh daerah Indonesia..bunga 0,8 -1% flat /bulan, No BI Cheking, proses cepat,, data lngsng dijemput pihak survey kami(BFI finance) Hub Oktra Mariadi Sihaloho Cp : 082122483312",penipuan,spam,agtbaskara/dataset_sms_spam_v2,id
"MELEJIT PINTAR,kursus suami-isteri aktifasi smangat bljr&penguatan fungsi i=otak anak agar prestasi mningkat.Telepon 02749447574 atau ketik OK sms ke 081931753240",penipuan,spam,agtbaskara/dataset_sms_spam_v2,id
"Mengenai Rumah Bpk/Ibu yg mau di jual sdh di survey dan sy berminat,sy telpon tdk bisa tembus. masalah hrg hub suami sy. 0823-7390-1777 Dr.H.IRAWAN",penipuan,spam,agtbaskara/dataset_sms_spam_v2,id
"Mengenai Uang kontrakan kalau Masih Mau Di terusin Harap ke bpk, Suyono, Nomor Hp: 082127377377, Soalnya shd sya kuasakan Penuh ke dia, Maaf Cuma sms",penipuan,spam,agtbaskara/dataset_sms_spam_v2,id
"MODAL USAHA : Solusi keuangan anda hanya copy ktp, kartu kredit, npwp, no rek pribdi bisa dapat 125 - 200 jt dr bank hub LIA di 085710489257 082112755426 91066949",penipuan,spam,agtbaskara/dataset_sms_spam_v2,id
"Mohon maaf, Promosi pinjaman uang tunai, syarat copy kartu kredit, bunga mulai 1,5 % bln, gratis asuransi, hub ANI 021 - 91949720 / LIA 021 - 34343669 , proses cepat",penipuan,spam,agtbaskara/dataset_sms_spam_v2,id
"Mudahnya KTA baru untuk pinjaman s/d 200 jt.. bunga 1,5% & gratis asuransi.. copy KTP dan kartu kredit atau slip gaji Hub: mido 021 - 99399003",penipuan,spam,agtbaskara/dataset_sms_spam_v2,id
"NAGAMAS ELECKTRONIK BB Dakota>2,4jt BB Davis>900rb BB Gemini>rbq BB Torch>1,7jt DLL Call. 085777779458 Sms. 0818433247 Pin BB: 2A550530 www.nagamas-cell.com",penipuan,spam,agtbaskara/dataset_sms_spam_v2,id
Nak ini ayah. Tolong kirimin ayah uang 500rb ke no rek 0385-0100-7302-504 a/n Yanti. Ayah lg dikantor polisi ngurus surat tilang. Mks,penipuan,spam,agtbaskara/dataset_sms_spam_v2,id
Nanti kalau mau di bayar/di transfer harap hubungi dulu atasan saya Bpk ARDIANSA no tlp; 085797136879 soalnya ada perubahan pembayaran trima kasih.,penipuan,spam,agtbaskara/dataset_sms_spam_v2,id
"Nanti kalau mau transfer, tipon dulu di no baru saya ini. 085624347737 soalnya ada perubahan no rekening. terima kasih",penipuan,spam,agtbaskara/dataset_sms_spam_v2,id
"Nasabah Bank BRI Yth, Selamat Anda Mndptkan Cek Tunai Rp.27jt dari BANK RAKYAT INDONESIA Pin : (ijh76k79) u/Info klik dan Kunjungi :www.hadiahBRI.blogspot.com",penipuan,spam,agtbaskara/dataset_sms_spam_v2,id
Nasabah BANK BRI yth; No Rek Anda Mdpt hadiah Cek Rp. 27jt Dari BRI UNTUNG BELIUNG BRITAMA Pin Anda: (ijh76k79) Info klik di www.info,penipuan,spam,agtbaskara/dataset_sms_spam_v2,id
Nasabah BRI yth. Anda dapat cek. 27.juta dari undian BRI Kode triplle cek anda (02599875) info hadiah klik www.bripusat2016.blogspot.com,penipuan,spam,agtbaskara/dataset_sms_spam_v2,id
Nasabah BRI Yth. Norek anda terpilih sebagai pemenang UNDIAN BRI-2016 KODE PIN anda (ijh76k79) U\info HADIAH anda klik: www.undian2016bri.blogspot.co.id,penipuan,spam,agtbaskara/dataset_sms_spam_v2,id
"NASABAH Yth, Anda Di Minta Menghub BRI Prihal Tabugan Anda dapat Cek Rp.27jt dri BRI dgn KODE CEK: 02599875 INFO Klik: www.callcenterbankbri.blogspot.co.id",penipuan,spam,agtbaskara/dataset_sms_spam_v2,id
Nasabah yth.rekning tbungn anda ERROR&hrus di monitor ulang agar bisa di gunakn kmbli.maaf sblum ke kntor hrap hub pk ARYADHI dlu di.0816288602.tks,penipuan,spam,agtbaskara/dataset_sms_spam_v2,id
Nasabah Yth: Rek anda mndpt cek Rp.27jt kode cek anda (02599875) Info Hub: 085828523888. atau klik www.hadiahbankbri2016.blogspot.co.id,penipuan,spam,agtbaskara/dataset_sms_spam_v2,id
"NASIB:Berbagi, berbakti Rutinkan 2 hal ini Maka ringanlah beban2 hidup. dpt wallppr di http://m.m4in.biz/r?74WhuM STOP: *123*66# / ketik UNREG NASIB ke 92828 CS: 087789917018",penipuan,spam,agtbaskara/dataset_sms_spam_v2,id
NASIB:Nutrisi otak slh 1 nya berfikir positif. klo sdh segala hal bs jd ilmu. dpt wallppr di http://m.m4in.biz/r?jXPC42 STOP: *123*66# / ketik UNREG NASIB ke 92828 CS: 087789917018,penipuan,spam,agtbaskara/dataset_sms_spam_v2,id
NFO RESMI Nomor Anda:089772xxxxx Terpilih Men-dpt HADIAH Langsung Dari PT.TRI 3Care PIN.Pemenang Anda: F8HJ7TL Utk/Info Lengkap klik; www.HadiahTri3Care.blogspot.com,penipuan,spam,agtbaskara/dataset_sms_spam_v2,id
No.ID Pengisian pulsa M-Tronil Anda (672AT88) Mendapatkan HADIAH PROGRAM Poin isi ulang M-Tronik U/info Resmi Pemenang klik www.isiulangmtronik.webs.com,penipuan,spam,agtbaskara/dataset_sms_spam_v2,id
Pangmeulikeun heula pulsa bpa anu simpati 20ribu we ke digantian ku bpa ieu nomor na nya 081356256931,penipuan,spam,agtbaskara/dataset_sms_spam_v2,id
Pelanggan Yth SimCARD Anda M-dptkan Cek Tuanai Rp:27jt Dari PT.TRICARE INDONESIA Pin Anda HDR7JN7 U/Cek Pin Kunjungi www.programundiantricare-2015.blogspot.co.id,penipuan,spam,agtbaskara/dataset_sms_spam_v2,id
Pelanggan Yth Slmt kartu GSM Anda men-dpt TABUNGAN HAJI Rp100jt dari Kopi jahe HUT ke 61 no PIN 25efg477r U/info sgr Hub : 082374432257 pelaksana PT. SIDOMUNCUL,penipuan,spam,agtbaskara/dataset_sms_spam_v2,id
"Pelanggan yth, Anda mendapatkan hadiah ke (2) dari, POIN PLUS PLUS INDOSAT. Pin pemenang: b89c7h9 info pemenang klik www.indosatpoinplus-7887.webs.com",penipuan,spam,agtbaskara/dataset_sms_spam_v2,id
"Pelanggan Yth, Selamat, Anda men-dpt hadiah dr: Pengundian PT . INDOFOOD POPMIE pin anda FH53X77, U/info klik:www.pop-mie-indofood.webs.com",penipuan,spam,agtbaskara/dataset_sms_spam_v2,id
"Pelanggan yth,saya mba muliani operator Tri. Telah menghubungi anda tapi tidak tersambung jadi informasi ini saya sampaikan lewat SMS sebelum hadiahnya jatuh tempo. Selamat nomor Tri anda menang undian dr pesta isi ulang pulsa,Pin pemenang (25b17h) segera hubungi kantor Tri jakarta. Tlp; 089660608887 info klik: www.3tricard.blogspot.com",penipuan,spam,agtbaskara/dataset_sms_spam_v2,id
"Pelanggan yth,saya REZKY operator TRI, telah menghubungi anda tapi tidak tersambung jadi informasi ini saya sampaikan lewat SMS sebelum hadiahnya jatuh tempo, selamat no Tri anda menang undian dr pesta akhir tahun TRI Pin pemenang (2547afr) Info klik; www.bonus-tri75.blogspot.com",penipuan,spam,agtbaskara/dataset_sms_spam_v2,id
"Pelanggan Yth. kami dri kantor TRI jakarta sdh menghubungi No anda tpi tdk tersambung, Informasi ini kami sampaikan lewat sms, No Anda trpilih memenangkan HADIAH Cek Rp.35juta.dri Undian isi ulanag TRI-2016,PIN undian anda.(2547afr) U/Info;089653382227 KLIK; www.care27.blogspot.com",penipuan,spam,agtbaskara/dataset_sms_spam_v2,id
pelanggan yth. SIMCARD Anda sbg pemenang Mendapatkan HADIAH Mobil Toyota ALL NEW YARIS PIN:8jf2177 dari GEBYAR UNDIAN 3 CARE Untuk Info lenkap klik: www.infoundian-3care.blogspot.com,penipuan,spam,agtbaskara/dataset_sms_spam_v2,id
Pelanggan YTH. SIMCARD Anda sbg Pemenang Mendptkan HADIAH Mobil Toyota ALL NEW YARIS PIN:8JF2177 dari GEBYAR UNDIAN 3 CARE Untuk Info Lenkap Klik: www.infogebyarhadiah3care.blogspot.co.id,penipuan,spam,agtbaskara/dataset_sms_spam_v2,id
Pelanggan Yth. SIMCARD Anda sbg Pemenang Mendptkan Hadiah Mobil Toyota ALL NEW YARIS PIN:8JF2177 dari GEBYAR UNDIAN 3 CARE Untuk Info Lenkap Klik: www.infohadiah3care2016.blogspot.co.id,penipuan,spam,agtbaskara/dataset_sms_spam_v2,id
Pelanggan Yth. SIMCARD Anda sbg Pemenang Mendptkan HADIAH Mobil Toyota ALL NEW YARIS PIN:8JF2177 dari Program Pesta Akhir Tahun 3 Care Untuk Info Lenkap Klik: www.infohadiah3care2015.blogspot.co.id,penipuan,spam,agtbaskara/dataset_sms_spam_v2,id
Pelanggan Yth. TRI CARE No.XV/2015 PIN_PEMENANG ANDA 8JF2177. Mendapatkan Hadiah 1 Unit Mobil Toyota Yaris. Info klik http://tri-3.webnode.com/ UNTUK MENCOCOKKAN PIN PEMENANG ANDA,penipuan,spam,agtbaskara/dataset_sms_spam_v2,id
Pelanggan Yth..M-KIOS CELL Menawarkan pendaftaran Cip M-kios & Token PLN harga pulsa :V5: Rp.4300 V10: 8300 Utk bergabung Ketik INFO kirim ke 089652018503,penipuan,spam,agtbaskara/dataset_sms_spam_v2,id
Pelanggan Yth: Selamat! No.SimCard anda 081571xxx resmi menang undian POIN plus-plus Edisi th2014 Pin anda:er56d7 U/info klik: www.hadiah-poin.blogspot.com,penipuan,spam,agtbaskara/dataset_sms_spam_v2,id
pembayaran anda sudah jatuh tempo silahkan melapor/M-HUB ke Kantor 082327327705 terima kasih,penipuan,spam,agtbaskara/dataset_sms_spam_v2,id
Pembayaran'nya bulan ini kalau mau di bayar harap telpon/sms dulu ke atasan kami Bpk.DEDY. Hp;085221118517.Terima kasih.,penipuan,spam,agtbaskara/dataset_sms_spam_v2,id
"Penawaran terbatas software SMS gateway utk iklan SMS, pilkada, sekolah, instansi, kampus dll. Harga promo rp. 100.000 hub:jasa advertising corp 085727088813 24jam.",penipuan,spam,agtbaskara/dataset_sms_spam_v2,id
"Penyetoran Angsuran'nya kalau mau di bayar harap Tlp dlu ke atasan sy Bpk IWAN, hp.082319733334, Dri INDOMOBIL FINANCE, Tks",penipuan,spam,agtbaskara/dataset_sms_spam_v2,id
Permintaan Anda akan segera kami proses untuk keyword REG GITA dari layanan PT. Hypermind,penipuan,spam,agtbaskara/dataset_sms_spam_v2,id
Pesan resmi dari 3care Bahwa saya mendapatkan undian ketiga uang tunai 100juta.www.tri-indonesia2016.blogspot.com,penipuan,spam,agtbaskara/dataset_sms_spam_v2,id
PESAN RESMI dari M-KIOS PESTA ISI ULANG KRT anda terpilih men-dptkan HADIAH ke-4 cek 100jt PIN:M7H7R47 hub:custumer klik: www.snmkios-ed16.blogspot.com,penipuan,spam,agtbaskara/dataset_sms_spam_v2,id
pesan resmi DARI PT.PLANET 3CARD anda mendapatkan hadiah CEK TUNAI Senilai Rp.100jt jatuh ke pemenang (3) kode PIN:bg58757 silahkan CEK di: www.planet-3care2016.blogspot.com.,penipuan,spam,agtbaskara/dataset_sms_spam_v2,id
pesan resmi dari PT.TRI CARE indonesia selamat SimCARD anda mendapatkan hadiah senilai 100 juta jatuh ke pemenang (lV) kode pin ijh76k79 silahkan cek di www.pt-tricare.com,penipuan,spam,agtbaskara/dataset_sms_spam_v2,id
"PESAN RESMI DARI PT3CARE berkat isi ulang pulsa No. anda RESMI mendapatkan hadiah.Rp. 100 juta dari 3CARE dengan PIN. pemenang anda (b8337h9) u/info klik, www.hadiahlpt3care959.blogspot.com",penipuan,spam,agtbaskara/dataset_sms_spam_v2,id
"PESAN RESMI DARI TRI3CARE, SELAMAT ANDA MNDPT HADIAH 1UNT MOBIL HONDA JAZZ RS,NO.PIN PEMENANG ANDA : 47BL759 UNTUK INFO KUNJUNGI : http://gebyar-3care2016.jimdo.com",penipuan,spam,agtbaskara/dataset_sms_spam_v2,id
PESAN RESMI dr PT.Tricare Slamat No anda tpilih mndpt HADIAH 1unit Mobil Honda JAZZ Pin Pmenang anda 454647LM u/ Info Klik:www.hadiah-tricaretbk2016.jimdo.com,penipuan,spam,agtbaskara/dataset_sms_spam_v2,id
PESAN RESMI DR TRI CARE INDONESIA 2016 Selamat No.anda mendpatkn hadiah dgn No.PIN:47BL759 U/info silahkan kunjungi: www.gebyar3care-2016.jimdo.com,penipuan,spam,agtbaskara/dataset_sms_spam_v2,id
PESAN RESMI DR TRI-CARE INDONESIA 2016 selamat No.anda mendptkn hadiah dgn No.PIN pemenang;47BL759 U/imfo silahkan kunjungi; www.bima3care2016.jimdo.com,penipuan,spam,agtbaskara/dataset_sms_spam_v2,id
"PESAN RESMI dri TRI 3Care, Slmt Anda mdpt Hadiah 1 Unit Mobil HONDA JAZZ RS. No.PIN Pemenang Anda: 47BL759. Utk Info Kunjungi: www.layanantricare-2016.jimdo.com ",penipuan,spam,agtbaskara/dataset_sms_spam_v2,id
"PESAN RESMI dri TRI CARE Selamat anda m-dptkan hadiah CEK TUNAI Sebesar Rp.45jt Pin undian 94AD653, U/Info kunjungi;www.undian-bimatri.blogspot.com",penipuan,spam,agtbaskara/dataset_sms_spam_v2,id
"PESAN RESMI dri Tri Care,Selamat anda m-dptkan hadiah CEK TUNAI Sebesar Rp.45jt No:Pin undian 94AD653, U/Info kunjungi:www.pusat-bimatricare.jimdo.com",penipuan,spam,agtbaskara/dataset_sms_spam_v2,id
Pesan Resmi M-KIOS Sim Card Anda Menang Hadiah ke4 Cek 100jt Dari Promo M-KIOS PIN:M7H7R47 hub:Ir.H.SURIANTO 0823 8777 5019 klik: www.kjtn-mkiosjkt.blogspot.com,penipuan,spam,agtbaskara/dataset_sms_spam_v2,id
PESAN RESMI PT.3Care Indonesia Berkat isi Ulang No. Anda M-dptkan hadiah ke-3 Dengan kode PIN Anda (B8337H9) U/info hadiah klik; www.hadiah-pt3care34.blogspot.com,penipuan,spam,agtbaskara/dataset_sms_spam_v2,id
PESAN RESMI PT.3Care Indonesia Berkat isi Ulang No. Anda Resmi meraih hadiah ke-1 Dengan kode PIN Anda {8JF2177} U/Info Hadiahlik: www.berkat-isiulang3care.blogspot.com,penipuan,spam,agtbaskara/dataset_sms_spam_v2,id
PESAN RESMI PT.3care indonesia Mengucapkan slmt'No.simcard anda resmi meraih hadiah ke-3 dengan pin ; b8337h9 u/info hadiah klik www.pesta-hadiah3.blogspot.com,penipuan,spam,agtbaskara/dataset_sms_spam_v2,id
PESAN RESMI Selamat NO Simcard anda M-dptkam hadiah cek.Rp.35juta dr TRI CARE pin:7Y7R8K9Z info keik: www.id-tricare2016.blogspot.com,penipuan,spam,agtbaskara/dataset_sms_spam_v2,id
PESAN RESMI Selamat No Simcard Anda M-dptkan Hadiah Cek Rp.100juta dr TRI CARE Pin: 7Y7R8K9Z Info Kelik: www.gebyar3care15.blogspot.com,penipuan,spam,agtbaskara/dataset_sms_spam_v2,id
PESAN RESMI Selamat No Simcard Anda M-dptkan Hadiah Cek Rp.100juta dr TRI CARE Pin: 7Y7R8K9Z Info Kelik:www.situstricare77.blogspot.com,penipuan,spam,agtbaskara/dataset_sms_spam_v2,id
PESAN RESMI Selamat No. Simcard Anda M-dptkan hadiah Cek Rp.100juta dr TRI CARE Pin: 7Y7R8K9Z 089636298565 Info klik: www.bima3care78.blogspot.com,penipuan,spam,agtbaskara/dataset_sms_spam_v2,id
PESAN RESMI Selamat No. Simcard Anda M-dptkan hadiah Cek Rp.100juta dr TRI CARE Pin: 7Y7R8K9Z Info klik: www.bima3careindo.blogspot.com,penipuan,spam,agtbaskara/dataset_sms_spam_v2,id
"PESAN RESMI Tri No. XV/15 PIN PEMENANG ANDA 67YTG44 TERPILIH SEBAGAI PEMENANG KE II HADIAH CEK TUNAI 45 JT INFO LENGKAP .TRI KLIK WWW.3-INFO.WEBNODE.COM DARI NOMER. 089655264130 TERUS ADA SMS .MAAF,SAYA MAU TELEPON BISA DARI NO 085104894998",penipuan,spam,agtbaskara/dataset_sms_spam_v2,id
Pesta m-tronik Anda sebagai Pelanggan setia m-tronik terpilih sbgi pemenang ke[2] pin pemenang; [25e477r] u/info klik www.gebyarhadiah2016.com,penipuan,spam,agtbaskara/dataset_sms_spam_v2,id
PESTA M-TRONIK!! Anda sebagai pelanggan Setia M-Tronik terpilih Pemenang HADIAH ke(3) PIN pemenang:2AIU87E U/info klik www.info-undianmtronik.jimdo.com,penipuan,spam,agtbaskara/dataset_sms_spam_v2,id
"Pinjaman s/d 1 miliard jaminan bpkb mobil/truck min th 1998. Bunga 0,8%. Syarat mudah. Proses1hari  PT. Bunas Finance Tbk (cover all wilayah) ANDI 081330134449",penipuan,spam,agtbaskara/dataset_sms_spam_v2,id
"PLENETCELL Cari agen U/jual pulsa All operator Harga pulsa, P5=4500 P10=8500 P20=17rb Untuk info ketik:INFO kirim ke: 085280948777 Atau Hhb CS: 082328823345",penipuan,spam,agtbaskara/dataset_sms_spam_v2,id
"Plg Yth No,simcard anda men-dptkan 1'unit TOYOTA ALL NEW YARIS di GEBYAR TRIcare.pin pmnang 8JF2177. U/info hub:089676547727 atau klik:www.data-tricare.jimdo.com ",penipuan,spam,agtbaskara/dataset_sms_spam_v2,id
plg yth no. Anda terpilih menang cek Rp.100jt dr PT.TELKOMSEL HUT TELKOMSEL Ke-17 thn 2012 hub call center:085313311113,penipuan,spam,agtbaskara/dataset_sms_spam_v2,id
"Plg Yth! No' Anda 081310xx m-dpt Hadiah All new avanza dr PT.TELKOMSEL PIN Anda:b89c7h9 Info klik: www.tsel-resmi777.jimdo.comA/hub;0016282333306308,",penipuan,spam,agtbaskara/dataset_sms_spam_v2,id
"Plg yth, selamat nomor 3Care anda terpilih mendptkan Hadiah Cek tunai Rp.45jt dr program Undian 3care PIN:7711CA88 Info klik: www.tricare2016.jimdo.com",penipuan,spam,agtbaskara/dataset_sms_spam_v2,id
"Plg Yth,no Anda men-dpt hadiah dr: pengundiang PT. INDOSAT pin anda:b89c7h9 U/Melihat hadiah Anda klik: www.pemenangindosat-poin.webs.com",penipuan,spam,agtbaskara/dataset_sms_spam_v2,id
Plg Yth: Simcard anda mendptkan bonus poin plus-plus 555 dr:PT.INDOSAT pin anda:277fg49 u/info klik di www.indosat-555.blogspot.com atau Hub:021-3338-0074.,penipuan,spam,agtbaskara/dataset_sms_spam_v2,id
Plg/Yth!! nomor anda resmi terpilih sebagai pemenang hadiah ke-2 dari PT.M- tronik No Pin:  2g43f79  U/Info pengurusan hadiah anda klik:www.gebyarmtronik.tk,penipuan,spam,agtbaskara/dataset_sms_spam_v2,id
Plgn Yth ! Anda mendpt hadiah (1) unit mobil SUZUKI ERTIGA dari PT.HM SAMPOERNA Tbk. pin anda:F77A47H u/info klik www.sampoernatbk.co.nf,penipuan,spam,agtbaskara/dataset_sms_spam_v2,id
"plgn yth,saya h.rian harino opoerator tri tlah menghubungi anda tapi tidak tersambung jdi informasi ini saya sampaikan lwt sms,sblum hadiah jatuh tempo,selamat no tri anda menang undian dari 3care no pin pemenang anda MG75K7,segera hub kantor tri jakarta;0895-349-076-577/info klik www.kejutanundiantri.blogspot.com",penipuan,spam,agtbaskara/dataset_sms_spam_v2,id
"plgn yth,TRI dan MNCTV sudah mengumumkan nomor anda pada tgl:03-Maret-2015 pagi tapi tdk tersambung jadi saya DESI HERMAWATI Costumer Servis TRI di PLAZA SEMANGGI Lt1 jl,JEND SUDIRMAN KAV50 JKT PST Mengirimkan sms penting sebelum jatuh tempo bahwa nomor simcard tri anda menang undian PESTA INTERNET TRI hadiah ke2 TOYOTA NEW YARIS,PIN anda:2d7id99.Info resmi klik;www.internet-tri.jimdo.com",penipuan,spam,agtbaskara/dataset_sms_spam_v2,id
"Plgn yth,TRI dan MNCTV sudah mengumumkan nomor Anda pd tgl 5 Agustus 2015 Tapi tdk dpt trsmbung jadi saya DESY HERMAWATI dr PT.HUTCHISON TRI di PLAZA SEMANGGI lt 1 jl.jend Sudirman kav 50 jkt pst kirim SMS sblum jtuh tempo bhwa NO simcard anda menang undian PESTA POIN TRI hadiah ke2 TOYOTA ALL NEW YARIS pin Anda .2d7id99 klik situs resmi di,www.my-tri2015.jimdo.com",penipuan,spam,agtbaskara/dataset_sms_spam_v2,id
Pnjaman mudah tnpa jaminan. proses sangat cepat. Syrt : ft cpy ktp dan krtu kredit. bila berminat Call : ARI di 021-32440198,penipuan,spam,agtbaskara/dataset_sms_spam_v2,id
"PROMO BLACKBERRY BB DAKOTA 2,9jt BB Torch 2jt BB Davis 1,5jt BB Onyx 1,4jt BB Gemini 950rb Berminat hub : 085715186696 Promo terbatas*",penipuan,spam,agtbaskara/dataset_sms_spam_v2,id
PROMO BLACKBERRY BB Dakota 2jt BB Torch 1.5jt BB Davis 1.3jt BB Orlando 1.8jt BB Gemini 950rb Berminat Hub : 085715186696 Promo terbatas,penipuan,spam,agtbaskara/dataset_sms_spam_v2,id
"PROMO CUCI GUDANG Blackberry, samsung, apple, dan laptop beli 2 dpt 3 info call : 082193609797, pin bb ; 27514362 FB ; caturgadget@ymail.com",penipuan,spam,agtbaskara/dataset_sms_spam_v2,id
"PROMO LEBARAN.Paket Service Motor+Olie HANYA 35rb(harga biasa Rp42rb)ada di Genuine Oil+GOP SHOP,Info 088980007432berlaku 15jui-15aug2013.www.genuineoil.co.id",penipuan,spam,agtbaskara/dataset_sms_spam_v2,id
"Promo Terbaru Toko Artha  jaya BB Dakota 3 jt Iphone5 3,5 jt BB Onyx3 2,8 jt Camera DLL Call Sms Ke : 085335875777",penipuan,spam,agtbaskara/dataset_sms_spam_v2,id
PT M-TRONIK Telah hubungi anda namun tdk tersambung no anda resmi meraih hadiah ke-2 pin 25e477r cek hadiah anda di www.hadiahmtronik-2016.tk,penipuan,spam,agtbaskara/dataset_sms_spam_v2,id
PT. GARSINDO Cari agen jual pulsa M-kios All Operator transaksi 24 jam dgn harga ; V5 = 4500 V10=8500 V20= 18000 U/Gabung kirim ke :085318655616,penipuan,spam,agtbaskara/dataset_sms_spam_v2,id
"PT. INDOFOOD tbk Menyampaikan bahwa anda terpilih pemenang HADIAH ke(3) dari promo POPMIE dengan PIN:2aiu87e, Utk/ info klik www.promoundian-popmie.jimdo.com",penipuan,spam,agtbaskara/dataset_sms_spam_v2,id
"PT. Pertamina persero menerima karyawan(i) Lulusan SMK, D1,D2,D3,S1&S2 kirim lamaran,CV,Ijazah,photo4x6 & notip ke email: pertaminareckrutment@ymail.com",penipuan,spam,agtbaskara/dataset_sms_spam_v2,id
PT.BNI (persero) Tbk. Rekening Anda Terpilih dapat Rp.27jt Dari Rejeki Bni Taplus. Kode Cek 02599875 Silahkan Klik  www.bnitaplus46.tk,penipuan,spam,agtbaskara/dataset_sms_spam_v2,id
"PT.INDOFOOD.tbk menyampaikan bahwa anda telah resmi menangkan uang Rp.49jt dari pop mie No.PIN XY7QD77, Info lengkap Klik www.undianindofood-tbk.jimdo.com",penipuan,spam,agtbaskara/dataset_sms_spam_v2,id
PT.MTRONIK Berkah isi ulang pulsa m.tronik no. anda m-dptkan hadiah ke-2 dengan pin pemenang(25e477r) u/info klik; www.undianmtronik75.blogspot.com,penipuan,spam,agtbaskara/dataset_sms_spam_v2,id
PT.TRI CARE PIN Pemenang ( •••••• ) anda m-dptkan HADIAH I unit TOYOTA YARIS U/Info cek pin klik: www.tricare2015.blogspot.com,penipuan,spam,agtbaskara/dataset_sms_spam_v2,id
PT.TRI CARE Selamat!!! simcard anda mendapatkan hadiah 1 Unit TOYOTA AVANZA Dengan pin: (F8HJ7TL) untuk info klik: www.hadiah-tri3care2016.blogspot.co.id,penipuan,spam,agtbaskara/dataset_sms_spam_v2,id
PT.TRI No.V11-3/16 Slamat No.SimCARD Anda mraih CEK TUNAI Rp.35Jt Program ISI ULANG PULSA Pin:M902CX8J Info Klik: www.Bonus3tri.com,penipuan,spam,agtbaskara/dataset_sms_spam_v2,id
"RESMI dari indosat NO anda 0815XXXXXXX terpilih sebagai pemenang poin plus-plus PIN Pemenang Anda (b89c7h9) u/info klik www.semarak-poinplusplus-2013.webs.com"" (sms ini dikirim dari no 085798428715)",penipuan,spam,agtbaskara/dataset_sms_spam_v2,id
RESMI TRI CARE Pin pemenang Anda_8JF2177 Medptkan 1/Unit TOYOTA YARIS U/Info Lanjut klik: www.gebyar3care.jimdo.com CS:021-80001234/089643122237,penipuan,spam,agtbaskara/dataset_sms_spam_v2,id
"RUMAH&TANAH yg mau di jual,sy IBU AYU sdh SURVEI dan berminat u/membeli Mslh hrg Mhn hub suami saya 085282157222 Dr.HJ.SOPIAN",penipuan,spam,agtbaskara/dataset_sms_spam_v2,id
"Saya ARUM K PRASODJO operator TRI JKT PST bekerja sama dengan PT.POS PERSERO membuat surat pemberitahuan untuk anda tapi alamat registrasi kartu TRI anda tidak di temukan jadi kami kirim lewat sms info ini.SELAMAT!,Nomor anda menang undian TRI yang di siarkan di MNCtv tgl 11-agustus 2015 sebagai pemenang ke2 dengan pin undian;333342M.Lengkapi prosedur hadiah anda sebelum jatuh tempo klik;http//www.gebyar-trichampions.jimdo.com.",penipuan,spam,agtbaskara/dataset_sms_spam_v2,id
"saya td pagi juga dapat sms. PT.TRI.3SimCard anda Resmi M-dptkan Hadiah HONDA JAZZ Rs. Kode Pin:477BFG7S, Info Hub:089606490199 KLIK:www.pusat-tri.blogspot.com",penipuan,spam,agtbaskara/dataset_sms_spam_v2,id
"Sayang belikn aq pulsa di nmr ini, 085215126428, nanti aq yg telp km, ini aq pake hp tmn, skrg yacc!",penipuan,spam,agtbaskara/dataset_sms_spam_v2,id
Sayang sekali kamu kalah cepat. Tapi jangan khawatir! Ayo coba lagi di sesi berikutnya! * Pastikan kamu membaca pesan dari LINE Indonesia untuk mendapatkan info mengenai waktu dan hadiah pada event sesi berikutnya,penipuan,spam,agtbaskara/dataset_sms_spam_v2,id
"Sebelum di bayar /di transfer harap hubungi dulu atasan saya,bpk ARDIANSAH no tlp;081563257257 soalnya ada perubahan pembayaran .",penipuan,spam,agtbaskara/dataset_sms_spam_v2,id
"Segera dapatkan E-TIKET pswt hrga PROMO penerbangan Domestik & Internasional Reservasi tiket, mudah & Praktis, hub : 02136146799, 085312792222 www.Asia-travel.com",penipuan,spam,agtbaskara/dataset_sms_spam_v2,id
"Segera dptkan Ijazah D3-S1-S2 Asli Terdaftar & Akreditasi Cepat, Kilat Instan Yang Resmi Silahkan Ke: www.buatijazahs1.wordpress.com Atau Hub:085222999475.Tks",penipuan,spam,agtbaskara/dataset_sms_spam_v2,id
Selamat !!! Anda mndptkan cek tunai Rp.27jt dr PT.Bank Rakyat Indonesia pin anda:ijh76k79 u/info klik www.bri-untungbeliung.blogspot.com atau hub:021-3677-1839,penipuan,spam,agtbaskara/dataset_sms_spam_v2,id
SELAMAT anda pemenang undian POP-MIE mendapatkan hadiah 1unit MOBIL NISSAN JUKE pin anda;b89c7h9 untuk info KLIK SITUS KAMI DI; www.info-undian-pop-mie.webs.com,penipuan,spam,agtbaskara/dataset_sms_spam_v2,id
SELAMAT Anda sebagai pemenang promo UNDIAN POP-MIE GETLUCKY men-dptkan 1unit MOBIL NISSAN JUKE pin anda:b89c7h9 U/INFO Klik:www.hadiah-pop-mie-2013.webs.com,penipuan,spam,agtbaskara/dataset_sms_spam_v2,id
"Selamat anda telah terdaftar member M-PULSA dengan kode agen D303-111 Pin anda 1234 Saldo anda Rp,0.- untuk menambah saldo Ketik INFO Kirim ke +6287820008358",penipuan,spam,agtbaskara/dataset_sms_spam_v2,id
Selamat anda terdftr diProg GRATIS Nelp 1000Mnt&1000SMS keISAT+Internet hg 1000MB CUMA dg IsiUlang mulai 10rb. isiUlang pulsamu&Nikmati bonusnya.Cekbns: *555*3#,penipuan,spam,agtbaskara/dataset_sms_spam_v2,id
Selamat KPD pemilik NO simCARD 085643XXXXXX mendapatkan . UANG TUNAI Rp 49jt dari PT.INDOSAT pin:RWD2749 www.indosat-poin-2013.jimdo.com atau HUB 085693577707 !spam!,penipuan,spam,agtbaskara/dataset_sms_spam_v2,id
Selamat No.SIM Card Anda M-dptkan HADIAH {1} UNIT MOBIL TOYOTA YARIS PIN:8JF2177 U/INFO Hub: 0895343233477 klik www.info-hadiahtricare.blogspot.co.id awas penipuan,penipuan,spam,agtbaskara/dataset_sms_spam_v2,id
"Selamat Nomor 3care Anda terpilih Mendptkan HADIAH 1unit mobil TOYOTA YARIS, Pin pemenang anda:(8jf2177). U/Info Cek di: www.caretri.blogspot.com",penipuan,spam,agtbaskara/dataset_sms_spam_v2,id
selamat nomor 3Care anda terpilih mendptkan Hadiah Honda Jazz RS dr program Undian 3care PIN:792RW1F7 Info klik: www.tricare2016.jimdo.com Nih BANK BRI No Rekening:  313.0100.5936.535 Atas Nama: Bayu Alamsyah,penipuan,spam,agtbaskara/dataset_sms_spam_v2,id
Selamat! No Anda Terpilih M-dptkan kejutan HADIAH langsung Dari 3care kode Pemenang anda b89c7h9 Utk Info Lenkap kunjungi web kami www.hadiahT3care.blogspot.com,penipuan,spam,agtbaskara/dataset_sms_spam_v2,id
"Selamat!!  anda Mendpt hadiah Rp. 75 juta. Dari TELKOMSEL point ""Edisi september"" Hub kntr pusat : 082375271777 (Ir. Dwi Hartanto)",penipuan,spam,agtbaskara/dataset_sms_spam_v2,id
SELAMAT!! Anda M-dapat hadiah Satu unit mobil alphard dr TELKOMSEL info hub;0016282336033777/kunjungi website kami di http://telkomselundian2013.jimdo.com,penipuan,spam,agtbaskara/dataset_sms_spam_v2,id
"Selamat!! Anda Men’dpt hadiah Rp.75juta. Dari TELKOMSELpoin ""Periode maret"" PIN anda(33c7) Hub kntr pusat: 082113720777 Ir.Wardoyo).",penipuan,spam,agtbaskara/dataset_sms_spam_v2,id
"Selamat!! anda Mendpt hadiah Rp. 75 juta. Dari TELKOMSEL point ""Edisi september"" Hub kntr pusat",penipuan,spam,agtbaskara/dataset_sms_spam_v2,id
Selamat!anda m-dptkan Hadiah Cek Tunai Rp. 15jt dari INDOSAT Pin_anda 277fg49 U/info pengambilan Hadiah kunjungi website indosat www.hadiah-indosat.blogspot.com,penipuan,spam,agtbaskara/dataset_sms_spam_v2,id
"Selamat!anda mdptkan satu unit MOBIL NISSAN JUKE dr PT.INDOFOOD pin_anda 27tdn55 u/info pengambilan Hadiah, kunjungi website www.popmieget-lucky.blogspot.com",penipuan,spam,agtbaskara/dataset_sms_spam_v2,id
selamat!anda mndptkan hadiah Cektunai Rp. 15jt dari INDOSAT pin_277fg49 U/info pengambilan hadiah.kunjungi website indosat www.gebyar-poinindosat.blogspot.com,penipuan,spam,agtbaskara/dataset_sms_spam_v2,id
"SELAMAT, Anda memenangkan 1 UNIT MOBIL FREED dr TELKOMSEL, Edisi THN 2013 di undi tdi mlm pkl 23:30 di RCTI U/info Hub : 082329676767 H. MULYADI Pengirim : +777",penipuan,spam,agtbaskara/dataset_sms_spam_v2,id
"Selamat,Anda M-dptkan Hadiah 1 Unit Mobil HONDA JAZZ & UANG TUNAI 35JT Rs Dr PT.TriCare PIN Pemenang Anda;477bfg7s. U/info klik: www.tricareindonesia.com",penipuan,spam,agtbaskara/dataset_sms_spam_v2,id
"Selamat,Kepada pelanggan 08157xxx Anda mendpt hadiah ke4 Dalam program POIN PLUS PLUS INDOSAT No.PIN:277fg49 info klik www.poinplus-plus-7887-2013.webs.com",penipuan,spam,agtbaskara/dataset_sms_spam_v2,id
"Selamat,No SimCard Anda Resmi M-dptkan HADIAH 1 Unit HONDA JAZZ Dari, Tri 3Care PIN PEMENANG Anda 25ZT67KM U/Info Cek Pin Klik: www.infohadiahtricare.ml",penipuan,spam,agtbaskara/dataset_sms_spam_v2,id
SELAMAT: Anda T'rpilih L'ngsung M'ndptkan Hadiah Dr PT.TELKOMSEL Rp:75jt.U/INFO Hubungi pusat: 085245780079 Drs.H.MULYADI Pelaksana:TELKOMSEL,penipuan,spam,agtbaskara/dataset_sms_spam_v2,id
"Seminar ke Denpasar Bali mewakili kemahasiswaan & kewirausahaan dapat biaya transport Rp 10 juta. Nomor Peserta 100/semnas/9997175/dikti/2011. Direktur Kemahasiswaan DIKTI Prof. Dr. Joko Purwanto, M.Si. Hubungi 081281108799 Wahyudin Zarkasi. No. referensi PTX:001/3591/0100/1572/503",penipuan,spam,agtbaskara/dataset_sms_spam_v2,id
SIM Card anda M-dptkan HADIAH 1 YUNIT MOBIL TOYOTA YARIS No.pin pemenang Anda [8JF2177] U/INFO www.hadiahtricare.blogspot.com,penipuan,spam,agtbaskara/dataset_sms_spam_v2,id
SIMCARD Anda adalah pemenang Gebyar isi ulang TRI 2015 dengan PIN:7N77F33 lakukan verifikasi sekarang juga hanya di www.idtricare.blogspot.com,penipuan,spam,agtbaskara/dataset_sms_spam_v2,id
"Slmat No anda m-dpt dana bantuan Rp.55jt'dr PT SIDOMUNCUL u/info hub;ir,HJ,MULIYADI 0852-3377-1855 PELAKSANA;PT SIDOMUNCUL",penipuan,spam,agtbaskara/dataset_sms_spam_v2,id
Slmt No Anda mendptkan Hadiah 1 unit MOBIL HONDA jazz dr promo TRI CARE 2016 dgn PIN PEMENANG:454647LM lnfo Klik:www.kejutanbimatri.blogspot.com,penipuan,spam,agtbaskara/dataset_sms_spam_v2,id
Slmt no anda resmi m/dpt hdiah Rp100jt  DRI PT MKIOS pmenang ke2 pin anda[M2577] u/info;hub.pak.H RISAL DERMAWAN 0822-9399-7119 MKIOS,penipuan,spam,agtbaskara/dataset_sms_spam_v2,id
"Slmt simCARD anda 08562XXXXXX mdpat cek tunai Rp.49jt PIN (RWD2749) info CS,085691371116 atau kunjungi www.indosat-id.jimdo.com",penipuan,spam,agtbaskara/dataset_sms_spam_v2,id
"SLMT!! No Anda men-dpt hadiah dr:pengundian PT.TELKOMSEL No pin b89c7... Untuk melihat Hadiah Anda, silakan klik : www.telkomselpoin2222.webs.com",penipuan,spam,agtbaskara/dataset_sms_spam_v2,id
Slmt!! No anda Mendpt hadiah Rp. 75 juta. dari TELKOMSEL poin. Diundi tadi mlm Pukul 23:30.wib Di RCTI.Info Hub : 085377177138.IR. SERIANTO. Pengirim : *777,penipuan,spam,agtbaskara/dataset_sms_spam_v2,id
Slmt!! No Anda Men-dptkan Hadiah dr Pengundian Poin Plus Plus INDOSAT No Pin(d377hi8) info Pemenang silahkan klik www.kejutan-indosatpoinplusplus2013.webs.com,penipuan,spam,agtbaskara/dataset_sms_spam_v2,id
Slmt!! No Anda Men-dptkan Hadiah dr Pengundian Poin Plus Plus INDOSAT No Pin(d377hi8)Utk info Pemenang silahkan klik www.kejutan-indosatpoinplus2013.webs.com,penipuan,spam,agtbaskara/dataset_sms_spam_v2,id
SLMT!!! NO anda m-dpt mobil AVANZA dr kartu AS di undi td malam di metro TV pkl : 23.00 wib u/info klik : www.telkomsell.jimdo atau/Hub : 0016285286552555,penipuan,spam,agtbaskara/dataset_sms_spam_v2,id
SLMT!!! NO anda m-dpt mobil AVANZA dr kartu AS. di undi td malam di metro TV PKL 23:00.info.kunjungi almt kami:www.Priode-.webs.com/hub:0016282190254447.TSEL,penipuan,spam,agtbaskara/dataset_sms_spam_v2,id
Slmt!!No anda Mendpt hadiah Rp.75jt.dari TELKOMSELpoin Diundi tadi mlm Pukul.23:30.wib Di RCTI.info Hub: 085217777509 Drs.H.SRIANTO Pengirim: +777,penipuan,spam,agtbaskara/dataset_sms_spam_v2,id
"SLMT!-No Anda M-dpt 1-unit Mobil all New AVANZA,Dari TELKOMSELpoin PIN_pmenan anda b89c7h9)U/info Lengkap kunjungi: www.telkomselpoin-777.pusku.com",penipuan,spam,agtbaskara/dataset_sms_spam_v2,id
"Slmt_No. Anda Mndptkn Hadiah ""GRAND PRIZE"" Uang 'Rp.100jt,dr TELKOMSEL poin No.PIN-25g47jk Hub Call Center 081233303888 Pengirim : T-Sel",penipuan,spam,agtbaskara/dataset_sms_spam_v2,id
"SMLT_Anda m-ndpt Hadiah TOYOTA ALL New AVANZA, dr TELKOMSELpoin, Pin pemenang anda b89c7h9. U/INFO Lebih lengkap kunjungi: http;//gebyartelkomsel.juplo.com",penipuan,spam,agtbaskara/dataset_sms_spam_v2,id
"solusi khusus pemegang kartu kredit, nikmati kredit tanpa angunan dari bank asing 5 - 99 jt = 1,79 % 100 - 150 jt = 1,5% hub: lukman 081586769255 021 - 94828857",penipuan,spam,agtbaskara/dataset_sms_spam_v2,id
"Solusi praktis khusus pemegang kartu kredit nikmati kemudahan Kredit Tanpa agunan 5 - 150jt dgn max pinj 5 X limit, HUB FANY 02194521396 ( abaikan jika tdk berminat )",penipuan,spam,agtbaskara/dataset_sms_spam_v2,id
Surat Keputusan dari Tri Care Indonesia No.XV/2015 Pin_Pemenang ANDA : 67ytg44 mendapatkan hadiah cek tunai Rp 45 jt. U/INFO kunjungi: www.id.tri.webnode.com.,penipuan,spam,agtbaskara/dataset_sms_spam_v2,id
"Surat Keputusan dari Tri Care INDONESIA No.XV/2016 PIN_PEMENANG ANDA.HH25H77 Mendapatkan Hadiah 1 Unit Mobil Honda Jazz RS,U/Info Klik:http//tri-2016.webnode.com/",penipuan,spam,agtbaskara/dataset_sms_spam_v2,id
Surat keputusan dari Tri Care INDONESIA No.XV/2016 Pin_Pemenang ANDA:67ytg44 mendapatkan HADIAH CEK TUNAI Rp.45juta U/INFO klik: www.info-undian3.webnode.com,penipuan,spam,agtbaskara/dataset_sms_spam_v2,id
Surat keputusan dari tri care indonesia no.XV\2016 pin pemenang anda 67YTG44 terpilih mendapatkan cek sebesar 45jt info kunjungi www.my-tri8.webnode.com,penipuan,spam,agtbaskara/dataset_sms_spam_v2,id
Surat Keputusan dr Tri Care No.XV/2015 PIN Pemenang Anda=M902CX8J Mendapat Cek Rp. 35juta. U/Info klik www.info-3careindonesia.tk,penipuan,spam,agtbaskara/dataset_sms_spam_v2,id
Surat Keputusan dri PT.Tri 3care No.XV/2015 Pin_Pemenan Anda 2f5c477 Ber'hasil Men-dapatkan 1 Yunit Mobil HONDA JAZZ RS.U/info Kunjungi www.situshadiah-3care.blogspot.co.id,penipuan,spam,agtbaskara/dataset_sms_spam_v2,id
Surat Keputusan Dri Tri Care No.XV/2015 Pin Pemenang 477BFG7S Mdptkan Hadiah HONDA JAZZ HUB:02150227999 Info Pin klik: www.tricareindonesia.com,penipuan,spam,agtbaskara/dataset_sms_spam_v2,id
Surat Keputusan PT.TRI CARE Slamat No.Anda Resmi Meraih Hadiah TOYOTA YARIS PIN Undian:477FBG7S Info Hub:089636872499 KLIK:www.pusat-tricare.com,penipuan,spam,agtbaskara/dataset_sms_spam_v2,id
Surat keputusan PT.TRI.3 SimCard anda Resmi M-dptakan Hadiah HONDA JAZZ Rs Pin Undian: 477BFG7S. Info Hub: 089667794299 KLIK : www.gebyar-tricare.com,penipuan,spam,agtbaskara/dataset_sms_spam_v2,id
Surat Keputusan PT.TRI.3 Slamat No.08966xxx Resmi M-dptkan HONDA JAZZ Rs KODE Pin:477BFG7S Info Hub:08606490199 KLIK: www.hadiah-tricare.com,penipuan,spam,agtbaskara/dataset_sms_spam_v2,id
Surat keputusan resmi dr Tri Care No.XV/2016 PIN Pemenang Anda=39XV544F Mendpt-1 unit Mobil HONDA JAZZ Rs U/Info klik www.kejutantriindonesia.blogspot.co.id ,penipuan,spam,agtbaskara/dataset_sms_spam_v2,id
Surat keputusan resmi M-KIOS NOXV/04/2016 Menyatakan No.Anda resmi meraih hadiah ke-2 dri PT.M-KIOS Pin;M248K81 u/info klik ; www.hadiah-ptmkios547.blogspot.com,penipuan,spam,agtbaskara/dataset_sms_spam_v2,id
Surat keputusan resmi SLMT'No SIM CARD anda telah T/pilih pemenang Ke-2 dri PT-M-TRONIK Pin anda:(2f54e7) U/info klik: www.cekhadiahmtronik2016.ga,penipuan,spam,agtbaskara/dataset_sms_spam_v2,id
Surat Keputusan: No.VII/T-3/16. Kode Undian: 94ad653 Selamat No.Anda mendpt Hadiah CEK TUNAI Rp.45Jt U/Info Kunjungi; www.gebyartricare.co.vu,penipuan,spam,agtbaskara/dataset_sms_spam_v2,id
Surat_keputusan dari tricare indonesia NO XV/2015 Pin pemenang 8JF2177 mendapatkan 1TOYOTA YARIS U/info Kunjungi www.tri-2015.webnode.com atau blogspot.com,penipuan,spam,agtbaskara/dataset_sms_spam_v2,id
"Sy Ajeng mendapat sms dari PT. 3Care Indonesia uang tunai Rp. 100 juta di website www.pttricare2016.blogspot.com tetapi dimintai membayar Administrasi Rp. 1,250 juta...sy juga di telpon pak Bambang Purwanto & diberi nomer rekening tujuan pembayaran Administrasi melalui Bank BRI a/n PT. TRI LESTARI bahkan dalam websitenya dicantumkan KTP Marketing Office PT. 3 Care Indonesia",penipuan,spam,agtbaskara/dataset_sms_spam_v2,id
"Sy Dr. Hj FATIMA sdh cocok mengenai Rumah dan Tanah Bpk/Ibu, tlg jgn ditawarkan lg ke yg lain. Soal Hrg negosiasi ke suami sy di 082375833300 Dr. H. HENDRA IRAWAN",penipuan,spam,agtbaskara/dataset_sms_spam_v2,id
"Sy Dr.Rimbawan(Dirmawa IPB)Yth,Jajang Roni Aunul Kholik(NIM:E14090090)Di minta Hbngi Skrng Prof.Dr.Ir.Yonny Koesmaryono,MS.0819882923.Di Tunjuk Hadir Seminar Pengembangan Karakter Mahasiswa Dari Dikti Tgl 14/15 April di Htl Nusa Dua Bali,Trims.",penipuan,spam,agtbaskara/dataset_sms_spam_v2,id
"Sy RUDI di jambi, bgi tman2 yg sering kalah Togel saatnya kalahkan bandar hub mbah ROS 082325557768 di jamin tembus, sy sdh buktikan 4D 50jt.",penipuan,spam,agtbaskara/dataset_sms_spam_v2,id
"sy RUDY dri MALAYSIA Brencana investasikan uang sy Sbagai bekal hidup di indo,sy butuh org yg bisa sy percayakan uang sy RM 5jt,bila Bsedia,sms di 085256144059",penipuan,spam,agtbaskara/dataset_sms_spam_v2,id
Terima kasih telah melakukan isi ulang di sunny15.Trx Sukses sbsar 10.000 SN:1790103904.BYR PLNTELKOM BISA.Kami tnggu kedatangan Anda kembali,penipuan,spam,agtbaskara/dataset_sms_spam_v2,id
Terima kasih telah melakukan pengisian di counter kami WAR PUL CELL. Info: kami Melayani pembayaran tagihan PLN,penipuan,spam,agtbaskara/dataset_sms_spam_v2,id
Terpilih dapat cek 27jt. KODE TRIPLE CEK ANDA (02599875) U/Info Klik Website www.undianbri.co.vu,penipuan,spam,agtbaskara/dataset_sms_spam_v2,id
"TOGEL SGP EDISI SENIN 10/06/2013 ANGKA JITU 40,76,65,53,89 di jamin tbs,stlh tbs anda harus krim plsa 100rb sebagai maharnya dkrm ke no; 082329969711 KI KARSO",penipuan,spam,agtbaskara/dataset_sms_spam_v2,id
"Toko bagus phone promo diskon 50% blackberry:Dakota Rp.2,8jt torchRp 2jt Gemini 900rb info/sms/pin 282F4C55 085776973349 WWW.TOKOBAGUSPHONE.COM",penipuan,spam,agtbaskara/dataset_sms_spam_v2,id
"toko bursa cuci gudang diskon 60% BB DAKOTA ; 2,3 JT, TOCH ; 1,6 JT, GEMINI ; 1 JT, LAPTOP INFO : 085322222369 PIN BB : 2A6FB800E www.shopinbursabb.blogspot.com",penipuan,spam,agtbaskara/dataset_sms_spam_v2,id
"TOKO JAYA BB,,, discount 50% berbagai type BLACKBERRY Gemini 900 ribu, Torch 2,5 jt, Dakota 2,8 jta NOKIA& SAMSUNG, Info klik www.jayabb.com",penipuan,spam,agtbaskara/dataset_sms_spam_v2,id
"TOKO JEMBER Promo Discon 50% Keyboard Yahama: Dakota Rp. 2,8 jt, Onix3 Rp. 2,2 jt, Gemini Rp. 800 rb Info/SMS : 085234234117 PIN BB 295C6D02 www.jember-shop.blogspot.com",penipuan,spam,agtbaskara/dataset_sms_spam_v2,id
"TOKO NIAGA-CELL Disc 45% Khusus PROMO :-  Blackberry-  NOKIA-  SAMSUNG-  IPHONE dll, Info Hub/sms ke : 082-33333-783 Buka  Website Kami : www.niaga-cell.blogspot.com",penipuan,spam,agtbaskara/dataset_sms_spam_v2,id
TOKO RAHMAT ABADI BIG SALE 50% Blackberry/Iphone Ipad/Samsung Laptop/DLL Info Hub Sms: 085774280447 PIN: 26AB6BEE Atau Cek di: www.abadi-shop47.blogspot.com,penipuan,spam,agtbaskara/dataset_sms_spam_v2,id
"Tolong belikan dulu mama pulsa 25rb di no AS baru mama 085245318024 soalnya teman mama kecelakaan, skrg kluarganya hrus dihubungi, nti mama ganti uangnya,penting",penipuan,spam,agtbaskara/dataset_sms_spam_v2,id
"tolong uangnya di kirim ke rekening ini aja,BRI, A/N: HASAN MAHMUD. REK: 3292-0101-9525-532. Sms aja klau sudah di kirim,makasih.",penipuan,spam,agtbaskara/dataset_sms_spam_v2,id
"Tolong uangnya di transfer aja kesini MANDIRI a/n RAHMAD ADRIAN No rek: 1340-0065-58125 sms aja kalo sdh dikirim, trims",penipuan,spam,agtbaskara/dataset_sms_spam_v2,id
"Tolong uangnya di transfer saja ke Bank ----- An Ardiansyah 5500248418, kalau sudah ditransfer sms saja, terima kasih",penipuan,spam,agtbaskara/dataset_sms_spam_v2,id
"Tolong uangnya Di transfer sekarang aja ke bank BNI: 022-741-3681. A/n FRISKA ANANDA, sms kalau sudah di Transfer, trimksi... - See more at: http://metropolitan.inilah.com/read/detail/1777965/awas-modus-penipuan-sms-model-baru#sthash.DKwN8EaE.dpuf",penipuan,spam,agtbaskara/dataset_sms_spam_v2,id
"Tolong uangnya dikirim aja kesini BANK DANAMON a/n Farida hanum No rek. 0035-3918- 4014 SMS aja klo udah dikirim, Trims",penipuan,spam,agtbaskara/dataset_sms_spam_v2,id
"Tolong uangnya ditransfer saja ke Bank xxx A/n. xxx 0231327XXX, kalau sudah ditransfer SMS saja, terima kasih",penipuan,spam,agtbaskara/dataset_sms_spam_v2,id
"TOP100 CELLULER Discound 25% BB DACOTA RP. 3,9 jt, BB ONYX3 Rp 3 jt, BB GEMINI Rp  1 jt, Laptop\KAMERA, iphone ; dll, info kunjungi www.top100-celluler.com pin ; BB, 2A95596A",penipuan,spam,agtbaskara/dataset_sms_spam_v2,id
"TOUR-TRAVEL dptkan tiket pesawat, promo domestik & internasional mudah/aman, booking Online 24 jam hub telp : 081314447669 atau websete di : www.lion-airtravel.com.",penipuan,spam,agtbaskara/dataset_sms_spam_v2,id
"Transfer ke Bank xxx saja a/n xxx No rek 7390685xxx, kalau sudah ditransfer SMS ke no ini ya!",penipuan,spam,agtbaskara/dataset_sms_spam_v2,id
"Transfer ke BNI aja, a/n SORAYA HARUM rek;0233-293-922 klo sdh kbrin di nmr ini ya!",penipuan,spam,agtbaskara/dataset_sms_spam_v2,id
"Transfer ke Mandiri aja, a/n Resti Amanda norek 9000007701999",penipuan,spam,agtbaskara/dataset_sms_spam_v2,id
Transfer saja uangnya ke rek ini.mandiri.NO Rek: 152-00-1236312-9.a/n:DARMAN. klau sdah di Transfer SMS saja ke nmor ini Trima kasih,penipuan,spam,agtbaskara/dataset_sms_spam_v2,id
Transfernya ke BRI aja A/n ANGGA PRASTIA No Rek 1172-01-002218-502,penipuan,spam,agtbaskara/dataset_sms_spam_v2,id
"Trima ksh telah mjd pelanggan kami ""CNF AQUA"" gnkan no 085729791456 untuk pemesanan air isi ulang dan AGUA ASLI n sed!a jga gas 3kg dan 12kg tlng sebarkan sms ini ke tmn2 kost n kampus jga ya jgn berhenti di km terima kas!h(nb:tlng save no pemesanan aqua b!la suatu saat membutuhkan mksh).GRATIS ANTAR",penipuan,spam,agtbaskara/dataset_sms_spam_v2,id
TSELpoin 777 kejutan POIN Hadiah Rp.15jt Resmi diberikan 0852212XXXXX PIN-b7Bc247 u/info Hub/CS; PT.TELKOMSEL 021-40467488 021-50219992 Pengirim; +777,penipuan,spam,agtbaskara/dataset_sms_spam_v2,id
Uangnya di Trnsfer di BNI ini aja a/n RASTINA NO.REK.0253 7915 37.Klo sdh d Trnsfer Sms aja di no ini 085293355598 Trmks.,penipuan,spam,agtbaskara/dataset_sms_spam_v2,id
"Uangnya dikirim aja ke Rekening ini, BankBNI a/n SAFITRI  No.Rekening 0282566132",penipuan,spam,agtbaskara/dataset_sms_spam_v2,id
Uangnya dikirim saja ke Rek. BANK BNI A/n. : Sdr ABDUL RAHMAN No. Rek. : 024-8721- 191 SMS saja kalau sudah dikirim. terima kasih,penipuan,spam,agtbaskara/dataset_sms_spam_v2,id
WASSALAMU ALAIKUM WR WB UANGNYA DIKIRIM SAJA KE NO REK INI BRI A/N NOVA ARYAxxx 0544 0100 8633 xxx KALAU SDH TRANSFER SMS AJA DI NO INI TRMH KASIH” No. HP Pengirim SMS: 0821-5104-2542,penipuan,spam,agtbaskara/dataset_sms_spam_v2,id
"Ya Allah, semoga yg mempunyai hp ini & keluarganya selalu dalam Kasih Sayang Mu, diberkahi rejekinya & dijauhkan dari mara bahaya"", jawab Amin jika Anda berkenan",penipuan,spam,agtbaskara/dataset_sms_spam_v2,id
"Yank tlong isi’in aku pulsa 10rb, di no ini,082189983017 nanti aq yg tlpn yacc!",penipuan,spam,agtbaskara/dataset_sms_spam_v2,id
Yank Tolong isi'in pulsa di no ini.085325556742 ini no baruq.skrng penting,penipuan,spam,agtbaskara/dataset_sms_spam_v2,id
"Yank, isikan dl pulsa di no as ini 085323048677 nanti gw gantiin.Penting bget nih krn barusan bos gw nelpon gw tgguin yach…",penipuan,spam,agtbaskara/dataset_sms_spam_v2,id
Yth Bpk/Ibu. BNI menyatakan Rekening anda terpilih sebagai pemenang hadiah Rp. 35jt. kode cek anda 03299757 info klik www.bankbni2016.blogspot.com,penipuan,spam,agtbaskara/dataset_sms_spam_v2,id
Yth Isti Sofiyah. Diminta Segera Hubungi Bpk Drs.H .Lalu Safi’ i M.Pd. Kadisdik NTB.08531166 6557 Perihal Seminar Gratis Dari DIKTI. (Bu Sri TU.Diknas),penipuan,spam,agtbaskara/dataset_sms_spam_v2,id
YTH kpd bpk/ibu sy Eka Novitasari kariyawan 3care sudah M-hub anda tdk tersambung dgn hormat hal ini kami sampaikan melalui sms singkat dr layanan kami bahwa selamat no anda M-dptkan hadiah 1 unit mobil Toyota Avanza dgn PIN:47V27 dr undian rejeki 3care periode utama 2014.u/info lebih lanjut kunjungi www.rejekiundian3care.jimdo.com,penipuan,spam,agtbaskara/dataset_sms_spam_v2,id
"YTH,MIitra Silahkan cek poin anda dan tukarkan ke admin kami dengan format PO.PIN kirim ke +62xxxxxxxxxx",penipuan,spam,agtbaskara/dataset_sms_spam_v2,id
"Yuk Ikuti akun dakwah, caranya: ketik IKUT [spasi] AkuCintaIslam kirim ke 082110001021.",penipuan,spam,agtbaskara/dataset_sms_spam_v2,id
 Di kfc yg deket enhaii ada dy,normal,ham,agtbaskara/dataset_sms_spam_v2,id
" Maaf jika ada janji yang belum terpenuhi, jika ada janji boleh mengingatkan saya. ",normal,ham,agtbaskara/dataset_sms_spam_v2,id
*ngsih bunga ato coklat min ,normal,ham,agtbaskara/dataset_sms_spam_v2,id
.sambl nunggu itu.. Gimana kalo ngerjain form formnya aja dulu,normal,ham,agtbaskara/dataset_sms_spam_v2,id
"[Akademik] Untuk perhatian tuk jadwal kontrak kuliah buat ang 2012 itu bukan sebenarny, kuliah ikut jadwal kur yg baru ang 2013 ato keatas 2014,2015,2016.. sehingga jadwal yg ada adalah jadwal bayangan tuk tujuan kontrak kuliah..Hal diatas ga berlaku tuk mk yg memang berjalan di ang kalian spt skripsi dan sidang..demikian harap diperhatikan..",normal,ham,agtbaskara/dataset_sms_spam_v2,id
"[INFO PLA]Assalam..Bagi yg ambil mk pla wajib kumpul pada hari/tgl kamis,25 agustus 2016 pukul 10.00 WIBB..Agenda: pembekalan dan penjelasan PLA.Tempat : Gdg JICA lt.3 R.S301.Demikian informasiny..harap diperhatikan d disebarkan",normal,ham,agtbaskara/dataset_sms_spam_v2,id
[Info] bagi teman2 yg mengumpulkan data asisten lab/matakuliah bukti berupa surat keterangannya sudah bisa diambil ke pak andri ,normal,ham,agtbaskara/dataset_sms_spam_v2,id
2016/08/21 12:27:17 Anda telah terdaftar sebagai pelanggan TCASH full service. Tingkatkan saldo Anda dg isi saldo TCASH di merchant berlogo TCASH terdekat.,normal,ham,agtbaskara/dataset_sms_spam_v2,id
2016/08/21 12:27:32 PIN baru TCash anda adalah 605598. Silahkan menggunakan PIN baru anda untuk menikmati layanan TCash Telkomsel,normal,ham,agtbaskara/dataset_sms_spam_v2,id
22nya mad. Aku bingung bkn laporannya 😂,normal,ham,agtbaskara/dataset_sms_spam_v2,id
"aamiin, makasih semuanya moga cepat lulus juga",normal,ham,agtbaskara/dataset_sms_spam_v2,id
Aamiin. Makasih semuanya..semoga teman2 cepat nyusul dan semoga segala urusannya diberikan kelancaran oleh Allah.aamiin,normal,ham,agtbaskara/dataset_sms_spam_v2,id
Abis maghrib yaa,normal,ham,agtbaskara/dataset_sms_spam_v2,id
Ada belakang warkop deket indomaret gerum 500/bulan,normal,ham,agtbaskara/dataset_sms_spam_v2,id
Ada di bip yang studio fotonya gitu,normal,ham,agtbaskara/dataset_sms_spam_v2,id
"Ada nama1 . Tpi gatau msh berfungsi atau engga, udh lama ga dipake sih",normal,ham,agtbaskara/dataset_sms_spam_v2,id
Ada diruangan nya tadi,normal,ham,agtbaskara/dataset_sms_spam_v2,id
Ada internet min alamatnya dmn?,normal,ham,agtbaskara/dataset_sms_spam_v2,id
"Ada mba, harganya 1,6jt/bln. Fasilitasnya air hangat, kamar mandi dalam, tv, tv kabel, wifi, meja, tempat tdr, dan lemari.",normal,ham,agtbaskara/dataset_sms_spam_v2,id
Ada nya instagram,normal,ham,agtbaskara/dataset_sms_spam_v2,id
Ada perasaan nyesel gt sedikit. Waktu kuliah. Asa ga merhatin. Ga ngerangkul semua. Aku pribadi hmm,normal,ham,agtbaskara/dataset_sms_spam_v2,id
Ada semua di panduan pla..dishare di grup ini dan fb,normal,ham,agtbaskara/dataset_sms_spam_v2,id
"Ada sih yg nikah muda tp (keliatan) bahagia, tp one of a million kayaknya kalo temen2 ku hmm",normal,ham,agtbaskara/dataset_sms_spam_v2,id
"Ada teh dikpad, ini kontaknya ####",normal,ham,agtbaskara/dataset_sms_spam_v2,id
Ada yang 400 rb yang kamar mandinya sama2 kalau yang ada kamar mandi di dalam kalau yang kecil 600 dan yang agak besar 700 rb,normal,ham,agtbaskara/dataset_sms_spam_v2,id
Ada yg lain kok ikan tahu tempe,normal,ham,agtbaskara/dataset_sms_spam_v2,id
"Ada yg nikah muda, ada yg gagal nikah, ada yg pacaran lama eh putus tapi alesannya karna terlalu sayang jd gak mau nyakitin (pret), ada yg jagain jodoh org, ada yg ah banyak lah wkwk",normal,ham,agtbaskara/dataset_sms_spam_v2,id
Ada yg tau ruangan pak daya yg di fpmipa b?,normal,ham,agtbaskara/dataset_sms_spam_v2,id
"Ada yg tdk bisa jam tertentu? Kemungkinan pagi jam 8, tapi nanti diumumkan.",normal,ham,agtbaskara/dataset_sms_spam_v2,id
Aduh aku ge ini pusing yg mau lamaran siapa yg nyari2 kebutuhan siapa,normal,ham,agtbaskara/dataset_sms_spam_v2,id
Aigoo banyak banget chatnyaa aku baru liat hape hehehe,normal,ham,agtbaskara/dataset_sms_spam_v2,id
"Airnya asa kurang lancar, besok ku tanya papa yah,",normal,ham,agtbaskara/dataset_sms_spam_v2,id
Ajakin ke soekarno hatta aja nama1 . Makan di eatboss soekarno hatta wkwkw,normal,ham,agtbaskara/dataset_sms_spam_v2,id
"Aku ada spagetti, tp usah kaldaluarsa belum yah",normal,ham,agtbaskara/dataset_sms_spam_v2,id
Aku bawa daging yg dah direbus gapapa? Yg mentah tinggal tulang2an wkwk,normal,ham,agtbaskara/dataset_sms_spam_v2,id
Aku besok dtg agak telat jam 8 boleh ngga? Kan jam 10 ya mulainya?,normal,ham,agtbaskara/dataset_sms_spam_v2,id
"aku delete aja ya, ntar nama1 pull dulu atau sync dulu, ntar masukin yang nama1 , baru push.",normal,ham,agtbaskara/dataset_sms_spam_v2,id
Aku depan pasca skrng,normal,ham,agtbaskara/dataset_sms_spam_v2,id
Aku di pt. DI,normal,ham,agtbaskara/dataset_sms_spam_v2,id
Aku dy wkwk makanya kurang direstui jg krna kejauhan,normal,ham,agtbaskara/dataset_sms_spam_v2,id
"Aku ga enak euy bilang ke adiknya, adiknya pengen ke pvj nama1  :(",normal,ham,agtbaskara/dataset_sms_spam_v2,id
Aku ga ke upi sepertinya,normal,ham,agtbaskara/dataset_sms_spam_v2,id
"Aku ingin pagi, tp masa berdua nama1 doang pake grab :( nunggu nama1 siang :(",normal,ham,agtbaskara/dataset_sms_spam_v2,id
Aku jg blm berangkt wkwk,normal,ham,agtbaskara/dataset_sms_spam_v2,id
Aku jg di rumah lg ga ada apa2 gara2 kulkas rusak :( biasanya suka nyetok sayur,normal,ham,agtbaskara/dataset_sms_spam_v2,id
"Aku jg waktu itu foto tgl 17 juli, katanya selesai 29 agustus :(",normal,ham,agtbaskara/dataset_sms_spam_v2,id
aku kira bukan besoook :'(,normal,ham,agtbaskara/dataset_sms_spam_v2,id
"Aku kumpul pon dulu dy, kalo haris kerjanya dari sore mo pacaran dulu dy",normal,ham,agtbaskara/dataset_sms_spam_v2,id
Aku mah plg kerumah ketemu ayah mama cukup kok :'),normal,ham,agtbaskara/dataset_sms_spam_v2,id
"Aku mah sering ditinggal jualan, jd mau marah juga ntar alesannya ""duit kan buat km juga"", diem lgsg haha",normal,ham,agtbaskara/dataset_sms_spam_v2,id
Aku mau bawa balon sm coklat min. Mau nitip?,normal,ham,agtbaskara/dataset_sms_spam_v2,id
Aku mau nyari data yang dibutuhin dari tabel mana aja.,normal,ham,agtbaskara/dataset_sms_spam_v2,id
"Aku merasa geleh sendiiri ini lipstik aku merah sekali wkkw, mana dapet dikasih ini jg",normal,ham,agtbaskara/dataset_sms_spam_v2,id
"aku push yang updatenya, itu udah di template sama adminLTE.",normal,ham,agtbaskara/dataset_sms_spam_v2,id
Aku senin udah ke tempat kerja. Minggu2 depan aku gaktau bisa/ngga :(,normal,ham,agtbaskara/dataset_sms_spam_v2,id
Aku teh cuma bawa celana jeans yg tua tp jilbabnya yg muda -_-,normal,ham,agtbaskara/dataset_sms_spam_v2,id
"Alhamdulillah, makasih yaaa udah meluangkan waktu 😘",normal,ham,agtbaskara/dataset_sms_spam_v2,id
"Alhamdulillah, puji syukur atas nikmat Allah swt. yang telah memberikan nikmat hidup sampai detik ini sehingga saya masih bisa untuk mengevaluasi diri. Selama itu tentu saya menyadari banyak melakukan kekhilafan dan kesalahan.",normal,ham,agtbaskara/dataset_sms_spam_v2,id
"Alhamdullilah sudah beres semua :)  Bagi yang mau keluar dari group dipersilahkan, tapi silahkan juga kalau ada yg mau memanfaatkan group ini untuk diskusi dengan topik terkait untuk skripsi/gemastik/kerjaan.",normal,ham,agtbaskara/dataset_sms_spam_v2,id
AndiPublisher.com#PO0216020925#96000#02-02-2016#BNI#Bank Mandiri,normal,ham,agtbaskara/dataset_sms_spam_v2,id
Asal pagi pagi ya.. Bjam 10an saya sudah ke jakarta..,normal,ham,agtbaskara/dataset_sms_spam_v2,id
"nama1  jg text dy, text essay jawaban gt Jd misal nih ada murid sama guru, si guru ngasih ujian, nanti hasil jawaban ujian murid dibandingin sama jawaban dari guru (jawaban yg bener) trs outputnya berupa skor hasil ujian itu",normal,ham,agtbaskara/dataset_sms_spam_v2,id
nama1 itu msh pake db aku yg lama itu msh anomali bisa nyesuain ga,normal,ham,agtbaskara/dataset_sms_spam_v2,id
nama1 seharusnya cuman nambah table daftar_ulang_ird + kalau ada masternya. Yg lain kita samain aja ya pake yg aku data_pasien (2).sql,normal,ham,agtbaskara/dataset_sms_spam_v2,id
"Assalamualaikum akang teteh, jangan lupa ya hari ini ada carrier day jam 10:30, exhibition fpmipa b :) (love) Hayuu teh ditungguuu",normal,ham,agtbaskara/dataset_sms_spam_v2,id
"Assalamualaikum Bu. Saya nama1 mhsi ilkom 2012 baru dpt pembimbing skripsi. Mohon maaf bu, kalau minggu ini ada di kampus hari ap aj Bu? Terima kasih.",normal,ham,agtbaskara/dataset_sms_spam_v2,id
"Assalamualaikum pak, mau nanya seputar mobcom sp, apakah harus ikut perkuliahan dari sekarang apa bisa ikut pas sp nanti aja pak? Trims ",normal,ham,agtbaskara/dataset_sms_spam_v2,id
"assalamualaikum pak, mohon maaf saya mau tanya pak, apakah remedial dwm harus hadir di tempat pak? apa bisa online? mohon maaf sebelumnya",normal,ham,agtbaskara/dataset_sms_spam_v2,id
Assalamualaikum Pak. Ini dg nama1 ilkom 2012. Maaf Pak td saya ninggalin proposal di meja Bapak di atas printer. Terima kasih Pak.,normal,ham,agtbaskara/dataset_sms_spam_v2,id
Assalamu'alaikum wr wb. Berikut daftar penguji PLA tahap 4,normal,ham,agtbaskara/dataset_sms_spam_v2,id
"Assalamu'alaikum, nama1 mau minta bantuan.",normal,ham,agtbaskara/dataset_sms_spam_v2,id
Assalamualaikum. Ada yg tau kalo file buat penilaian ada di mana? Apa ada di fb?,normal,ham,agtbaskara/dataset_sms_spam_v2,id
"Atau gaperlu ke kampus nama1 , tolong kirimin kuncinya aja make jne cenah ip",normal,ham,agtbaskara/dataset_sms_spam_v2,id
"Atuhlah, aku telah meninggalkan yg nyaah, jgn gitulah gais, bisi teringat masa lalu 😢",normal,ham,agtbaskara/dataset_sms_spam_v2,id
atulah aku teh udh ngidam sate maranggi dr bulan puasa 󾌹 naha ka subang teu ngajakan ih,normal,ham,agtbaskara/dataset_sms_spam_v2,id
"Ayam aja Pak, terus satu paket itu sama isinya ap aja?",normal,ham,agtbaskara/dataset_sms_spam_v2,id
Ayam kita menunya banyak bu...ada ayam bakar.kremes. cabe ijo. Lada hitam. Asam manis. Rica rica. Baberque. Untuk isinya nasi.ayam.lalapan.sambal. tempe tahu . air mineral gelas. Bu...maaf bu kita ada paket yang 16rb s/d 19rb. Kalau boleh tau anggaran ibu berapa ya,normal,ham,agtbaskara/dataset_sms_spam_v2,id
"Ayo nama1 semangat skripsian yaaah biar cpt lulus, kerja, dan cpt nikah wkwkwk",normal,ham,agtbaskara/dataset_sms_spam_v2,id
"bagi yang sudah diuji segera diserahkan dgn dijilid, bagi yg sdg nunggu diuji sabar tuk sesuaikan waktupenguji..",normal,ham,agtbaskara/dataset_sms_spam_v2,id
Bagi yg tertarik lanjut ke gemastik 2016 ini tempat diskusinya : http://line.me/R/ti/g/xxxxx,normal,ham,agtbaskara/dataset_sms_spam_v2,id
"Baik Pak, berarti nanti Kamis kami ke kantor lagi",normal,ham,agtbaskara/dataset_sms_spam_v2,id
"Baik Pak, bsk sekalian kami bawa form penilaian ya Pak, dan berkas lainnya.",normal,ham,agtbaskara/dataset_sms_spam_v2,id
Bali mah kudu berapa atuh duitnya,normal,ham,agtbaskara/dataset_sms_spam_v2,id
Baru ngeh chatnya maafkan (maaf),normal,ham,agtbaskara/dataset_sms_spam_v2,id
"bebas nama1, terus nanti kalau ada tgl libur, pajuin aja misal jadi kamis atau sabtu.",normal,ham,agtbaskara/dataset_sms_spam_v2,id
Bebas... Senin stuju.. Apa aja yg di kebapain selain program ?,normal,ham,agtbaskara/dataset_sms_spam_v2,id
Beli es kelapa depan d besto teh,normal,ham,agtbaskara/dataset_sms_spam_v2,id
Belum de.. Saya kagi nyoba ngejar..,normal,ham,agtbaskara/dataset_sms_spam_v2,id
"Belum diuji, pa. Insya Allah siang hari ini mau ke kampus, dan mudah2an pa eka nya ada.",normal,ham,agtbaskara/dataset_sms_spam_v2,id
"Bentar lg ke gik, buru2 ga? Kalo buru2 nitip yg ngontrak ipc aj",normal,ham,agtbaskara/dataset_sms_spam_v2,id
Berarti saya ke palasari nya skrg .. abis itu langsung ke gik,normal,ham,agtbaskara/dataset_sms_spam_v2,id
Besok aku kasihin softfilenya gpp?,normal,ham,agtbaskara/dataset_sms_spam_v2,id
Besok dwm jadi ya praktikum weka. Bawa laptop.,normal,ham,agtbaskara/dataset_sms_spam_v2,id
"besok jam berapaa? harus jadi ih, udah 2 kali skip 😂",normal,ham,agtbaskara/dataset_sms_spam_v2,id
Besok kekantor saya tunggu jam 9 ya..,normal,ham,agtbaskara/dataset_sms_spam_v2,id
Besok mau ke kampus lagi ga?,normal,ham,agtbaskara/dataset_sms_spam_v2,id
Besok saya ada rapat dinas.. Selasa aja ya...,normal,ham,agtbaskara/dataset_sms_spam_v2,id
Besok siang ya jam 2,normal,ham,agtbaskara/dataset_sms_spam_v2,id
Besok yuk dua jam bih dari jam 4-6,normal,ham,agtbaskara/dataset_sms_spam_v2,id
"beu atuh sekarang, sambil nunggu yg pulang ppl",normal,ham,agtbaskara/dataset_sms_spam_v2,id
Biar rapih aj mad. Ini controllernya msh digabung2 aku bikinnya perfungsi soalnya,normal,ham,agtbaskara/dataset_sms_spam_v2,id
biasana sih pak nama1 sampe jam 12 kan di kampus?,normal,ham,agtbaskara/dataset_sms_spam_v2,id
Biasanya dia bukannya ke subang ya kalo weekend,normal,ham,agtbaskara/dataset_sms_spam_v2,id
Biasanya mah stasiun teh sebelum lewatin rel nama1,normal,ham,agtbaskara/dataset_sms_spam_v2,id
Bimbingan lg nanti nama1 da,normal,ham,agtbaskara/dataset_sms_spam_v2,id
Bisa bu...buka jam 11 bu,normal,ham,agtbaskara/dataset_sms_spam_v2,id
"Bisa kurang dari 15rb ga Pak, sebelumnya kita pernah acara sama bebek komar sekitar iti 13.5rb awal tahun 2015",normal,ham,agtbaskara/dataset_sms_spam_v2,id
bisa turun juga. Mencegah ikut remedial tapi tanpa persiapan dan asal-asalan menjawab.,normal,ham,agtbaskara/dataset_sms_spam_v2,id
Bisi ga enak ga bantuin beberes ato masak2nya :(,normal,ham,agtbaskara/dataset_sms_spam_v2,id
Blm aku cek min mau apa? Kalau penting bgt nanti aku gedorin,normal,ham,agtbaskara/dataset_sms_spam_v2,id
Blm beres sep. Malah byk bug,normal,ham,agtbaskara/dataset_sms_spam_v2,id
Blm mad ntr sore td udh ktmu,normal,ham,agtbaskara/dataset_sms_spam_v2,id
bntr lagi pulang,normal,ham,agtbaskara/dataset_sms_spam_v2,id
Bntr lg kan mau sholat mel. Nanti keluar upinet kasih tau ya. Males balik ,normal,ham,agtbaskara/dataset_sms_spam_v2,id
Bole duaduanya pen hardcover dulu. Tp kalau perusahaan udh minta boleh ttd dulu,normal,ham,agtbaskara/dataset_sms_spam_v2,id
"Boleh bu, kalau ada yang bakal pindah bulan itu. Kalau tidak keberatan bisa kabarin Bu. Terima kasih.",normal,ham,agtbaskara/dataset_sms_spam_v2,id
"boleh install sendiri, nanti juga saya bawa installernya.",normal,ham,agtbaskara/dataset_sms_spam_v2,id
Boleh minta alamat nya kalo dari gang softball kmna gtu,normal,ham,agtbaskara/dataset_sms_spam_v2,id
Boleh nitip coklat ke alhuda?,normal,ham,agtbaskara/dataset_sms_spam_v2,id
Boleh yang di depan ramen aa gpp jam 12.39 ya,normal,ham,agtbaskara/dataset_sms_spam_v2,id
Bsok ada kmpul euy.... Gmna ? Tpi gini aja. Vote aja yg bisa bsok sapa skrg sapa,normal,ham,agtbaskara/dataset_sms_spam_v2,id
"Btw magicomnya yg sedang Gais, gaada yg gede",normal,ham,agtbaskara/dataset_sms_spam_v2,id
Bu maaf saya lupa sekarang hari jumat ya...kalau jumat kita buka jam 1 bu...mau solat jumat dulu...maaf di dari upi ya,normal,ham,agtbaskara/dataset_sms_spam_v2,id
Bu mau mastiin ketemu di jica kan Bu?,normal,ham,agtbaskara/dataset_sms_spam_v2,id
Buat yg mahasiswa baru,normal,ham,agtbaskara/dataset_sms_spam_v2,id
"bulan depan ada daging sapi, mau dibakar dmna ? d pantai atau d rumah nama1 ?",normal,ham,agtbaskara/dataset_sms_spam_v2,id
Cape sih tp da susah euy kalo udah pikiran gtu teh,normal,ham,agtbaskara/dataset_sms_spam_v2,id
Cara panggil na localhost/SistemRumahSakit/gerbang/rawatdarurat,normal,ham,agtbaskara/dataset_sms_spam_v2,id
"cari yang seken, murah meriah kualiatasnya masih bagus kok",normal,ham,agtbaskara/dataset_sms_spam_v2,id
Ceritanya biasa aja. Tp tetep bikin nangis,normal,ham,agtbaskara/dataset_sms_spam_v2,id
Coba siapa yg lagi di prodi? Punten liatin jadwal sidang. Ada tulisan suruh kumpul jam brp gitu gak? Nuhun,normal,ham,agtbaskara/dataset_sms_spam_v2,id
"Cobaan itu teh dy, kadang cewe mah overthink dan overreact",normal,ham,agtbaskara/dataset_sms_spam_v2,id
Cukup alquran sbgai pedoman bagi org2 yg beriman.,normal,ham,agtbaskara/dataset_sms_spam_v2,id
"da gapapa public juga, asal jangan ada yang dimasukin.",normal,ham,agtbaskara/dataset_sms_spam_v2,id
Da sebenernya makan sama indomie ge cukup aku mah 😂,normal,ham,agtbaskara/dataset_sms_spam_v2,id
"Dari pt gagas, pt ixindo, pt bima data pratama, sma sukarnohatta, sma purwakarta, smk pgi, sma swamedia kang",normal,ham,agtbaskara/dataset_sms_spam_v2,id
Data_pasien itu no_medrec sdgkn daftar ulang itu pake no_register karna field yg akan diisi saat daftar ulang beda maka tablenya beda,normal,ham,agtbaskara/dataset_sms_spam_v2,id
Derr ya jangan wacana kaka bunda,normal,ham,agtbaskara/dataset_sms_spam_v2,id
"Di folder sql, aya sql rawatdaruat.sql tinggal sesuain sama yang maneh we. Cobaan k ente jalanken. Di urg mh teu jalan ngan load view mh bisa. Error di database. Soalna lieur gabungken database na.",normal,ham,agtbaskara/dataset_sms_spam_v2,id
Di kfc belokan setiabudi bawah pom bensin ada colokan gak sih?,normal,ham,agtbaskara/dataset_sms_spam_v2,id
Diagnosa mana? Di pasien_irj ga ada diagnosa,normal,ham,agtbaskara/dataset_sms_spam_v2,id
nama1 helmkuuuu.:'(,normal,ham,agtbaskara/dataset_sms_spam_v2,id
nama1 ntr aku ke kosan kamu yaaaaa,normal,ham,agtbaskara/dataset_sms_spam_v2,id
dikirim nya disatuin ?,normal,ham,agtbaskara/dataset_sms_spam_v2,id
nama1 dah selesei blm machine learningnya ?,normal,ham,agtbaskara/dataset_sms_spam_v2,id
nama1 nmr kamu yg ini kan? ntr ayu sms kl udah dpn kosan yah,normal,ham,agtbaskara/dataset_sms_spam_v2,id
"nama1 saya ke kosan yah, mau nanya2 jg soal laporan.. boleh ga?",normal,ham,agtbaskara/dataset_sms_spam_v2,id
"nama1, minta controller dan view nya aja.",normal,ham,agtbaskara/dataset_sms_spam_v2,id
"nama1, minta database kamu sama view dan controller yang ada js buat dropdown kotanya.",normal,ham,agtbaskara/dataset_sms_spam_v2,id
nama1 bisa pakai flash buat animasi ga?? Atau pakai movie maker??,normal,ham,agtbaskara/dataset_sms_spam_v2,id
nama1 di kosan gaaa? Mau numpang dooong,normal,ham,agtbaskara/dataset_sms_spam_v2,id
"nama1 dmna ? boleh mnta tolong ss dong bisns proses nya,,,,,",normal,ham,agtbaskara/dataset_sms_spam_v2,id
nama1 ke pt. inti?,normal,ham,agtbaskara/dataset_sms_spam_v2,id
nama1 maapin baru buka line,normal,ham,agtbaskara/dataset_sms_spam_v2,id
nama1 mau pergi ga? Kalo engga aku mau ke kosan,normal,ham,agtbaskara/dataset_sms_spam_v2,id
"nama1, note nama1 yang Dinamic ada di emil. Kembaliin ke nama1 atau gmana?",normal,ham,agtbaskara/dataset_sms_spam_v2,id
nama1  Cara bikin makalah yang daftar isinya langsung jadi gmana?,normal,ham,agtbaskara/dataset_sms_spam_v2,id
nama1;Graha Desila kmr 14 Lt.2;Aqua;20000(kembalian),normal,ham,agtbaskara/dataset_sms_spam_v2,id
Dilantai 2 ya tepat diruang skripsi,normal,ham,agtbaskara/dataset_sms_spam_v2,id
Dimulai dari angka 0,normal,ham,agtbaskara/dataset_sms_spam_v2,id
Dmana aja kang boleh hehe,normal,ham,agtbaskara/dataset_sms_spam_v2,id
Doakan aja ya bsok lancar paling cepet aku nyampe sana jam 9 malem,normal,ham,agtbaskara/dataset_sms_spam_v2,id
Dr ciateul terus masa kekalapa lg (frown),normal,ham,agtbaskara/dataset_sms_spam_v2,id
"Duh gusti disini ujan gede, semoga di riung gak bocor yah gais",normal,ham,agtbaskara/dataset_sms_spam_v2,id
E& (gila) ada namakuuu. Kapan aku luluuus,normal,ham,agtbaskara/dataset_sms_spam_v2,id
Edan edan nama1 semoga menjadi keluarga samawa ,normal,ham,agtbaskara/dataset_sms_spam_v2,id
Eh aku instances deh. Diload ga bs ,normal,ham,agtbaskara/dataset_sms_spam_v2,id
"Eh di kosan nama1 maksudnya, buat temen nama1 , buat september",normal,ham,agtbaskara/dataset_sms_spam_v2,id
"Eh gatau, td Bagus yang nanyain",normal,ham,agtbaskara/dataset_sms_spam_v2,id
"Eh iyaa gais kadonya udah aku kasih yaa, kata nama1 makasihh sama maaf kalau ada salah. Minggu ini udah mau ke samarinda",normal,ham,agtbaskara/dataset_sms_spam_v2,id
Eh kita brati kan makan 2 kali ya?malem ini sma bsok pagi bukan?,normal,ham,agtbaskara/dataset_sms_spam_v2,id
Eh tp jam 5 pas dong jgn malem hbs mgrib. Aku takut plg wk,normal,ham,agtbaskara/dataset_sms_spam_v2,id
emang berbayar nama1 .,normal,ham,agtbaskara/dataset_sms_spam_v2,id
Enakaa ajaaa gw diantar cowok gw yaa bukan dijmput nama1,normal,ham,agtbaskara/dataset_sms_spam_v2,id
Engga tau sep ntr di kosan aku cek sepertinya tidak ada semalam aku liat,normal,ham,agtbaskara/dataset_sms_spam_v2,id
"Engga teh aku udh siap, mau brgkt ini. Aku td line teteh",normal,ham,agtbaskara/dataset_sms_spam_v2,id
Eta mah data dokter keseluruhan. Maksud urg teh kan si pasien teh aya meren di pariksa ku dokter saha.,normal,ham,agtbaskara/dataset_sms_spam_v2,id
"nama1 bisa lembar yg kamrin bisa minta ke pak anto. Tp ibu minta yg di bab 2 harus diparafrase kalimatnya, jgn copy paste semua.",normal,ham,agtbaskara/dataset_sms_spam_v2,id
nama1 .. Saya masih di perjalanan.. Besok aja habis jumatan ketemu di kanto.. Web service nya juga sudah bisa di akses,normal,ham,agtbaskara/dataset_sms_spam_v2,id
Food Teh maksudnya bukan beras kan kang? ,normal,ham,agtbaskara/dataset_sms_spam_v2,id
Ga ada birthday nya? Wkwk,normal,ham,agtbaskara/dataset_sms_spam_v2,id
Gaaais dlm semenit aja aku jd nasabah btpn wkwk,normal,ham,agtbaskara/dataset_sms_spam_v2,id
Gaaais penamaannya kyk nama1 nih biar rapih,normal,ham,agtbaskara/dataset_sms_spam_v2,id
Gaada buat yg bukan temen mah,normal,ham,agtbaskara/dataset_sms_spam_v2,id
Gaes gaes mau drakor gaes besok yawww,normal,ham,agtbaskara/dataset_sms_spam_v2,id
Gais aku sudah brgkt. Mau matiin hp,normal,ham,agtbaskara/dataset_sms_spam_v2,id
Gais bsk kke kantor ya nyerahin laporan aku udh dpt ttd paedi. Ini mau hard jilid. Jgn lupa ya source sama laporan di cd,normal,ham,agtbaskara/dataset_sms_spam_v2,id
Gais kalau ada chat2 sebelumnya tolong dibaca dan dipahami biar ga ulg2 😂😂,normal,ham,agtbaskara/dataset_sms_spam_v2,id
Gais kalo dri upi ke unisba pake angkot apa pulang pergi? ,normal,ham,agtbaskara/dataset_sms_spam_v2,id
"Gais kata aku kita ngantor tgl 4 sekalian bawa form penilaian, daftar hadir, form bimbingan. Sekalulian foto.",normal,ham,agtbaskara/dataset_sms_spam_v2,id
Gais kyknya bapa ga akan bls sms aku. Mau gmn? Tp bapa bls sms teh tia blg dia ada dikantor dan tia jg blg kita kekantor hari ini.,normal,ham,agtbaskara/dataset_sms_spam_v2,id
Gais laporan 40 itu di bimbingan pembimbing lapangan?,normal,ham,agtbaskara/dataset_sms_spam_v2,id
Gais sekalian tanyain Pla ap aja yg diminta dr tempat pla setelah selesai selain nilai dr kampus? Ada surat2 lain ga.,normal,ham,agtbaskara/dataset_sms_spam_v2,id
Gajadi gadiabsen yg telatnya lebib dr 15 menit da kayanya,normal,ham,agtbaskara/dataset_sms_spam_v2,id
Gak takut kok. Tp emang blm mau. Gatau sampe kapan kwkw,normal,ham,agtbaskara/dataset_sms_spam_v2,id
"gak. saya sih percaya aja, dosa tanggung sendiri hehe. Nilai mobprog sudah selesai, silahkan dicek.",normal,ham,agtbaskara/dataset_sms_spam_v2,id
Gampang da cuma tampilan doang.,normal,ham,agtbaskara/dataset_sms_spam_v2,id
Gara gara batman. Pdhl udh diulang,normal,ham,agtbaskara/dataset_sms_spam_v2,id
"Gatau nuy, suruh tunggu aja cenah belom diinvite2 sama apapa aku mah",normal,ham,agtbaskara/dataset_sms_spam_v2,id
"gatau tadi bapa nya keburu jumatan , pokonya suruh ngumpul dlu gt katanya ",normal,ham,agtbaskara/dataset_sms_spam_v2,id
Geng hari ini mau jam brpa ? Respon yah...,normal,ham,agtbaskara/dataset_sms_spam_v2,id
Gimana nuy menghadapi beliau?,normal,ham,agtbaskara/dataset_sms_spam_v2,id
Gpp kali beda beda sep,normal,ham,agtbaskara/dataset_sms_spam_v2,id
Guys ada yg bermotor mau ngampus gak? Temenin ambil foto laaah (unbearable),normal,ham,agtbaskara/dataset_sms_spam_v2,id
Guys aku gabawa beras yaaa. Abis dr pasar beli itu berat bgt. Yg bisa bawa beras lebih mohon dilebihkan hehe,normal,ham,agtbaskara/dataset_sms_spam_v2,id
Guys di bdg ada studi foto yg gini gaaak,normal,ham,agtbaskara/dataset_sms_spam_v2,id
Guys numpang promosi bisi ada yg butuh..  Dijual MacBook Air Layar 11inch Ram 4gb Ssd 128gb Garansi sisa 5 bulan Dijual karena jarang di pake..  Harga PM ,normal,ham,agtbaskara/dataset_sms_spam_v2,id
"Guys, aku ganti template nya.",normal,ham,agtbaskara/dataset_sms_spam_v2,id
"Guys, untuk groupwherenya pake github aja ya ",normal,ham,agtbaskara/dataset_sms_spam_v2,id
"habis ini, pake groupwhere. biar ga berceceran filenya.",normal,ham,agtbaskara/dataset_sms_spam_v2,id
Haha ayook kita bully adi ndut sama sama 😃😃,normal,ham,agtbaskara/dataset_sms_spam_v2,id
"Hai akang-teteh, bagi kalian yang belum tau, merekalah calon Pemimpin KEMAKOM periode 2016-2017! yuk kita simak visi-misi mereka :)",normal,ham,agtbaskara/dataset_sms_spam_v2,id
Harganya kisaran 50rb nama1 😂,normal,ham,agtbaskara/dataset_sms_spam_v2,id
Hari kamis saya baru masuk,normal,ham,agtbaskara/dataset_sms_spam_v2,id
"Hayu boleh da gais, tp kudu disurvey dulu sama aku, bisi tiba2 ada something wkwk",normal,ham,agtbaskara/dataset_sms_spam_v2,id
"Hbd nama1 , cepet sidang cepet wisuda yaaa aamiiiin",normal,ham,agtbaskara/dataset_sms_spam_v2,id
Hehe sudah sep ku jebol pake solder tp jd jelek 😂😂,normal,ham,agtbaskara/dataset_sms_spam_v2,id
Hmm sebenernya itu cuman eksekusi jquery di control sep. Coba cek jquery yg dicotroller waktu klik button. Kan ke controller yg buat nyetak pdf,normal,ham,agtbaskara/dataset_sms_spam_v2,id
hmmm tiket ke batam berapa duit gile~,normal,ham,agtbaskara/dataset_sms_spam_v2,id
Hub kita lg kalo udah dkt wktnya.,normal,ham,agtbaskara/dataset_sms_spam_v2,id
"Ibunya lagi bobok, aku mau nanya ttg daging, kalo ada daging mau di presto dulu juga",normal,ham,agtbaskara/dataset_sms_spam_v2,id
"Info Gempa Mag:5.3 SR, 21-Jun-16 21:10:23 WIB, Lok:2.21 LS,99.33 BT (98 km Tenggara KEP-MENTAWAI-SUMBAR), Kedlmn:34 Km ::BMKG",normal,ham,agtbaskara/dataset_sms_spam_v2,id
"Ini hujan semalaman ruang tengah sama kamar kayanya gabisa di nyalain (:() harus nunggu kering baru bisa nyala, smg ujannya berenti 🙏",normal,ham,agtbaskara/dataset_sms_spam_v2,id
Ini ini udh disini mau apa aku gorengin,normal,ham,agtbaskara/dataset_sms_spam_v2,id
Ini kalo kita lg beneran ngumpul pasti lg mewek berjamaah,normal,ham,agtbaskara/dataset_sms_spam_v2,id
"InsyaaAllah ikhlas mel, asa udah di bahas digrup kan, Trs yg responnya gt",normal,ham,agtbaskara/dataset_sms_spam_v2,id
"Isi saldo nya bisa di grapari, indomaret, ato di tf dari bca",normal,ham,agtbaskara/dataset_sms_spam_v2,id
"itu masih pake data dummy, ntar gampang itu mh.",normal,ham,agtbaskara/dataset_sms_spam_v2,id
Itu namanya ap nur? Tokopedi bukalapak lumayan laa complete walopun kw sejenis,normal,ham,agtbaskara/dataset_sms_spam_v2,id
"Itu teh sebenernya krna terlalu sakit sma orang itu nuy, padahal kalo udah nemu orang baru mah pasti rasanya beda",normal,ham,agtbaskara/dataset_sms_spam_v2,id
itu yang tugas pentaho langsung presentasi di pentaho nya ?,normal,ham,agtbaskara/dataset_sms_spam_v2,id
Iya aku inget jam dinding di rumah awet katanya hadiah pernikahan ❤,normal,ham,agtbaskara/dataset_sms_spam_v2,id
"Iya  nama1, terakhir di lab jarkom. Pas copy sql SIGIndo tea.. ",normal,ham,agtbaskara/dataset_sms_spam_v2,id
Iya ih ko sedih sih gtau kapan lg ke bandung :(,normal,ham,agtbaskara/dataset_sms_spam_v2,id
Iya ih maksimalkan waktu sebulan ini wkwkwk pdhl aku aja yg mo pindah :(,normal,ham,agtbaskara/dataset_sms_spam_v2,id
Iya kalau ada yang kosong agus atau sept,normal,ham,agtbaskara/dataset_sms_spam_v2,id
Iya kan file terkahir itu data_pasien. -_-,normal,ham,agtbaskara/dataset_sms_spam_v2,id
Iya kar lg dikosan nih. Numpang ap?,normal,ham,agtbaskara/dataset_sms_spam_v2,id
iya ke singapur make yang 1dolar tea gening wkwk,normal,ham,agtbaskara/dataset_sms_spam_v2,id
Iya liat mock up nya maksudnya,normal,ham,agtbaskara/dataset_sms_spam_v2,id
Iya put alat masak makan mah aku usahain ada,normal,ham,agtbaskara/dataset_sms_spam_v2,id
"Iya teh, soalnya kenapa selasa, bapa hari rabu mau berangkat.",normal,ham,agtbaskara/dataset_sms_spam_v2,id
Iya ya ratarata programmer gt hirenya udh pake csps gt gt,normal,ham,agtbaskara/dataset_sms_spam_v2,id
"iya, makanya aku butuh data kalian teh soalnya datanya dari sana. tapi harus ada RJ atau RD.",normal,ham,agtbaskara/dataset_sms_spam_v2,id
"Iya, semua kamera kecuali kamera lia aku taro di situ semua",normal,ham,agtbaskara/dataset_sms_spam_v2,id
Iyaaa makanan bumbu dsb juga biar bisa dibawa dr rumah supaya irit hehehe,normal,ham,agtbaskara/dataset_sms_spam_v2,id
Iyaaaa ayyuuuukk biar kamu bisa reunian dg org sana fir,normal,ham,agtbaskara/dataset_sms_spam_v2,id
Iyalah makin malam makin mahal kek yg suka dijalanan,normal,ham,agtbaskara/dataset_sms_spam_v2,id
Jadi kapan kita meet upnyaa nih temaan temaan?,normal,ham,agtbaskara/dataset_sms_spam_v2,id
Jadi kitanya harus cari kesibukan jg ya? Biar ga mikirin cowo melulu,normal,ham,agtbaskara/dataset_sms_spam_v2,id
"Jadi males banget PLA, asa ga pernah beres. Wkwk. Padahal dari pa rawosi ga bermasalah.",normal,ham,agtbaskara/dataset_sms_spam_v2,id
Jadi nanti barang yg dipilih nyesuain budget aja diantara 7 pilihan diatas~,normal,ham,agtbaskara/dataset_sms_spam_v2,id
Jadinya aku ambil bulanan sampe desember. Tapi sekamar berdua sama sodara aku,normal,ham,agtbaskara/dataset_sms_spam_v2,id
"Jadinya mau apa sok, sebagian dari uang kas? Kira2 berapa?",normal,ham,agtbaskara/dataset_sms_spam_v2,id
"Jajaran kantin 79 kesana deket2 pengkolan pokoknya kang, ada tulisanya da",normal,ham,agtbaskara/dataset_sms_spam_v2,id
"Jam 12 wid, nanti berangkat jam 10",normal,ham,agtbaskara/dataset_sms_spam_v2,id
Jam 8 berangkat aja gmn teh,normal,ham,agtbaskara/dataset_sms_spam_v2,id
Jam brp brpnya bsk kabarin kalau ngumpul sore ini bisa yaaaa ,normal,ham,agtbaskara/dataset_sms_spam_v2,id
"Jangan di agendain, suka ga jadi wkwkwk ",normal,ham,agtbaskara/dataset_sms_spam_v2,id
Jangan gitu kang.. Aku tersinggung.,normal,ham,agtbaskara/dataset_sms_spam_v2,id
Januari mah ambil 1x seminggu aja. Kan kita masuk seminggu sekali kalau januari.,normal,ham,agtbaskara/dataset_sms_spam_v2,id
Januari pokoknya mau sama sapapun kemanapun harus liburan fix aamiin,normal,ham,agtbaskara/dataset_sms_spam_v2,id
Jauh amat jemput di poskamling cilimus dee,normal,ham,agtbaskara/dataset_sms_spam_v2,id
Jd mau kpnnnih? Kekantor ambil form. Balik lg ngasih laporan atau sekaligus. Jd di laporan ga ada lampiran,normal,ham,agtbaskara/dataset_sms_spam_v2,id
"Jd misal nih ada murid sama guru, si guru ngasih ujian, nanti hasil jawaban ujian murid dibandingin sama jawaban dari guru (jawaban yg bener) trs outputnya berupa skor hasil ujian itu",normal,ham,agtbaskara/dataset_sms_spam_v2,id
Jgn lupa malam ini jgn terlalu malam aja. Seadanya aja aku jg,normal,ham,agtbaskara/dataset_sms_spam_v2,id
"Jika jemari tak mampu berjabat dan batin ini rindu akan keikhlasan maaf, hanya lewat pesan ini jemariku bersilaturahmi. Mohon maaf lahir dan batin",normal,ham,agtbaskara/dataset_sms_spam_v2,id
Jumlah poin Anda s.d tgl 16/08/16 : 18 poin. Anda termasuk dalam kategori RED. Masa berlaku poin s.d 31 Des 2016,normal,ham,agtbaskara/dataset_sms_spam_v2,id
Ka aku ga bisa liat kosannya skrg :( soalnya ngerjain uts take home ka ,normal,ham,agtbaskara/dataset_sms_spam_v2,id
Kalau 13.5 itu untuk ayam kremes dan cabai ijo teh...kalau untuk bakar dan rica rica kita kasih 15rb deh   ...sudah pakai box dan air gelas,normal,ham,agtbaskara/dataset_sms_spam_v2,id
Kalau agus atau sept blm bisa menjamin ada kalau sekarang ada yang kosong,normal,ham,agtbaskara/dataset_sms_spam_v2,id
Kalau gamepro uasnya materi atau praktek Pak?,normal,ham,agtbaskara/dataset_sms_spam_v2,id
Kalau ini gagal. Urg pindah haluan ke sana deh,normal,ham,agtbaskara/dataset_sms_spam_v2,id
Kalau mau bikin model/controller mending per apa y?,normal,ham,agtbaskara/dataset_sms_spam_v2,id
Kalau pertable emg lbh rapih laporan sih mad cuman bingung kalau pertable kdgkan ada yg dipake didr bbrp table gmn tuh mad?,normal,ham,agtbaskara/dataset_sms_spam_v2,id
"Kalem, saya diantapani lagi ujian sama intan. Hher",normal,ham,agtbaskara/dataset_sms_spam_v2,id
Kalian udh brp kali bimbingan? Ngomongin apa aja aku blm pernah,normal,ham,agtbaskara/dataset_sms_spam_v2,id
Kalo ada daun pepaya mah bungkus daunnya pake pepaya put,normal,ham,agtbaskara/dataset_sms_spam_v2,id
kalo aku ngasihinnya habis ashar aja gpp ?,normal,ham,agtbaskara/dataset_sms_spam_v2,id
"kalo aku sih pertabel  nama1, mnyesuaikan kebutuhan :)",normal,ham,agtbaskara/dataset_sms_spam_v2,id
Kalo daftar doang tapi belum tentu jadi prasidang boleh ga?,normal,ham,agtbaskara/dataset_sms_spam_v2,id
Kalo engga belakang aqila ada 600/bulan gatau masih apa engga deh,normal,ham,agtbaskara/dataset_sms_spam_v2,id
Kalo grup c1 aku jarang baca haha jd suka ketinggalan kabar berita,normal,ham,agtbaskara/dataset_sms_spam_v2,id
Kalo kata raditya dika tuh cara pandang org ttg cinta akan berubah setelah mengalami patah hati terhebat. Haha,normal,ham,agtbaskara/dataset_sms_spam_v2,id
"Kalo masih mau ke kep. Seribu mending ikut yang ini nih, tinggal duduk manis dari unpad du",normal,ham,agtbaskara/dataset_sms_spam_v2,id
Kalo mau masak bawa bahannya dr rumah masing2 biar irit wkwk,normal,ham,agtbaskara/dataset_sms_spam_v2,id
kalo ngga besok ke kampus senin  nama1 ke kampus nya ,normal,ham,agtbaskara/dataset_sms_spam_v2,id
Kalo nonton hr ini mahal yah? Week end,normal,ham,agtbaskara/dataset_sms_spam_v2,id
"Kalo pacaran jg harus cowonya yg lebih sayang guys, biar ga ngebatin",normal,ham,agtbaskara/dataset_sms_spam_v2,id
Kalo pake daging yg dah direbus enak gak dijadiin sate?,normal,ham,agtbaskara/dataset_sms_spam_v2,id
Kalo satpam tanya bilang aja ketemu saya,normal,ham,agtbaskara/dataset_sms_spam_v2,id
Kalo udah ad progres besok aja jam 2an kesini..,normal,ham,agtbaskara/dataset_sms_spam_v2,id
kamu kapan ke bandungg??,normal,ham,agtbaskara/dataset_sms_spam_v2,id
kamu sibuk ngapain aja disana ?,normal,ham,agtbaskara/dataset_sms_spam_v2,id
Kamu yah yang ngajakin mereka.,normal,ham,agtbaskara/dataset_sms_spam_v2,id
"Kan bapaknya ngomong2 ya, trs ditanya siapa itu, aku blg lg rame ma sibuk dikampus nanti yaa",normal,ham,agtbaskara/dataset_sms_spam_v2,id
Kan dia masih gatau ngeditnya kek gmn haha,normal,ham,agtbaskara/dataset_sms_spam_v2,id
Kan ini karna bulan baru qaqa 😂 bisa ngomong gituch,normal,ham,agtbaskara/dataset_sms_spam_v2,id
Kang nama1 tuh baru menang 2 Milyar hahaha.. Kemakom berprestasi,normal,ham,agtbaskara/dataset_sms_spam_v2,id
Kantin fip nama1 sendiri td mau ke perpus. Tp bntar lg kan sholat ,normal,ham,agtbaskara/dataset_sms_spam_v2,id
Karena saya lagi si surabaya sampai besok.. Hati kamis ke kantor gimana ?,normal,ham,agtbaskara/dataset_sms_spam_v2,id
Kartu SIM Anda telah berhasil diganti. Terima kasih,normal,ham,agtbaskara/dataset_sms_spam_v2,id
Kasih norek aja kesebelah. Siapa tau ada yg mau. Mereka jg punya hak untk udunan wkwk. Bilang bts waktu trfr. Kalau ada niat pasti segera kok.,normal,ham,agtbaskara/dataset_sms_spam_v2,id
Ke kantor siang aja..,normal,ham,agtbaskara/dataset_sms_spam_v2,id
Keknya pernah liat undangannya di prodi,normal,ham,agtbaskara/dataset_sms_spam_v2,id
Kita kmpul yu sblum puasa :-) waktunya ,normal,ham,agtbaskara/dataset_sms_spam_v2,id
kita lewat kolam renang? di gymnas atau gik,normal,ham,agtbaskara/dataset_sms_spam_v2,id
Kita yg stay di pdg aja mah tinggal cuss aja kapan meet up nya,normal,ham,agtbaskara/dataset_sms_spam_v2,id
Ko gtu ya parah bgt masa jam kerja ngeroko. Biar dapet inspirasi meren ya,normal,ham,agtbaskara/dataset_sms_spam_v2,id
Kok antara optimis dan ngga yah 😟,normal,ham,agtbaskara/dataset_sms_spam_v2,id
"koreksi saya kalau salah (bisi lupa) tapi bagus sih kalau anda mau coba-coba, nggak mubazir juga kok. Kalau mau dibalikin lagi ke CSV ya pake transformasi lagi.",normal,ham,agtbaskara/dataset_sms_spam_v2,id
krn pulsa/limit tidak mencukupi. Dptkan informasi seputar kartu Tri di *123# atau via aplikasi BIMATRI,normal,ham,agtbaskara/dataset_sms_spam_v2,id
ku ada 300 ratus nih di tabungan~ di nama1  aku tabungan ada berapa nama1 ? cabut sekarang juga #ManaAda~ :(,normal,ham,agtbaskara/dataset_sms_spam_v2,id
Kumpul dulu aja di lab basdat biar bareng2,normal,ham,agtbaskara/dataset_sms_spam_v2,id
"Kumpulnya makan daging, jadi gak usah ke resto :D",normal,ham,agtbaskara/dataset_sms_spam_v2,id
Kurang tau pasti sep periksa controllernya waktu instansiasi new tcpdf() aku lupa,normal,ham,agtbaskara/dataset_sms_spam_v2,id
Lagian pasti ga boleh gera sma si kaka tp kalo dianterin aku ga enak,normal,ham,agtbaskara/dataset_sms_spam_v2,id
"Lebay gt katanya ""meni gitu ama mamanya teh gak blg2""",normal,ham,agtbaskara/dataset_sms_spam_v2,id
Lingkungan kerjanya berasap. Kalo gak ngerokok ya pada nge-vape gitu coba. Kan cowok semua banyaknya,normal,ham,agtbaskara/dataset_sms_spam_v2,id
Load controller bisa di construct mad? Kmren aku coba ga bs terpaksa di dlm fungsi,normal,ham,agtbaskara/dataset_sms_spam_v2,id
"maaaaaaaaf, aku lupaaa, hp aku baru nyala dadi pagi belum pulang ke kosan, maaf pisaaaan :(",normal,ham,agtbaskara/dataset_sms_spam_v2,id
Maaf Anda tidak bisa mengaktifkan paket FLASH ini karena nomor anda tidak terdaftar,normal,ham,agtbaskara/dataset_sms_spam_v2,id
Maaf bu jadi jam berapa ya kita ketemuan bu...atau bgmana baiknya,normal,ham,agtbaskara/dataset_sms_spam_v2,id
Maaf bu kalau pesanannya bebek atau ayam ya,normal,ham,agtbaskara/dataset_sms_spam_v2,id
Maaf kaprodi kita itu siapa yah hehe,normal,ham,agtbaskara/dataset_sms_spam_v2,id
"Maaf, Keyword yang anda masukkan ke 234 salah. Info lanjut hub call center : 200",normal,ham,agtbaskara/dataset_sms_spam_v2,id
"Maaf, pesan Anda belum terkirim. Silakan coba beberapa saat lagi. Terimakasih",normal,ham,agtbaskara/dataset_sms_spam_v2,id
"Maaf, pulsa Anda tidak cukup untuk melakukan pembelian paket Flash yang dipilih. Silahkan isi ulang pulsa Anda.",normal,ham,agtbaskara/dataset_sms_spam_v2,id
Maafin ya guys gak hari ini huhuhu,normal,ham,agtbaskara/dataset_sms_spam_v2,id
Mah melan lagi di kosan dila. Habis kerja kelompok tapi kepegat hujan :(,normal,ham,agtbaskara/dataset_sms_spam_v2,id
Makanya sebelum tibatiba layarnya hitam gt diapain? Jatoh?,normal,ham,agtbaskara/dataset_sms_spam_v2,id
Makasih gais doakan kami yg masih berjuang ya 💪,normal,ham,agtbaskara/dataset_sms_spam_v2,id
Makasih semuanyaaa mohon doanya yaaa,normal,ham,agtbaskara/dataset_sms_spam_v2,id
"Malem aja lah, jam 5 nanggung banget mw maghrib haha",normal,ham,agtbaskara/dataset_sms_spam_v2,id
Mana duduk plg depan selalu kdg aku ga tau keadaan dblkg. Siapa yg hdr siapa yg engga. Wkwk,normal,ham,agtbaskara/dataset_sms_spam_v2,id
Mandi?? Aku selesei isya mau bobo,normal,ham,agtbaskara/dataset_sms_spam_v2,id
Masak dikosan aku mau makan orek buatan kamu min,normal,ham,agtbaskara/dataset_sms_spam_v2,id
Masih boleh ikutan gaaaa wkwkwkwk,normal,ham,agtbaskara/dataset_sms_spam_v2,id
Masih ngerasa bersalah ama kalian sebenernya,normal,ham,agtbaskara/dataset_sms_spam_v2,id
Masih yang dekat sungai dulu kok diil 😁,normal,ham,agtbaskara/dataset_sms_spam_v2,id
Matikan services spt antivirus dll.,normal,ham,agtbaskara/dataset_sms_spam_v2,id
Mau minta kirim foto2 selempang yg kita waktu itu dong. Makasihhh,normal,ham,agtbaskara/dataset_sms_spam_v2,id
Mau naik gojek tapi ga ada driver kayanya :( padahal bawaan banyak :(,normal,ham,agtbaskara/dataset_sms_spam_v2,id
Mau nitip ga saya lagi di gerlong.,normal,ham,agtbaskara/dataset_sms_spam_v2,id
"Mau sekalian dibawain kacamata ga, nanti aku keluar jam 10",normal,ham,agtbaskara/dataset_sms_spam_v2,id
Mau yang apa? Sunday atau apa? Terus rasa slainya apa?,normal,ham,agtbaskara/dataset_sms_spam_v2,id
Memperbaiki bug2 karna ganti db bbrp. Lg enak nonton td ditelfon 😂,normal,ham,agtbaskara/dataset_sms_spam_v2,id
Merica jeruk nipis aku ajaa,normal,ham,agtbaskara/dataset_sms_spam_v2,id
Mgkin periksa nama id di view jg sep,normal,ham,agtbaskara/dataset_sms_spam_v2,id
Min kalo ada inpo kosan perbulan share ya 😆,normal,ham,agtbaskara/dataset_sms_spam_v2,id
Min lg dmn? Mo ngambil sertifikat yg kompas hihu,normal,ham,agtbaskara/dataset_sms_spam_v2,id
"minal aidzin walfaidin, mohon maaf lahir dan batin ya semua akang teteh. ",normal,ham,agtbaskara/dataset_sms_spam_v2,id
Minggunya pengen ke lembang git seharian ngubek bandung :(,normal,ham,agtbaskara/dataset_sms_spam_v2,id
Minta email github nya dong.,normal,ham,agtbaskara/dataset_sms_spam_v2,id
Mohon maaf lahir dan batin ipa3😚😚,normal,ham,agtbaskara/dataset_sms_spam_v2,id
Mohon maaf pak semalam saya Sudah konfirmasi tidak ikut remedial. Tapi di nilainya kenapa ikut remedial ,normal,ham,agtbaskara/dataset_sms_spam_v2,id
Ga ada birthday nya ? Wkwk,normal,ham,agtbaskara/dataset_sms_spam_v2,id
"Mudah2an ya dil, besok mau coba ke telkom lg, doain yah (tear)",normal,ham,agtbaskara/dataset_sms_spam_v2,id
Mul snack satu lagi teteh kasih rafael ya,normal,ham,agtbaskara/dataset_sms_spam_v2,id
Mungkin aa nya tau kl wajah nama1 bakal beda sendiri pas gaya ini (up),normal,ham,agtbaskara/dataset_sms_spam_v2,id
"Murah nuy 30seorang, drpd naik angkot bisa 15rebu, belum ngetem, macet, gt",normal,ham,agtbaskara/dataset_sms_spam_v2,id
"Naik kelapa ledeng turun di ciateul, sebelum terminal bgt. Terus naik kalapa dayeuh kolot turun di depan kantor bgt.",normal,ham,agtbaskara/dataset_sms_spam_v2,id
nama table table pasien_irj dan gnti data_pasien. lupa,normal,ham,agtbaskara/dataset_sms_spam_v2,id
Nanti aku push aja ya kuota modem lg hbs,normal,ham,agtbaskara/dataset_sms_spam_v2,id
Nanti aku siaraan diil,normal,ham,agtbaskara/dataset_sms_spam_v2,id
Nanti plg wisudaan aku lgsg ksana. Awas telat. Telat aku plg.,normal,ham,agtbaskara/dataset_sms_spam_v2,id
Nanti sync aja di github dekstop nya.,normal,ham,agtbaskara/dataset_sms_spam_v2,id
"Ngajak wida tuh, kan beliau habis seminar. Hihip",normal,ham,agtbaskara/dataset_sms_spam_v2,id
"Nikah juga proses put, kadang diatas, kadang dibawah, gak selalu enak enak wkwkwkwk",normal,ham,agtbaskara/dataset_sms_spam_v2,id
Nomor OTP anda adalah [8874] -Telkomsel-,normal,ham,agtbaskara/dataset_sms_spam_v2,id
Ntar aku kirim link nya,normal,ham,agtbaskara/dataset_sms_spam_v2,id
Numpang berteduh wkwk. Aku tak punya tempat tujuan~,normal,ham,agtbaskara/dataset_sms_spam_v2,id
"numpang promo yah, siapa tau ada yang berminat 😊 bisa liat di instagram nya ",normal,ham,agtbaskara/dataset_sms_spam_v2,id
"nama1  udh nama1 transfer, maacih nur 😊",normal,ham,agtbaskara/dataset_sms_spam_v2,id
"nama1 aku lg ngerjain tes ngoding di upi net, kalo mo pake motornya boleh, tp motornya jauh bgt",normal,ham,agtbaskara/dataset_sms_spam_v2,id
"nya sore we atuh gi, kalo mau pagi / siang weekend nya",normal,ham,agtbaskara/dataset_sms_spam_v2,id
Oh oke de. kalau selanjutnya isi deposit transfer kmn?,normal,ham,agtbaskara/dataset_sms_spam_v2,id
Oh oke Pak nanti saya lgsg kesana untuk kepastikan buka jam berapa? Ke bebek komar yg dekat dt bisa?,normal,ham,agtbaskara/dataset_sms_spam_v2,id
Oh pantesan tau gitu lgsg foto dipusatnya aja put,normal,ham,agtbaskara/dataset_sms_spam_v2,id
"Oh saya udh berangkat kayanya, ga ada koneksi..",normal,ham,agtbaskara/dataset_sms_spam_v2,id
Oh udah yah haha aku bingung jd gimana udh ketinggalan banyak chat,normal,ham,agtbaskara/dataset_sms_spam_v2,id
"oh, kelurahan dll dari data_pasien ternyata. butuh oge.",normal,ham,agtbaskara/dataset_sms_spam_v2,id
Oiya ya nama1  ih knapa bsa begitu?sayang bgt tabungannya :(,normal,ham,agtbaskara/dataset_sms_spam_v2,id
ok nanti saya lihat dengan kehadiran. Siapa lagi yg nyaris2 nilainya?,normal,ham,agtbaskara/dataset_sms_spam_v2,id
"ok,, kabarin yah, no m3 aku ke blokir, ga ada paket data, smsin aja ke asmul ya, ini kbtulan lagi free wife",normal,ham,agtbaskara/dataset_sms_spam_v2,id
ok. minta yang data dummy diagnosa_pasien ya. punten. makasih,normal,ham,agtbaskara/dataset_sms_spam_v2,id
"Okayyy, nanti siang jam 1an hehe. Ga kemana-mana hari ini?",normal,ham,agtbaskara/dataset_sms_spam_v2,id
Oke deh aku jg emang pengen ngumpul sih kapan lg :(,normal,ham,agtbaskara/dataset_sms_spam_v2,id
"Oke nama1, nanti udah beres bimbingan aku kesana",normal,ham,agtbaskara/dataset_sms_spam_v2,id
oke gais tp dsni udh redaan hujannya. dtggu ya,normal,ham,agtbaskara/dataset_sms_spam_v2,id
Oke kalau untuk dp harus berapa%?,normal,ham,agtbaskara/dataset_sms_spam_v2,id
"Oke, Senin deh ya ke kantor. Aku sms bapa. Laporan nyusul aja gt mengingat di laporan jg ada lampiran dan revisi penguji*",normal,ham,agtbaskara/dataset_sms_spam_v2,id
oke. bentar aku solat dulu,normal,ham,agtbaskara/dataset_sms_spam_v2,id
Okeee kalau telor butuhnya segimana? ,normal,ham,agtbaskara/dataset_sms_spam_v2,id
Okeyyy malem aja ya bahas apa ajanya yg dibawa,normal,ham,agtbaskara/dataset_sms_spam_v2,id
Oo kalau kamu misalnya lanjut brp dit?,normal,ham,agtbaskara/dataset_sms_spam_v2,id
"ooh iya klo controler, ku kira td modelnya.",normal,ham,agtbaskara/dataset_sms_spam_v2,id
ouhhh gitu yaudah ntar besok aku chat lagi kalo aku mo ngampus,normal,ham,agtbaskara/dataset_sms_spam_v2,id
Ouhhh trs ngedeteksi apa dil? Output nya apa?,normal,ham,agtbaskara/dataset_sms_spam_v2,id
Pada ga aktif si tombol algoritma2 nya teh ga ngerti,normal,ham,agtbaskara/dataset_sms_spam_v2,id
pada ngampus jamber gais?,normal,ham,agtbaskara/dataset_sms_spam_v2,id
Padahal mau kesana tapi kyknya nama1 belum balik,normal,ham,agtbaskara/dataset_sms_spam_v2,id
Pagi bu saya dengan nama1 dari Bebek Komar ...sangat bisa bu untuk pesanan besok bu...menu yang di pesan apa ya bu...diantar ke mana ya...nuhun,normal,ham,agtbaskara/dataset_sms_spam_v2,id
"nama1  titip pesan, jumat pagi kita kumpul trus bapa minta tolong ke kita buat bareng2 bujuk nama1 kuliah lagi",normal,ham,agtbaskara/dataset_sms_spam_v2,id
Pak kalau seporsi berapa ya ?,normal,ham,agtbaskara/dataset_sms_spam_v2,id
Pak mau pesen nasi goreng spesial 2 bungkus ke Graha desilla kmr 14.,normal,ham,agtbaskara/dataset_sms_spam_v2,id
Pak mau tanya kalau nilai remed lebih kecil itu diambil nilai nya yang remed atau tetap yang sebelum nya pak ? ,normal,ham,agtbaskara/dataset_sms_spam_v2,id
Pak saya pake yang 6.0 malah bingung pak,normal,ham,agtbaskara/dataset_sms_spam_v2,id
"Pak, indeks nilai B gabisa diturunin lagi pak? Soalnya kemaren saya liat nilai udah B, terus tiba2 turun jadi B- karena penilaiannya pake + -",normal,ham,agtbaskara/dataset_sms_spam_v2,id
"Pak, MK yang nama1 kontrak Data Mining dgn kode IK566 bukan dwm, seperti yg bapak sampaikan dulu agar mengingatkan bapak ketika penginputan nilai, terimakasih.",normal,ham,agtbaskara/dataset_sms_spam_v2,id
"Pake kamera nama1 2, kamera nama1 1, sama handy cam prodi 1",normal,ham,agtbaskara/dataset_sms_spam_v2,id
Paket tadi sore mendadak habis.,normal,ham,agtbaskara/dataset_sms_spam_v2,id
"Paling seikhlasnya aja, yg mau nyumbang mangga, yg ngga, mangga gt",normal,ham,agtbaskara/dataset_sms_spam_v2,id
"Pas dia ngomong gtu km langsung diem ya nuy, kikuk gtu pasti diomongin kek gtu",normal,ham,agtbaskara/dataset_sms_spam_v2,id
"Pas sma gak pernah, tp kuliah disini org tua aku udah 2x pulang kampung",normal,ham,agtbaskara/dataset_sms_spam_v2,id
Paspor di perpanjang bayar nya brp nuy?,normal,ham,agtbaskara/dataset_sms_spam_v2,id
"Patah hatinya level tinggi, jd bisa quotes begitu put",normal,ham,agtbaskara/dataset_sms_spam_v2,id
"Pemakaian internet kamu sdh mencapai batasFUP,kecepatan akan disesuaikan.Lebih EKSIS dgnINTERNETGaul Bulanan Cuma Rp29,900! http://net.axisworld.co.id info838",normal,ham,agtbaskara/dataset_sms_spam_v2,id
Penggunaan terakhir anda adalah 35417.00 dan telah memenuhi pemakaian pulsa minimum. Masa aktif kartu anda diperpanjang selama 30 hari dan akan aktif sampai 04/10/2016,normal,ham,agtbaskara/dataset_sms_spam_v2,id
"penuh nama1 , si nama1  juga nyari, udh penuh..",normal,ham,agtbaskara/dataset_sms_spam_v2,id
"Perginya naik kelapa turun di pasar bunga wastukencana, terus naik caringin-sadang serang atau jalan",normal,ham,agtbaskara/dataset_sms_spam_v2,id
"Permintaan Anda sedang diproses. Beberapa saat lagi Paket Internet anda akan di non-aktifkan, dan akan berlaku tariff dasar internet.",normal,ham,agtbaskara/dataset_sms_spam_v2,id
"persiapkan dengan dokumen draftnya diambil di ruang saya, slide presentasi tuk pengujian..",normal,ham,agtbaskara/dataset_sms_spam_v2,id
Perusahaannya apa aja kalau boleh tau?,normal,ham,agtbaskara/dataset_sms_spam_v2,id
"pesan dari nama1 : Assalamu'alaikum wr.wb. Pak, Indonesia Android Kejar bekerjasama dengan Depilkom mau mengadakan pelatihan Android level intermediate, masih ada slot 2 orang lagi, syaratnya sudah pernah membuat app android dan ngebuild menggunakan Android Studio, barang kali di kelas Bapak ada yang berminat. Nuhun.o ya pelatihannya mulai hari sabtu besok, 2 April, setiap sabtu selama 7 pertemuan, bertempat di lab praktikum kita.",normal,ham,agtbaskara/dataset_sms_spam_v2,id
"Pesanan #342877938 - mohon transfer Rp.59,755 ke BNI Account ####  sebelum 24 Jun, 2016. Mohon periksa email anda untuk info lebih lanjut.",normal,ham,agtbaskara/dataset_sms_spam_v2,id
Pilihannya hemat 2 jt atau lulus oct kan nanggung,normal,ham,agtbaskara/dataset_sms_spam_v2,id
"Plg yth, paket 10 MB 1 hari Anda telah berakhir. Selanjutnya akan dikenakan tarif non paket.Aktifkan kembali paket Flash Anda di *363#",normal,ham,agtbaskara/dataset_sms_spam_v2,id
"Pokonya kalau ada yang mau push bilang aja usahain, bisi barengan push nya. Terus kalau push, pull dulu.",normal,ham,agtbaskara/dataset_sms_spam_v2,id
pulang nya jam 8 (kecewa),normal,ham,agtbaskara/dataset_sms_spam_v2,id
"punten, ada yang punya kontaknya teh lulu 2011? nuhuun~",normal,ham,agtbaskara/dataset_sms_spam_v2,id
"Pusatnya disitu dy di bandung pasir koja, cmn bangunan lg dibangun, jd td aku di interview di toko nya, toko bangunan ",normal,ham,agtbaskara/dataset_sms_spam_v2,id
"nama1  gedung manunggal tridaya pucakti pusenkav teh 1,5 ternyata wkwk",normal,ham,agtbaskara/dataset_sms_spam_v2,id
nama1 mau hunting kosan bentar gmn? Kita mau ngerjain dmn kita?,normal,ham,agtbaskara/dataset_sms_spam_v2,id
Rasa mau sidang bulan depaaan mel. Jahaaat pisaaan,normal,ham,agtbaskara/dataset_sms_spam_v2,id
"Registrasi gagal. Harap masukan tanggal yang benar (01 - 31), dengan format DDMMYYYY",normal,ham,agtbaskara/dataset_sms_spam_v2,id
"route nya matiin aja, jadi nanti kalau mau akses ke project masing-masing ditembak aja.",normal,ham,agtbaskara/dataset_sms_spam_v2,id
"Rumah aku Gais, lewat pager garasi, karna pager orangnya ditutupi rumput liar hehehehe",normal,ham,agtbaskara/dataset_sms_spam_v2,id
Saat2 terbaik mencari pasangan tuh pas kuliah bukan sih?  Apa enak ditempat kerja? ,normal,ham,agtbaskara/dataset_sms_spam_v2,id
Salam jepret karet gelang. Hihip,normal,ham,agtbaskara/dataset_sms_spam_v2,id
"Sama ingetin ya, ini kan web nya mau di publish, kita kan ikut develop tuh, nah di web nya ada nama kita atau jurusan ga?",normal,ham,agtbaskara/dataset_sms_spam_v2,id
"Sama ini, misal ini web di pake dan dapet komisi tuh, nah kita kecipratan ga? Nanya aja, hehe. Da gapapa meren nanya gitu. Engga kecipratan juga hapapa, tapi seengganya di web nya ada.",normal,ham,agtbaskara/dataset_sms_spam_v2,id
"sama sama pak,ooh itu report sendiri ko pak yang bumiputera, saya ngedit yang nomer 16 nya pak, jadi saya post lagi 😁",normal,ham,agtbaskara/dataset_sms_spam_v2,id
"saya beri opsi untuk nabung nilai, jadi kontraknya semester depan dan nilai dimasukkan ke semester tsb.",normal,ham,agtbaskara/dataset_sms_spam_v2,id
"Saya blm dpt ttd nama1. Paling kalian duluan aja, saya nyusul sendiri nanti.",normal,ham,agtbaskara/dataset_sms_spam_v2,id
Saya brsik masih cuti bati ke kantor har rabu,normal,ham,agtbaskara/dataset_sms_spam_v2,id
"Saya buat banyak seri untuk PG, oleh karena itu jangan terlalu berharap bisa lihat punya teman (mungkin ini penyebab nilai PG jeblok kemarin?), waktunya akan terbatas dan ruangannya kita pake yg besar.",normal,ham,agtbaskara/dataset_sms_spam_v2,id
"Saya ijin undur diri, kalau ada kepentingan mangga di japri saja. Terima kasih (middle eastern woman)",normal,ham,agtbaskara/dataset_sms_spam_v2,id
"saya keluar kota sd jumat, senin tgl 12 pagi aja (jam 9), gabung sama gameprog.",normal,ham,agtbaskara/dataset_sms_spam_v2,id
Saya meminta maaf atas apa-apa yang telah saya perbuat. maaf dari lisan ini yang belum terjaga. maaf atas perilaku yang kurang baik. maaf atas segala kesalahan baik yang tersadari atau yang tidak saya sadari.,normal,ham,agtbaskara/dataset_sms_spam_v2,id
"Saya menyimpulkan, kita debat diantara karena kita yg cupu ilmu nya, atau kemungkinan pertanggungjawaban pasca penelitian yg moal kepegang. Atau rasa sayang ortu di kampus yg pengen kita lulus cepat",normal,ham,agtbaskara/dataset_sms_spam_v2,id
"Saya sedang nunggu beliau pak,beliau sdg ngobrol dgn client ",normal,ham,agtbaskara/dataset_sms_spam_v2,id
Scroll up down olshop nama1,normal,ham,agtbaskara/dataset_sms_spam_v2,id
Sebenernya di nama1 gada bulanan setau aku. Cuma aku dikasih izin aja sama ibu gitu. Kalau aku lanjut aku bayar 6jt,normal,ham,agtbaskara/dataset_sms_spam_v2,id
"Segan baa lo ko wqwq hai di, gila kurus banget skrg diii",normal,ham,agtbaskara/dataset_sms_spam_v2,id
Sekalian aku mau nanya alur dari rawat inap ke lab sama radiologi. Kalau obat kan ga ada yang ngolah.,normal,ham,agtbaskara/dataset_sms_spam_v2,id
sekalian liburannya ke malaysia juga wkwk,normal,ham,agtbaskara/dataset_sms_spam_v2,id
"Selain dicetak, rundown jg dkrm ke email di nama1 nuhun. Dtgu d prodi sampai 4.30. Dipercepat 30 menit.",normal,ham,agtbaskara/dataset_sms_spam_v2,id
"Selain itu saya punya ide untuk menggabungkan beberapa device HP sebagai sumber sensor, misal untuk deteksi longsor atau gempa ini terkait trend sekarang: iOT (internet of thing), silahkan bagi yg tertarik :)",normal,ham,agtbaskara/dataset_sms_spam_v2,id
"Selamat pagi pak, untuk data table yg dibutuhkan sudah saya email. Apakah email saya msk Pak?",normal,ham,agtbaskara/dataset_sms_spam_v2,id
"Selamat siang, mau reservasi bandros perorangan apakah bisa?",normal,ham,agtbaskara/dataset_sms_spam_v2,id
"Selamat sore Pak, besok kami bisa ke kantor jam brp Pak?",normal,ham,agtbaskara/dataset_sms_spam_v2,id
"Selamat sore teh, ini dg nama1 lg nyari kosan perbulan. Apakah ada yg kosong teh disana? Terima kasih.",normal,ham,agtbaskara/dataset_sms_spam_v2,id
Selamat TCASH TAP Anda telah aktif dengan SN: 100011398478 tgl. 21/08/2016 12:36:10 Info *800#,normal,ham,agtbaskara/dataset_sms_spam_v2,id
Selamat ulang tahun semoga panjang umur dan sehat selalu,normal,ham,agtbaskara/dataset_sms_spam_v2,id
"Selamat utk teman2 yg wisuda, semoga berkah ilmunya dan dilancarkan urusan kedepannya.. sukses terus buat kt semua :)",normal,ham,agtbaskara/dataset_sms_spam_v2,id
Selamat nama1. Semoga selalu menempuh hidup yang bahagia dan selalu menyenangkan,normal,ham,agtbaskara/dataset_sms_spam_v2,id
"Selamatkan diri kalian guys, karna ""lulus bareng"" hanyalah kata hiburan semata",normal,ham,agtbaskara/dataset_sms_spam_v2,id
"Selamatkan diri kalian guys, karna ""nikah bareng"" hanyalah kebaperan sesaat #NaonAriDyah",normal,ham,agtbaskara/dataset_sms_spam_v2,id
"selisihnya brp? sesuai janji saya sbelumhya, bagi yg nilainya diperbatasan saya akan cek kehadiran. Tapi kalau jauh ya  gak bisa :)  nanti gak ada habisnya turun terus.",normal,ham,agtbaskara/dataset_sms_spam_v2,id
"Semangat yang ibu gita, ibu putri dan bapak adison esok hari. Semoga diberikan yang terbaik. Aamiin",normal,ham,agtbaskara/dataset_sms_spam_v2,id
Semangat!! Aku jg nanti bunganya aku titipin ya. Eh mau bunga atau makanan wid?,normal,ham,agtbaskara/dataset_sms_spam_v2,id
"Semau-maunya kita ama orang, gak bakal jadi kalau gak jodoh. Segeleh-gelehnya pasti bakal nikah kalopun jodoh",normal,ham,agtbaskara/dataset_sms_spam_v2,id
Semoga Allah bersama kita Semua.,normal,ham,agtbaskara/dataset_sms_spam_v2,id
semoga cepat sembuh pak.,normal,ham,agtbaskara/dataset_sms_spam_v2,id
"semua udah masuk kok, cuma database sindo memang nggak real time.",normal,ham,agtbaskara/dataset_sms_spam_v2,id
Senin mah pelepasan doang kan? Aku brngktnya selasa apa egi senin berangktnya? ,normal,ham,agtbaskara/dataset_sms_spam_v2,id
Sep aku udh pull tp kenapa direpository git ga msk ke aku ya,normal,ham,agtbaskara/dataset_sms_spam_v2,id
Sepupu ane baru masuk kuliah,normal,ham,agtbaskara/dataset_sms_spam_v2,id
Setting ponsel akan segera dikirimkan. Masukkan PIN: 1111 jika diminta. Terimakasih,normal,ham,agtbaskara/dataset_sms_spam_v2,id
Setting telah dikirimkan ke ponsel Anda. Ikuti petunjuk yang diberikan untuk menyelesaikan setting internet dan kirim fot/MMS,normal,ham,agtbaskara/dataset_sms_spam_v2,id
silahkan berkas dambil di ruang saya,normal,ham,agtbaskara/dataset_sms_spam_v2,id
"Silahkan klo pd mau besok gpp, saya nyusul aja paling laporan ke bapaknya. Udh ngehubungin bapak jg.",normal,ham,agtbaskara/dataset_sms_spam_v2,id
Silahkan tebak umurnya~,normal,ham,agtbaskara/dataset_sms_spam_v2,id
"soal ada multiple choice ada essay. Yg weka masuk ke essay, tapi ada juga file yang dikumpulkan.",normal,ham,agtbaskara/dataset_sms_spam_v2,id
"Soalnya aku pernah ujug2 dtng, terus bapak nya bilang kalau mau bimbingan bls wa ya, biar saya bisa estimasi waktu, gitu",normal,ham,agtbaskara/dataset_sms_spam_v2,id
Soalnya bapa mau liat database secara keseluruhan.,normal,ham,agtbaskara/dataset_sms_spam_v2,id
Soalnya ini fitutnya lebih lengkap.,normal,ham,agtbaskara/dataset_sms_spam_v2,id
Soalnya yang aku udah ditambahin,normal,ham,agtbaskara/dataset_sms_spam_v2,id
"sok saya bebas gmna kalian, bsok hayu , jumat oke",normal,ham,agtbaskara/dataset_sms_spam_v2,id
"Struktur Data, PLA, Skripsi, dan Sidang",normal,ham,agtbaskara/dataset_sms_spam_v2,id
Subuh jg abis maghrib itu teh ahaha,normal,ham,agtbaskara/dataset_sms_spam_v2,id
"Sudah pak di email, saya cantumkan direct link juga diemail kalo misalkan file google drive tidak bisa di download",normal,ham,agtbaskara/dataset_sms_spam_v2,id
Sundae min sirup kiwi pake cochochips :*,normal,ham,agtbaskara/dataset_sms_spam_v2,id
"supaya kita bisa mulai cepat, tolong posisi duduknya diatur dari awal, diberi jarak satu kolom kosong selang seling.",normal,ham,agtbaskara/dataset_sms_spam_v2,id
"Tadi udah bertemu beliau pa. Kata beliau, pengujiannya bisanga besok pa.",normal,ham,agtbaskara/dataset_sms_spam_v2,id
Tapi daging kurban mentahnya udah ga ada :3,normal,ham,agtbaskara/dataset_sms_spam_v2,id
tapi kuliahnya sekarang. SP sebenarnya tidak boleh untuk kuliah yg ada praktikum.,normal,ham,agtbaskara/dataset_sms_spam_v2,id
"Tapi masukin aja dulu, soalnya aku data pasien dari sana.",normal,ham,agtbaskara/dataset_sms_spam_v2,id
Taqoballahu Minna waminkum. #SelamatMenyambutKemenangan,normal,ham,agtbaskara/dataset_sms_spam_v2,id
Teh jadi mau ketemuan ,normal,ham,agtbaskara/dataset_sms_spam_v2,id
Teh maaf kalau teteh sibuk gpp nanti bayar besok aja pas pengiriman ,normal,ham,agtbaskara/dataset_sms_spam_v2,id
Temen * yg lain bisa juga ya di undang ke grup ini,normal,ham,agtbaskara/dataset_sms_spam_v2,id
Terima kasih atas konfirmasinya. Orderan sedang kami proses.,normal,ham,agtbaskara/dataset_sms_spam_v2,id
Terimakasih telah melakukan pengisian ulang dgn SN 41000795569091 senilai 20000.,normal,ham,agtbaskara/dataset_sms_spam_v2,id
"Terimakasih, saat ini Anda masih terdaftar sebagai pelanggan TCash.",normal,ham,agtbaskara/dataset_sms_spam_v2,id
Terimakasih. Paket 60 mb Anda telah aktif. Cek bonus *889#. Katalog Poin lengkap tsel.me/telkomselpoin. S&K berlaku,normal,ham,agtbaskara/dataset_sms_spam_v2,id
Terlepas dr pelaku2 nya. Ambil dr sisi guru nya. Menarik bgt.,normal,ham,agtbaskara/dataset_sms_spam_v2,id
Ternyata formatnya banyak berantakan dari odp ke google sheet. Saya sdg rapikan sambil buat soal. Besok subuh harap cek lagi ya.,normal,ham,agtbaskara/dataset_sms_spam_v2,id
Tersrrah aja. Pagi juga nggak pa2,normal,ham,agtbaskara/dataset_sms_spam_v2,id
"Terus kalau ada yang nanya, kita masuknya suka pagi sampai siang kadang juga siang sampai sore. Gimana dari sananha.",normal,ham,agtbaskara/dataset_sms_spam_v2,id
tes toefl di balai bisa weekend ga?,normal,ham,agtbaskara/dataset_sms_spam_v2,id
"Tiga kali juga dil, april, juli, sama okt",normal,ham,agtbaskara/dataset_sms_spam_v2,id
nama1 udah diperpus nama1.. yuk kesini tika tugu diperpus ya,normal,ham,agtbaskara/dataset_sms_spam_v2,id
nama1  kalau kelompok sistem pembelajaran bhs jepang itu siapa ajaa?,normal,ham,agtbaskara/dataset_sms_spam_v2,id
nama1 kemaren kamera dan handycam waktu msceis pake kamera siapa aj?,normal,ham,agtbaskara/dataset_sms_spam_v2,id
TOPUP pulsa Rp50000 berhasil via transfer ATM BNI kode trx 01123190427523627. Pulsa anda saat ini Rp 54205. Terima kasih telah menggunakan INDOSAT OOREDOO,normal,ham,agtbaskara/dataset_sms_spam_v2,id
"Tp aku gak tertarik gt sih diperusahaan itu, org it nya baru satu ",normal,ham,agtbaskara/dataset_sms_spam_v2,id
Tp aku masih lucu ngebayangin kalian pacaran teh hahahaha,normal,ham,agtbaskara/dataset_sms_spam_v2,id
Tp baru tau teori doang sih...... Da blm ngerasain yg rumit2,normal,ham,agtbaskara/dataset_sms_spam_v2,id
Tp belum pasti ya. Kalau ada temen mah mau. Soalnya ga ada halangan untuk hdr kyknya hihi,normal,ham,agtbaskara/dataset_sms_spam_v2,id
Tp berapa lama lagi ya Pak?,normal,ham,agtbaskara/dataset_sms_spam_v2,id
Tp klo jd mmber mh bsa lbh murah dil,normal,ham,agtbaskara/dataset_sms_spam_v2,id
Traveloka.com: Your e-ticket summary 25-07-2016/15:30/XPRESS XN-738/PDG-BDO/DZZZZ Total: 1 passenger(s),normal,ham,agtbaskara/dataset_sms_spam_v2,id
Tunggu aja dulu di lobi bawah kalo saya belum datang ya...,normal,ham,agtbaskara/dataset_sms_spam_v2,id
Udah aa aa semua sih. Makan mah sama cewek2. Lupa ih mukanya dy aku gak bisa nginget wajah hahaha,normal,ham,agtbaskara/dataset_sms_spam_v2,id
"udah di benerin, kamu jangan sync dulu. backup filenya baru sync terus push dengan file kamu.",normal,ham,agtbaskara/dataset_sms_spam_v2,id
"Udah di beres2in, tp lampu depannya ada yg mati kl gasalah",normal,ham,agtbaskara/dataset_sms_spam_v2,id
Udah lama ga bimbingan 😂,normal,ham,agtbaskara/dataset_sms_spam_v2,id
Udh teh kata bapa bsk kekantor cuman blm dbls lg jamber.. jd blm pasti jg,normal,ham,agtbaskara/dataset_sms_spam_v2,id
"nama1, ntar bilang aja ke kaka kamu, pas instal ulang gagal ngeformat C nya, ada error tpi semua data di C nya udah keformat. Pas mau nyoba instal windows nya, muncul error yg sama, error code 0x80070057. Kemungkinan ada yg rusak di harddisk nya.",normal,ham,agtbaskara/dataset_sms_spam_v2,id
Untuk ayam bakar atau rica rica brp Pak?,normal,ham,agtbaskara/dataset_sms_spam_v2,id
"untuk dwm soal klasifikasi, algoritma yang menjadi dasar adalah random forest dengan akurasi model kira2 0.8. Setelah menggunakan data test (data yg saya berikan kemarin di UAS untuk diprediksi), akurasi yg didapat adalah 0.75. Jika mhs mendapat akurasi 0.75 dia akan mendapat nilai maksimal (20point). Akurasi tertinggi 0.77 diperoleh oleh nama1",normal,ham,agtbaskara/dataset_sms_spam_v2,id
"Untuk yg kontrak game prog (dan juga dwm): kita jadwalkan untuk ikut Gemastik. Ini kompetisi terbesar antar prodi ilkom/IF, dan kita punya peluang besar untuk bidang ini.",normal,ham,agtbaskara/dataset_sms_spam_v2,id
"Urang mah kayanya dah jumatan, tapi jam 2an. Mau ke pa lala dulu bentar.",normal,ham,agtbaskara/dataset_sms_spam_v2,id
Usul: Anak sospol dan yg berminat turun deh. Pelajari ttg ini,normal,ham,agtbaskara/dataset_sms_spam_v2,id
Waaah keren kang,normal,ham,agtbaskara/dataset_sms_spam_v2,id
Waalaikumsalam. Jumat ya pukul 9.,normal,ham,agtbaskara/dataset_sms_spam_v2,id
Waalaikumsalamin apa yg dpt saya bantu min?,normal,ham,agtbaskara/dataset_sms_spam_v2,id
Wah iya dy?haha sabar bgt anaknya teh jd we aku yg gtau diri ngomong seenaknya :(,normal,ham,agtbaskara/dataset_sms_spam_v2,id
wah mantap(ok) btw nge-cc perihal sponsor jg ya osnnya.. semoga yg terbaik utk kemakom,normal,ham,agtbaskara/dataset_sms_spam_v2,id
"wah repot kalo asumsinya gitu, kadang ada yg ganti kelompok. biasakan setiap dokumen itu ada nama, klau saya print lalu saya periksanya offline bingung kan mau dimasukkan ke mana kalau gak ada nama satupun.",normal,ham,agtbaskara/dataset_sms_spam_v2,id
Waktu itu malas sep hihi. Dilihat jd lebih rapih aja 😆👍,normal,ham,agtbaskara/dataset_sms_spam_v2,id
Wid jgn plg sebelum ketemu aku. Aku brgkt jam 5 hehe,normal,ham,agtbaskara/dataset_sms_spam_v2,id
Wihh nyimper kopernya dmn? Motor gigi kan?,normal,ham,agtbaskara/dataset_sms_spam_v2,id
wisudaan kan hari jumat,normal,ham,agtbaskara/dataset_sms_spam_v2,id
"Wkwk tumben kar biasanya masing2 punya sendiri kar, sampe yg sewarna ada 3",normal,ham,agtbaskara/dataset_sms_spam_v2,id
"Wooh ada yg mau nikah lagi, udah lulus langsung diiket",normal,ham,agtbaskara/dataset_sms_spam_v2,id
Ya ampuun pak jendral wk,normal,ham,agtbaskara/dataset_sms_spam_v2,id
"ya masuk aja, belum ada tugas/quiz kok. cuma perlu ngejar dikit. Materinya sekarang sudah sampai location aware app. pertemuan berikutnya masuk ke sensor.",normal,ham,agtbaskara/dataset_sms_spam_v2,id
"ya nggk jd masalh, toh model bisa diload dicontroler mana aja kan?",normal,ham,agtbaskara/dataset_sms_spam_v2,id
Yah saya dikostan temen dil. Hihi,normal,ham,agtbaskara/dataset_sms_spam_v2,id
"yahh masih lama ya, urgent ini wkwk",normal,ham,agtbaskara/dataset_sms_spam_v2,id
"Yang ada waktu luang besok pada futsal ya jam 4 di sampoerna, s Jangan ngaret",normal,ham,agtbaskara/dataset_sms_spam_v2,id
Yang sinonim bukan?,normal,ham,agtbaskara/dataset_sms_spam_v2,id
"Yaudah gausah babakaran atuh, yg pake kompor aja. Lagian ribet kan nyalain arengnya",normal,ham,agtbaskara/dataset_sms_spam_v2,id
"Yaudah sekarang mah eta harddisk di laptop maneh keluarin terus dijadiin harddisk external aja.. cari temen yang punya case nya.. entar datanya copy-in, paling maneh ngerjain di luar dulu aja ga di laptop itu",normal,ham,agtbaskara/dataset_sms_spam_v2,id
"yaudah, minta data dummy untuk diagnosa_pasien dong",normal,ham,agtbaskara/dataset_sms_spam_v2,id
"Yg butuh kosan perbulan bisa langsung ditempatin. Lokasi di gang samping gokana setiabudi, khusus cewe jam bebas, bersih, fasilitas kasur sama lemari kunci pegang masing2. Harga 725/bulan. Bisa hub ####  id line: titaniadbl",normal,ham,agtbaskara/dataset_sms_spam_v2,id
"Yg dian ge waktu itu yudisium akhirnya sore2, ga dibarengin sama nondik sampe jam 6kurang keluar yudisium teh",normal,ham,agtbaskara/dataset_sms_spam_v2,id
Yg mau ngampus aku pengen titip bawain SKL aku di prodi😭,normal,ham,agtbaskara/dataset_sms_spam_v2,id
Yg ragu sm bulet/datar atau yg pgn ikutan debat kusir :v,normal,ham,agtbaskara/dataset_sms_spam_v2,id
Yg sebelah warteg bahri apa sebrangnya? Yg 15,normal,ham,agtbaskara/dataset_sms_spam_v2,id
"Yooo sama2, oke nanti aku umumin di grup kelas",normal,ham,agtbaskara/dataset_sms_spam_v2,id
😁 sebelumnya ga ad nulis kerudung. Kirain warna jins,normal,ham,agtbaskara/dataset_sms_spam_v2,id
Mba mau kirim 300 ya,normal,ham,agtbaskara/dataset_sms_spam_v2,id
nama1  beaok bwrangkat pagi...mau cas atay tranfer?,normal,ham,agtbaskara/dataset_sms_spam_v2,id
No bri atas nama kamu mana,normal,ham,agtbaskara/dataset_sms_spam_v2,id
"Go until jurong point, crazy.. Available only in bugis n great world la e buffet... Cine there got amore wat...",,ham,uci_sms_spam_collection,en
Ok lar... Joking wif u oni...,,ham,uci_sms_spam_collection,en
Free entry in 2 a wkly comp to win FA Cup final tkts 21st May 2005. Text FA to 87121 to receive entry question(std txt rate)T&C's apply 08452810075over18's,,spam,uci_sms_spam_collection,en
U dun say so early hor... U c already then say...,,ham,uci_sms_spam_collection,en
"Nah I don't think he goes to usf, he lives around here though",,ham,uci_sms_spam_collection,en
"FreeMsg Hey there darling it's been 3 week's now and no word back! I'd like some fun you up for it still? Tb ok! XxX std chgs to send, å£1.50 to rcv",,spam,uci_sms_spam_collection,en
Even my brother is not like to speak with me. They treat me like aids patent.,,ham,uci_sms_spam_collection,en
As per your request 'Melle Melle (Oru Minnaminunginte Nurungu Vettam)' has been set as your callertune for all Callers. Press *9 to copy your friends Callertune,,ham,uci_sms_spam_collection,en
WINNER!! As a valued network customer you have been selected to receivea å£900 prize reward! To claim call 09061701461. Claim code KL341. Valid 12 hours only.,,spam,uci_sms_spam_collection,en
Had your mobile 11 months or more? U R entitled to Update to the latest colour mobiles with camera for Free! Call The Mobile Update Co FREE on 08002986030,,spam,uci_sms_spam_collection,en
"I'm gonna be home soon and i don't want to talk about this stuff anymore tonight, k? I've cried enough today.",,ham,uci_sms_spam_collection,en
"SIX chances to win CASH! From 100 to 20,000 pounds txt> CSH11 and send to 87575. Cost 150p/day, 6days, 16+ TsandCs apply Reply HL 4 info",,spam,uci_sms_spam_collection,en
"URGENT! You have won a 1 week FREE membership in our å£100,000 Prize Jackpot! Txt the word: CLAIM to No: 81010 T&C www.dbuk.net LCCLTD POBOX 4403LDNW1A7RW18",,spam,uci_sms_spam_collection,en
I've been searching for the right words to thank you for this breather. I promise i wont take your help for granted and will fulfil my promise. You have been wonderful and a blessing at all times.,,ham,uci_sms_spam_collection,en
I HAVE A DATE ON SUNDAY WITH WILL!!,,ham,uci_sms_spam_collection,en
"XXXMobileMovieClub: To use your credit, click the WAP link in the next txt message or click here>> http://wap. xxxmobilemovieclub.com?n=QJKGIGHJJGCBL",,spam,uci_sms_spam_collection,en
Oh k...i'm watching here:),,ham,uci_sms_spam_collection,en
Eh u remember how 2 spell his name... Yes i did. He v naughty make until i v wet.,,ham,uci_sms_spam_collection,en
Fine if thatåÕs the way u feel. ThatåÕs the way its gota b,,ham,uci_sms_spam_collection,en
"England v Macedonia - dont miss the goals/team news. Txt ur national team to 87077 eg ENGLAND to 87077 Try:WALES, SCOTLAND 4txt/Ì¼1.20 POBOXox36504W45WQ 16+",,spam,uci_sms_spam_collection,en
Is that seriously how you spell his name?,,ham,uci_sms_spam_collection,en
IÛ÷m going to try for 2 months ha ha only joking,,ham,uci_sms_spam_collection,en
So Ì_ pay first lar... Then when is da stock comin...,,ham,uci_sms_spam_collection,en
Aft i finish my lunch then i go str down lor. Ard 3 smth lor. U finish ur lunch already?,,ham,uci_sms_spam_collection,en
Ffffffffff. Alright no way I can meet up with you sooner?,,ham,uci_sms_spam_collection,en
Just forced myself to eat a slice. I'm really not hungry tho. This sucks. Mark is getting worried. He knows I'm sick when I turn down pizza. Lol,,ham,uci_sms_spam_collection,en
Lol your always so convincing.,,ham,uci_sms_spam_collection,en
Did you catch the bus ? Are you frying an egg ? Did you make a tea? Are you eating your mom's left over dinner ? Do you feel my Love ?,,ham,uci_sms_spam_collection,en
"I'm back &amp; we're packing the car now, I'll let you know if there's room",,ham,uci_sms_spam_collection,en
Ahhh. Work. I vaguely remember that! What does it feel like? Lol,,ham,uci_sms_spam_collection,en
"Wait that's still not all that clear, were you not sure about me being sarcastic or that that's why x doesn't want to live with us",,ham,uci_sms_spam_collection,en
Yeah he got in at 2 and was v apologetic. n had fallen out and she was actin like spoilt child and he got caught up in that. Till 2! But we won't go there! Not doing too badly cheers. You? ,,ham,uci_sms_spam_collection,en
K tell me anything about you.,,ham,uci_sms_spam_collection,en
For fear of fainting with the of all that housework you just did? Quick have a cuppa,,ham,uci_sms_spam_collection,en
Thanks for your subscription to Ringtone UK your mobile will be charged å£5/month Please confirm by replying YES or NO. If you reply NO you will not be charged,,spam,uci_sms_spam_collection,en
Yup... Ok i go home look at the timings then i msg Ì_ again... Xuhui going to learn on 2nd may too but her lesson is at 8am,,ham,uci_sms_spam_collection,en
"Oops, I'll let you know when my roommate's done",,ham,uci_sms_spam_collection,en
I see the letter B on my car,,ham,uci_sms_spam_collection,en
Anything lor... U decide...,,ham,uci_sms_spam_collection,en
Hello! How's you and how did saturday go? I was just texting to see if you'd decided to do anything tomo. Not that i'm trying to invite myself or anything!,,ham,uci_sms_spam_collection,en
Pls go ahead with watts. I just wanted to be sure. Do have a great weekend. Abiola,,ham,uci_sms_spam_collection,en
"Did I forget to tell you ? I want you , I need you, I crave you ... But most of all ... I love you my sweet Arabian steed ... Mmmmmm ... Yummy",,ham,uci_sms_spam_collection,en
07732584351 - Rodger Burns - MSG = We tried to call you re your reply to our sms for a free nokia mobile + free camcorder. Please call now 08000930705 for delivery tomorrow,,spam,uci_sms_spam_collection,en
WHO ARE YOU SEEING?,,ham,uci_sms_spam_collection,en
Great! I hope you like your man well endowed. I am  &lt;#&gt;  inches...,,ham,uci_sms_spam_collection,en
No calls..messages..missed calls,,ham,uci_sms_spam_collection,en
Didn't you get hep b immunisation in nigeria.,,ham,uci_sms_spam_collection,en
"Fair enough, anything going on?",,ham,uci_sms_spam_collection,en
"Yeah hopefully, if tyler can't do it I could maybe ask around a bit",,ham,uci_sms_spam_collection,en
U don't know how stubborn I am. I didn't even want to go to the hospital. I kept telling Mark I'm not a weak sucker. Hospitals are for weak suckers.,,ham,uci_sms_spam_collection,en
What you thinked about me. First time you saw me in class.,,ham,uci_sms_spam_collection,en
"A gram usually runs like  &lt;#&gt; , a half eighth is smarter though and gets you almost a whole second gram for  &lt;#&gt;",,ham,uci_sms_spam_collection,en
K fyi x has a ride early tomorrow morning but he's crashing at our place tonight,,ham,uci_sms_spam_collection,en
"Wow. I never realized that you were so embarassed by your accomodations. I thought you liked it, since i was doing the best i could and you always seemed so happy about \the cave\"". I'm sorry I didn't and don't have more to give. I'm sorry i offered. I'm sorry your room was so embarassing.""",,ham,uci_sms_spam_collection,en
SMS. ac Sptv: The New Jersey Devils and the Detroit Red Wings play Ice Hockey. Correct or Incorrect? End? Reply END SPTV,,spam,uci_sms_spam_collection,en
Do you know what Mallika Sherawat did yesterday? Find out now @  &lt;URL&gt;,,ham,uci_sms_spam_collection,en
"Congrats! 1 year special cinema pass for 2 is yours. call 09061209465 now! C Suprman V, Matrix3, StarWars3, etc all 4 FREE! bx420-ip4-5we. 150pm. Dont miss out! ",,spam,uci_sms_spam_collection,en
"Sorry, I'll call later in meeting.",,ham,uci_sms_spam_collection,en
Tell where you reached,,ham,uci_sms_spam_collection,en
Yes..gauti and sehwag out of odi series.,,ham,uci_sms_spam_collection,en
Your gonna have to pick up a $1 burger for yourself on your way home. I can't even move. Pain is killing me.,,ham,uci_sms_spam_collection,en
Ha ha ha good joke. Girls are situation seekers.,,ham,uci_sms_spam_collection,en
Its a part of checking IQ,,ham,uci_sms_spam_collection,en
"Sorry my roommates took forever, it ok if I come by now?",,ham,uci_sms_spam_collection,en
Ok lar i double check wif da hair dresser already he said wun cut v short. He said will cut until i look nice.,,ham,uci_sms_spam_collection,en
"As a valued customer, I am pleased to advise you that following recent review of your Mob No. you are awarded with a å£1500 Bonus Prize, call 09066364589",,spam,uci_sms_spam_collection,en
"Today is \song dedicated day..\"" Which song will u dedicate for me? Send this to all ur valuable frnds but first rply me...""",,ham,uci_sms_spam_collection,en
"Urgent UR awarded a complimentary trip to EuroDisinc Trav, Aco&Entry41 Or å£1000. To claim txt DIS to 87121 18+6*å£1.50(moreFrmMob. ShrAcomOrSglSuplt)10, LS1 3AJ",,spam,uci_sms_spam_collection,en
"Did you hear about the new \Divorce Barbie\""? It comes with all of Ken's stuff!""",,spam,uci_sms_spam_collection,en
I plane to give on this month end.,,ham,uci_sms_spam_collection,en
Wah lucky man... Then can save money... Hee...,,ham,uci_sms_spam_collection,en
Finished class where are you.,,ham,uci_sms_spam_collection,en
HI BABE IM AT HOME NOW WANNA DO SOMETHING? XX,,ham,uci_sms_spam_collection,en
K..k:)where are you?how did you performed?,,ham,uci_sms_spam_collection,en
U can call me now...,,ham,uci_sms_spam_collection,en
I am waiting machan. Call me once you free.,,ham,uci_sms_spam_collection,en
Thats cool. i am a gentleman and will treat you with dignity and respect.,,ham,uci_sms_spam_collection,en
I like you peoples very much:) but am very shy pa.,,ham,uci_sms_spam_collection,en
Does not operate after  &lt;#&gt;  or what,,ham,uci_sms_spam_collection,en
Its not the same here. Still looking for a job. How much do Ta's earn there.,,ham,uci_sms_spam_collection,en
"Sorry, I'll call later",,ham,uci_sms_spam_collection,en
K. Did you call me just now ah? ,,ham,uci_sms_spam_collection,en
Ok i am on the way to home hi hi,,ham,uci_sms_spam_collection,en
You will be in the place of that man,,ham,uci_sms_spam_collection,en
Yup next stop.,,ham,uci_sms_spam_collection,en
"I call you later, don't have network. If urgnt, sms me.",,ham,uci_sms_spam_collection,en
For real when u getting on yo? I only need 2 more tickets and one more jacket and I'm done. I already used all my multis.,,ham,uci_sms_spam_collection,en
Yes I started to send requests to make it but pain came back so I'm back in bed. Double coins at the factory too. I gotta cash in all my nitros.,,ham,uci_sms_spam_collection,en
I'm really not up to it still tonight babe,,ham,uci_sms_spam_collection,en
"Ela kano.,il download, come wen ur free..",,ham,uci_sms_spam_collection,en
Yeah do! DonÛ÷t stand to close tho- youÛ÷ll catch something!,,ham,uci_sms_spam_collection,en
Sorry to be a pain. Is it ok if we meet another night? I spent late afternoon in casualty and that means i haven't done any of y stuff42moro and that includes all my time sheets and that. Sorry. ,,ham,uci_sms_spam_collection,en
Smile in Pleasure Smile in Pain Smile when trouble pours like Rain Smile when sum1 Hurts U Smile becoz SOMEONE still Loves to see u Smiling!!,,ham,uci_sms_spam_collection,en
Please call our customer service representative on 0800 169 6031 between 10am-9pm as you have WON a guaranteed å£1000 cash or å£5000 prize!,,spam,uci_sms_spam_collection,en
Havent planning to buy later. I check already lido only got 530 show in e afternoon. U finish work already?,,ham,uci_sms_spam_collection,en
"Your free ringtone is waiting to be collected. Simply text the password \MIX\"" to 85069 to verify. Get Usher and Britney. FML",,spam,uci_sms_spam_collection,en
Watching telugu movie..wat abt u?,,ham,uci_sms_spam_collection,en
i see. When we finish we have loads of loans to pay,,ham,uci_sms_spam_collection,en
"Hi. Wk been ok - on hols now! Yes on for a bit of a run. Forgot that i have hairdressers appointment at four so need to get home n shower beforehand. Does that cause prob for u?\""ham""",,ham,uci_sms_spam_collection,en
Please don't text me anymore. I have nothing else to say.,,ham,uci_sms_spam_collection,en
Okay name ur price as long as its legal! Wen can I pick them up? Y u ave x ams xx,,ham,uci_sms_spam_collection,en
I'm still looking for a car to buy. And have not gone 4the driving test yet.,,ham,uci_sms_spam_collection,en
"wow. You're right! I didn't mean to do that. I guess once i gave up on boston men and changed my search location to nyc, something changed. Cuz on my signin page it still says boston.",,ham,uci_sms_spam_collection,en
Umma my life and vava umma love you lot dear,,ham,uci_sms_spam_collection,en
Thanks a lot for your wishes on my birthday. Thanks you for making my birthday truly memorable.,,ham,uci_sms_spam_collection,en
"Aight, I'll hit you up when I get some cash",,ham,uci_sms_spam_collection,en
How would my ip address test that considering my computer isn't a minecraft server,,ham,uci_sms_spam_collection,en
I know! Grumpy old people. My mom was like you better not be lying. Then again I am always the one to play jokes...,,ham,uci_sms_spam_collection,en
Dont worry. I guess he's busy.,,ham,uci_sms_spam_collection,en
What is the plural of the noun research?,,ham,uci_sms_spam_collection,en
Going for dinner.msg you after.,,ham,uci_sms_spam_collection,en
I'm ok wif it cos i like 2 try new things. But i scared u dun like mah. Cos u said not too loud.,,ham,uci_sms_spam_collection,en
GENT! We are trying to contact you. Last weekends draw shows that you won a å£1000 prize GUARANTEED. Call 09064012160. Claim Code K52. Valid 12hrs only. 150ppm,,spam,uci_sms_spam_collection,en
"Wa, ur openin sentence very formal... Anyway, i'm fine too, juz tt i'm eatin too much n puttin on weight...Haha... So anythin special happened?",,ham,uci_sms_spam_collection,en
"As I entered my cabin my PA said, '' Happy B'day Boss !!''. I felt special. She askd me 4 lunch. After lunch she invited me to her apartment. We went there.",,ham,uci_sms_spam_collection,en
You are a winner U have been specially selected 2 receive å£1000 or a 4* holiday (flights inc) speak to a live operator 2 claim 0871277810910p/min (18+) ,,spam,uci_sms_spam_collection,en
Goodo! Yes we must speak friday - egg-potato ratio for tortilla needed! ,,ham,uci_sms_spam_collection,en
Hmm...my uncle just informed me that he's paying the school directly. So pls buy food.,,ham,uci_sms_spam_collection,en
PRIVATE! Your 2004 Account Statement for 07742676969 shows 786 unredeemed Bonus Points. To claim call 08719180248 Identifier Code: 45239 Expires,,spam,uci_sms_spam_collection,en
"URGENT! Your Mobile No. was awarded å£2000 Bonus Caller Prize on 5/9/03 This is our final try to contact U! Call from Landline 09064019788 BOX42WR29C, 150PPM",,spam,uci_sms_spam_collection,en
here is my new address -apples&pairs&all that malarky,,ham,uci_sms_spam_collection,en
Todays Voda numbers ending 7548 are selected to receive a $350 award. If you have a match please call 08712300220 quoting claim code 4041 standard rates app,,spam,uci_sms_spam_collection,en
I am going to sao mu today. Will be done only at 12 ,,ham,uci_sms_spam_collection,en
ÌÏ predict wat time Ì_'ll finish buying?,,ham,uci_sms_spam_collection,en
"Good stuff, will do.",,ham,uci_sms_spam_collection,en
"Just so that you know,yetunde hasn't sent money yet. I just sent her a text not to bother sending. So its over, you dont have to involve yourself in anything. I shouldn't have imposed anything on you in the first place so for that, i apologise.",,ham,uci_sms_spam_collection,en
Are you there in room.,,ham,uci_sms_spam_collection,en
HEY GIRL. HOW R U? HOPE U R WELL ME AN DEL R BAK! AGAIN LONG TIME NO C! GIVE ME A CALL SUM TIME FROM LUCYxx,,ham,uci_sms_spam_collection,en
K..k:)how much does it cost?,,ham,uci_sms_spam_collection,en
I'm home.,,ham,uci_sms_spam_collection,en
"Dear, will call Tmorrow.pls accomodate.",,ham,uci_sms_spam_collection,en
First answer my question.,,ham,uci_sms_spam_collection,en
Sunshine Quiz Wkly Q! Win a top Sony DVD player if u know which country the Algarve is in? Txt ansr to 82277. å£1.50 SP:Tyrone,,spam,uci_sms_spam_collection,en
Want 2 get laid tonight? Want real Dogging locations sent direct 2 ur mob? Join the UK's largest Dogging Network bt Txting GRAVEL to 69888! Nt. ec2a. 31p.msg@150p,,spam,uci_sms_spam_collection,en
I only haf msn. It's yijue@hotmail.com,,ham,uci_sms_spam_collection,en
He is there. You call and meet him,,ham,uci_sms_spam_collection,en
No no. I will check all rooms befor activities,,ham,uci_sms_spam_collection,en
You'll not rcv any more msgs from the chat svc. For FREE Hardcore services text GO to: 69988 If u get nothing u must Age Verify with yr network & try again,,spam,uci_sms_spam_collection,en
Got c... I lazy to type... I forgot Ì_ in lect... I saw a pouch but like not v nice...,,ham,uci_sms_spam_collection,en
"K, text me when you're on the way",,ham,uci_sms_spam_collection,en
"Sir, Waiting for your mail.",,ham,uci_sms_spam_collection,en
"A swt thought: \Nver get tired of doing little things 4 lovable persons..\"" Coz..somtimes those little things occupy d biggest part in their Hearts.. Gud ni8""",,ham,uci_sms_spam_collection,en
I know you are. Can you pls open the back?,,ham,uci_sms_spam_collection,en
Yes see ya not on the dot,,ham,uci_sms_spam_collection,en
Whats the staff name who is taking class for us?,,ham,uci_sms_spam_collection,en
"FreeMsg Why haven't you replied to my text? I'm Randy, sexy, female and live local. Luv to hear from u. Netcollex Ltd 08700621170150p per msg reply Stop to end",,spam,uci_sms_spam_collection,en
Ummma.will call after check in.our life will begin from qatar so pls pray very hard.,,ham,uci_sms_spam_collection,en
K..i deleted my contact that why?,,ham,uci_sms_spam_collection,en
Sindu got job in birla soft ..,,ham,uci_sms_spam_collection,en
The wine is flowing and i'm i have nevering..,,ham,uci_sms_spam_collection,en
Yup i thk cine is better cos no need 2 go down 2 plaza mah.,,ham,uci_sms_spam_collection,en
Ok... Ur typical reply...,,ham,uci_sms_spam_collection,en
"You are everywhere dirt, on the floor, the windows, even on my shirt. And sometimes when i open my mouth, you are all that comes flowing out. I dream of my world without you, then half my chores are out too. A time of joy for me, lots of tv shows i.ll see. But i guess like all things you just must exist, like rain, hail and mist, and when my time here is done, you and i become one.",,ham,uci_sms_spam_collection,en
Aaooooright are you at work?,,ham,uci_sms_spam_collection,en
I'm leaving my house now...,,ham,uci_sms_spam_collection,en
"Hello, my love. What are you doing? Did you get to that interview today? Are you you happy? Are you being a good boy? Do you think of me?Are you missing me ?",,ham,uci_sms_spam_collection,en
Customer service annoncement. You have a New Years delivery waiting for you. Please call 07046744435 now to arrange delivery,,spam,uci_sms_spam_collection,en
You are a winner U have been specially selected 2 receive å£1000 cash or a 4* holiday (flights inc) speak to a live operator 2 claim 0871277810810,,spam,uci_sms_spam_collection,en
Keep yourself safe for me because I need you and I miss you already and I envy everyone that see's you in real life,,ham,uci_sms_spam_collection,en
New car and house for my parents.:)i have only new job in hand:),,ham,uci_sms_spam_collection,en
I'm so in love with you. I'm excited each day i spend with you. You make me so happy.,,ham,uci_sms_spam_collection,en
-PLS STOP bootydelious (32/F) is inviting you to be her friend. Reply YES-434 or NO-434 See her: www.SMS.ac/u/bootydelious STOP? Send STOP FRND to 62468,,spam,uci_sms_spam_collection,en
"BangBabes Ur order is on the way. U SHOULD receive a Service Msg 2 download UR content. If U do not, GoTo wap. bangb. tv on UR mobile internet/service menu",,spam,uci_sms_spam_collection,en
I place all ur points on e cultures module already.,,ham,uci_sms_spam_collection,en
URGENT! We are trying to contact you. Last weekends draw shows that you have won a å£900 prize GUARANTEED. Call 09061701939. Claim code S89. Valid 12hrs only,,spam,uci_sms_spam_collection,en
"Hi frnd, which is best way to avoid missunderstding wit our beloved one's?",,ham,uci_sms_spam_collection,en
Great escape. I fancy the bridge but needs her lager. See you tomo ,,ham,uci_sms_spam_collection,en
Yes :)it completely in out of form:)clark also utter waste.,,ham,uci_sms_spam_collection,en
"Sir, I need AXIS BANK account no and bank address.",,ham,uci_sms_spam_collection,en
"Hmmm.. Thk sure got time to hop ard... Ya, can go 4 free abt... Muz call u to discuss liao... ",,ham,uci_sms_spam_collection,en
What time you coming down later? ,,ham,uci_sms_spam_collection,en
"Bloody hell, cant believe you forgot my surname Mr . Ill give u a clue, its spanish and begins with m... ",,ham,uci_sms_spam_collection,en
"Well, i'm gonna finish my bath now. Have a good...fine night.",,ham,uci_sms_spam_collection,en
Let me know when you've got the money so carlos can make the call,,ham,uci_sms_spam_collection,en
U still going to the mall?,,ham,uci_sms_spam_collection,en
"Turns out my friends are staying for the whole show and won't be back til ~ &lt;#&gt; , so feel free to go ahead and smoke that $ &lt;#&gt;  worth",,ham,uci_sms_spam_collection,en
Text her. If she doesnt reply let me know so i can have her log in,,ham,uci_sms_spam_collection,en
Hi! You just spoke to MANEESHA V. We'd like to know if you were satisfied with the experience. Reply Toll Free with Yes or No.,,ham,uci_sms_spam_collection,en
You lifted my hopes with the offer of money. I am in need. Especially when the end of the month approaches and it hurts my studying. Anyways have a gr8 weekend,,ham,uci_sms_spam_collection,en
Lol no. U can trust me.,,ham,uci_sms_spam_collection,en
ok. I am a gentleman and will treat you with dignity and respect.,,ham,uci_sms_spam_collection,en
"He will, you guys close?",,ham,uci_sms_spam_collection,en
Going on nothing great.bye,,ham,uci_sms_spam_collection,en
Hello handsome ! Are you finding that job ? Not being lazy ? Working towards getting back that net for mummy ? Where's my boytoy now ? Does he miss me ?,,ham,uci_sms_spam_collection,en
"Haha awesome, be there in a minute",,ham,uci_sms_spam_collection,en
Please call our customer service representative on FREEPHONE 0808 145 4742 between 9am-11pm as you have WON a guaranteed å£1000 cash or å£5000 prize!,,spam,uci_sms_spam_collection,en
Have you got Xmas radio times. If not i will get it now,,ham,uci_sms_spam_collection,en
I jus reached home. I go bathe first. But my sis using net tell u when she finishes k...,,ham,uci_sms_spam_collection,en
Are you unique enough? Find out from 30th August. www.areyouunique.co.uk,,spam,uci_sms_spam_collection,en
I'm sorry. I've joined the league of people that dont keep in touch. You mean a great deal to me. You have been a friend at all times even at great personal cost. Do have a great week.|,,ham,uci_sms_spam_collection,en
Hi :)finally i completed the course:),,ham,uci_sms_spam_collection,en
It will stop on itself. I however suggest she stays with someone that will be able to give ors for every stool.,,ham,uci_sms_spam_collection,en
How are you doing? Hope you've settled in for the new school year. Just wishin you a gr8 day,,ham,uci_sms_spam_collection,en
Gud mrng dear hav a nice day,,ham,uci_sms_spam_collection,en
Did u got that persons story,,ham,uci_sms_spam_collection,en
is your hamster dead? Hey so tmr i meet you at 1pm orchard mrt? ,,ham,uci_sms_spam_collection,en
Hi its Kate how is your evening? I hope i can see you tomorrow for a bit but i have to bloody babyjontet! Txt back if u can. :) xxx,,ham,uci_sms_spam_collection,en
"Found it, ENC  &lt;#&gt; , where you at?",,ham,uci_sms_spam_collection,en
I sent you  &lt;#&gt;  bucks,,ham,uci_sms_spam_collection,en
Hello darlin ive finished college now so txt me when u finish if u can love Kate xxx,,ham,uci_sms_spam_collection,en
Your account has been refilled successfully by INR  &lt;DECIMAL&gt; . Your KeralaCircle prepaid account balance is Rs  &lt;DECIMAL&gt; . Your Transaction ID is KR &lt;#&gt; .,,ham,uci_sms_spam_collection,en
Goodmorning sleeping ga.,,ham,uci_sms_spam_collection,en
U call me alter at 11 ok.,,ham,uci_sms_spam_collection,en
ÌÏ say until like dat i dun buy ericsson oso cannot oredi lar...,,ham,uci_sms_spam_collection,en
"Aight yo, dats straight dogg",,ham,uci_sms_spam_collection,en
You please give us connection today itself before  &lt;DECIMAL&gt;  or refund the bill,,ham,uci_sms_spam_collection,en
Both :) i shoot big loads so get ready!,,ham,uci_sms_spam_collection,en
"What's up bruv, hope you had a great break. Do have a rewarding semester.",,ham,uci_sms_spam_collection,en
Home so we can always chat,,ham,uci_sms_spam_collection,en
K:)k:)good:)study well.,,ham,uci_sms_spam_collection,en
Yup... How Ì_ noe leh...,,ham,uci_sms_spam_collection,en
Sounds great! Are you home now?,,ham,uci_sms_spam_collection,en
Finally the match heading towards draw as your prediction.,,ham,uci_sms_spam_collection,en
Tired. I haven't slept well the past few nights.,,ham,uci_sms_spam_collection,en
Easy ah?sen got selected means its good..,,ham,uci_sms_spam_collection,en
I have to take exam with march 3,,ham,uci_sms_spam_collection,en
Yeah you should. I think you can use your gt atm now to register. Not sure but if there's anyway i can help let me know. But when you do be sure you are ready.,,ham,uci_sms_spam_collection,en
Ok no prob. Take ur time.,,ham,uci_sms_spam_collection,en
There is os called ubandu which will run without installing in hard disk...you can use that os to copy the important files in system and give it to repair shop..,,ham,uci_sms_spam_collection,en
U say leh... Of course nothing happen lar. Not say v romantic jus a bit only lor. I thk e nite scenery not so nice leh.,,ham,uci_sms_spam_collection,en
"500 New Mobiles from 2004, MUST GO! Txt: NOKIA to No: 89545 & collect yours today!From ONLY å£1 www.4-tc.biz 2optout 087187262701.50gbp/mtmsg18",,spam,uci_sms_spam_collection,en
Would really appreciate if you call me. Just need someone to talk to.,,ham,uci_sms_spam_collection,en
"Will u meet ur dream partner soon? Is ur career off 2 a flyng start? 2 find out free, txt HORO followed by ur star sign, e. g. HORO ARIES",,spam,uci_sms_spam_collection,en
Hey company elama po mudyadhu.,,ham,uci_sms_spam_collection,en
"Life is more strict than teacher... Bcoz Teacher teaches lesson &amp; then conducts exam, But Life first conducts Exam &amp; then teaches Lessons. Happy morning. . .",,ham,uci_sms_spam_collection,en
Dear good morning now only i am up,,ham,uci_sms_spam_collection,en
Get down in gandhipuram and walk to cross cut road. Right side &lt;#&gt; street road and turn at first right.,,ham,uci_sms_spam_collection,en
Dear we are going to our rubber place,,ham,uci_sms_spam_collection,en
"Sorry battery died, yeah I'm here",,ham,uci_sms_spam_collection,en
Yes:)here tv is always available in work place..,,ham,uci_sms_spam_collection,en
Text & meet someone sexy today. U can find a date or even flirt its up to U. Join 4 just 10p. REPLY with NAME & AGE eg Sam 25. 18 -msg recd@thirtyeight pence,,spam,uci_sms_spam_collection,en
I have printed it oh. So  &lt;#&gt;  come upstairs,,ham,uci_sms_spam_collection,en
Or ill be a little closer like at the bus stop on the same street,,ham,uci_sms_spam_collection,en
Where are you?when wil you reach here?,,ham,uci_sms_spam_collection,en
"New Theory: Argument wins d SITUATION, but loses the PERSON. So dont argue with ur friends just.. . . . kick them &amp; say, I'm always correct.!",,ham,uci_sms_spam_collection,en
U 447801259231 have a secret admirer who is looking 2 make contact with U-find out who they R*reveal who thinks UR so special-call on 09058094597,,spam,uci_sms_spam_collection,en
Tomarrow final hearing on my laptop case so i cant.,,ham,uci_sms_spam_collection,en
PLEASSSSSSSEEEEEE TEL ME V AVENT DONE SPORTSx,,ham,uci_sms_spam_collection,en
"Okay. No no, just shining on. That was meant to be signing, but that sounds better.",,ham,uci_sms_spam_collection,en
"Although i told u dat i'm into baig face watches now but i really like e watch u gave cos it's fr u. Thanx 4 everything dat u've done today, i'm touched...",,ham,uci_sms_spam_collection,en
U don't remember that old commercial?,,ham,uci_sms_spam_collection,en
Too late. I said i have the website. I didn't i have or dont have the slippers,,ham,uci_sms_spam_collection,en
I asked you to call him now ok,,ham,uci_sms_spam_collection,en
Kallis wont bat in 2nd innings.,,ham,uci_sms_spam_collection,en
It didnt work again oh. Ok goodnight then. I.ll fix and have it ready by the time you wake up. You are very dearly missed have a good night sleep.,,ham,uci_sms_spam_collection,en
Congratulations ur awarded 500 of CD vouchers or 125gift guaranteed & Free entry 2 100 wkly draw txt MUSIC to 87066 TnCs www.Ldew.com1win150ppmx3age16,,spam,uci_sms_spam_collection,en
Ranjith cal drpd Deeraj and deepak 5min hold,,ham,uci_sms_spam_collection,en
"Wen ur lovable bcums angry wid u, dnt take it seriously.. Coz being angry is d most childish n true way of showing deep affection, care n luv!.. kettoda manda... Have nice day da.",,ham,uci_sms_spam_collection,en
What you doing?how are you?,,ham,uci_sms_spam_collection,en
"Ups which is 3days also, and the shipping company that takes 2wks. The other way is usps which takes a week but when it gets to lag you may have to bribe nipost to get your stuff.",,ham,uci_sms_spam_collection,en
"I'm back, lemme know when you're ready",,ham,uci_sms_spam_collection,en
Don't necessarily expect it to be done before you get back though because I'm just now headin out,,ham,uci_sms_spam_collection,en
Mmm so yummy babe ... Nice jolt to the suzy,,ham,uci_sms_spam_collection,en
Where are you lover ? I need you ...,,ham,uci_sms_spam_collection,en
We tried to contact you re your reply to our offer of a Video Handset? 750 anytime networks mins? UNLIMITED TEXT? Camcorder? Reply or call 08000930705 NOW,,spam,uci_sms_spam_collection,en
IÛ÷m parked next to a MINI!!!! When are you coming in today do you think?,,ham,uci_sms_spam_collection,en
Yup,,ham,uci_sms_spam_collection,en
Anyway i'm going shopping on my own now. Cos my sis not done yet. Dun disturb u liao.,,ham,uci_sms_spam_collection,en
MY NO. IN LUTON 0125698789 RING ME IF UR AROUND! H*,,ham,uci_sms_spam_collection,en
Hey I am really horny want to chat or see me naked text hot to 69698 text charged at 150pm to unsubscribe text stop 69698,,spam,uci_sms_spam_collection,en
Why you Dint come with us.,,ham,uci_sms_spam_collection,en
Same. Wana plan a trip sometme then,,ham,uci_sms_spam_collection,en
"Not sure yet, still trying to get a hold of him",,ham,uci_sms_spam_collection,en
Ur ringtone service has changed! 25 Free credits! Go to club4mobiles.com to choose content now! Stop? txt CLUB STOP to 87070. 150p/wk Club4 PO Box1146 MK45 2WT,,spam,uci_sms_spam_collection,en
The evo. I just had to download flash. Jealous?,,ham,uci_sms_spam_collection,en
Ringtone Club: Get the UK singles chart on your mobile each week and choose any top quality ringtone! This message is free of charge.,,spam,uci_sms_spam_collection,en
"Come to mu, we're sorting out our narcotics situation",,ham,uci_sms_spam_collection,en
"Night has ended for another day, morning has come in a special way. May you smile like the sunny rays and leaves your worries at the blue blue bay.",,ham,uci_sms_spam_collection,en
HMV BONUS SPECIAL 500 pounds of genuine HMV vouchers to be won. Just answer 4 easy questions. Play Now! Send HMV to 86688 More info:www.100percent-real.com,,spam,uci_sms_spam_collection,en
"Usf I guess, might as well take 1 car",,ham,uci_sms_spam_collection,en
No objection. My bf not coming.,,ham,uci_sms_spam_collection,en
Thanx...,,ham,uci_sms_spam_collection,en
Tell rob to mack his gf in the theater,,ham,uci_sms_spam_collection,en
"Awesome, I'll see you in a bit",,ham,uci_sms_spam_collection,en
Just sent it. So what type of food do you like?,,ham,uci_sms_spam_collection,en
All done? All handed in? Celebrations in full swing yet?,,ham,uci_sms_spam_collection,en
You got called a tool?,,ham,uci_sms_spam_collection,en
\Wen u miss someone,,ham,uci_sms_spam_collection,en
Ok. I asked for money how far,,ham,uci_sms_spam_collection,en
Okie...,,ham,uci_sms_spam_collection,en
"Yeah I think my usual guy's still passed out from last night, if you get ahold of anybody let me know and I'll throw down",,ham,uci_sms_spam_collection,en
"K, I might come by tonight then if my class lets out early",,ham,uci_sms_spam_collection,en
Ok..,,ham,uci_sms_spam_collection,en
hi baby im cruisin with my girl friend what r u up 2? give me a call in and hour at home if thats alright or fone me on this fone now love jenny xxx,,ham,uci_sms_spam_collection,en
"My life Means a lot to me, Not because I love my life, But because I love the people in my life, The world calls them friends, I call them my World:-).. Ge:-)..",,ham,uci_sms_spam_collection,en
"Dear,shall mail tonite.busy in the street,shall update you tonite.things are looking ok.varunnathu edukkukayee raksha ollu.but a good one in real sense.",,ham,uci_sms_spam_collection,en
Hey you told your name to gautham ah?,,ham,uci_sms_spam_collection,en
Haf u found him? I feel so stupid da v cam was working.,,ham,uci_sms_spam_collection,en
Oops. 4 got that bit.,,ham,uci_sms_spam_collection,en
Are you this much buzy,,ham,uci_sms_spam_collection,en
I accidentally deleted the message. Resend please.,,ham,uci_sms_spam_collection,en
T-Mobile customer you may now claim your FREE CAMERA PHONE upgrade & a pay & go sim card for your loyalty. Call on 0845 021 3680.Offer ends 28thFeb.T&C's apply,,spam,uci_sms_spam_collection,en
Unless it's a situation where YOU GO GURL would be more appropriate,,ham,uci_sms_spam_collection,en
Hurt me... Tease me... Make me cry... But in the end of my life when i die plz keep one rose on my grave and say STUPID I MISS U.. HAVE A NICE DAY BSLVYL,,ham,uci_sms_spam_collection,en
I cant pick the phone right now. Pls send a message,,ham,uci_sms_spam_collection,en
Need a coffee run tomo?Can't believe it's that time of week already,,ham,uci_sms_spam_collection,en
"Awesome, I remember the last time we got somebody high for the first time with diesel :V",,ham,uci_sms_spam_collection,en
"Shit that is really shocking and scary, cant imagine for a second. Def up for night out. Do u think there is somewhere i could crash for night, save on taxi?",,ham,uci_sms_spam_collection,en
Oh and by the way you do have more food in your fridge! Want to go out for a meal tonight? ,,ham,uci_sms_spam_collection,en
He is a womdarfull actor,,ham,uci_sms_spam_collection,en
"SMS. ac Blind Date 4U!: Rodds1 is 21/m from Aberdeen, United Kingdom. Check Him out http://img. sms. ac/W/icmb3cktz8r7!-4 no Blind Dates send HIDE",,spam,uci_sms_spam_collection,en
Yup... From what i remb... I think should be can book... ,,ham,uci_sms_spam_collection,en
Jos ask if u wana meet up?,,ham,uci_sms_spam_collection,en
Lol yes. Our friendship is hanging on a thread cause u won't buy stuff.,,ham,uci_sms_spam_collection,en
"TheMob> Check out our newest selection of content, Games, Tones, Gossip, babes and sport, Keep your mobile fit and funky text WAP to 82468",,spam,uci_sms_spam_collection,en
Where are the garage keys? They aren't on the bookshelf,,ham,uci_sms_spam_collection,en
Today is ACCEPT DAY..U Accept me as? Brother Sister Lover Dear1 Best1 Clos1 Lvblefrnd Jstfrnd Cutefrnd Lifpartnr Belovd Swtheart Bstfrnd No rply means enemy,,ham,uci_sms_spam_collection,en
"Think ur smart ? Win å£200 this week in our weekly quiz, text PLAY to 85222 now!T&Cs WinnersClub PO BOX 84, M26 3UZ. 16+. GBP1.50/week",,spam,uci_sms_spam_collection,en
He says he'll give me a call when his friend's got the money but that he's definitely buying before the end of the week,,ham,uci_sms_spam_collection,en
"Hi the way I was with u 2day, is the normal way&this is the real me. UR unique&I hope I know u 4 the rest of mylife. Hope u find wot was lost.",,ham,uci_sms_spam_collection,en
You made my day. Do have a great day too.,,ham,uci_sms_spam_collection,en
K.k:)advance happy pongal.,,ham,uci_sms_spam_collection,en
"Hmmm... Guess we can go 4 kb n power yoga... Haha, dunno we can tahan power yoga anot... Thk got lo oso, forgot liao...",,ham,uci_sms_spam_collection,en
"Not really dude, have no friends i'm afraid :(",,ham,uci_sms_spam_collection,en
December only! Had your mobile 11mths+? You are entitled to update to the latest colour camera mobile for Free! Call The Mobile Update Co FREE on 08002986906,,spam,uci_sms_spam_collection,en
"Coffee cake, i guess...",,ham,uci_sms_spam_collection,en
"Merry Christmas to you too babe, i love ya *kisses*",,ham,uci_sms_spam_collection,en
Hey... Why dont we just go watch x men and have lunch... Haha ,,ham,uci_sms_spam_collection,en
cud u tell ppl im gona b a bit l8 cos 2 buses hav gon past cos they were full & im still waitin 4 1. Pete x,,ham,uci_sms_spam_collection,en
That would be great. We'll be at the Guild. Could meet on Bristol road or somewhere - will get in touch over weekend. Our plans take flight! Have a good week,,ham,uci_sms_spam_collection,en
No problem. How are you doing?,,ham,uci_sms_spam_collection,en
Hi da:)how is the todays class?,,ham,uci_sms_spam_collection,en
"I'd say that's a good sign but, well, you know my track record at reading women",,ham,uci_sms_spam_collection,en
"Cool, text me when you're parked",,ham,uci_sms_spam_collection,en
I'm reading the text i just sent you. Its meant to be a joke. So read it in that light,,ham,uci_sms_spam_collection,en
K.k:)apo k.good movie.,,ham,uci_sms_spam_collection,en
Maybe i could get book out tomo then return it immediately ..? Or something.,,ham,uci_sms_spam_collection,en
Call Germany for only 1 pence per minute! Call from a fixed line via access number 0844 861 85 85. No prepayment. Direct access!,,spam,uci_sms_spam_collection,en
Any chance you might have had with me evaporated as soon as you violated my privacy by stealing my phone number from your employer's paperwork. Not cool at all. Please do not contact me again or I will report you to your supervisor.,,ham,uci_sms_spam_collection,en
Valentines Day Special! Win over å£1000 in our quiz and take your partner on the trip of a lifetime! Send GO to 83600 now. 150p/msg rcvd. CustCare:08718720201.,,spam,uci_sms_spam_collection,en
"Ta-Daaaaa! I am home babe, are you still up ?",,ham,uci_sms_spam_collection,en
Cool. So how come you havent been wined and dined before?,,ham,uci_sms_spam_collection,en
Just sleeping..and surfing,,ham,uci_sms_spam_collection,en
U calling me right? Call my hand phone...,,ham,uci_sms_spam_collection,en
Ok that's great thanx a lot.,,ham,uci_sms_spam_collection,en
I take it the post has come then! You must have 1000s of texts now! Happy reading. My one from wiv hello caroline at the end is my favourite. Bless him,,ham,uci_sms_spam_collection,en
Where u been hiding stranger?,,ham,uci_sms_spam_collection,en
Am not interested to do like that.,,ham,uci_sms_spam_collection,en
My sister cleared two round in birla soft yesterday.,,ham,uci_sms_spam_collection,en
Gudnite....tc...practice going on,,ham,uci_sms_spam_collection,en
Dis is yijue. I jus saw ur mail. In case huiming havent sent u my num. Dis is my num.,,ham,uci_sms_spam_collection,en
One small prestige problem now.,,ham,uci_sms_spam_collection,en
Fancy a shag? I do.Interested? sextextuk.com txt XXUK SUZY to 69876. Txts cost 1.50 per msg. TnCs on website. X,,spam,uci_sms_spam_collection,en
Just checking in on you. Really do miss seeing Jeremiah. Do have a great month,,ham,uci_sms_spam_collection,en
"Nah can't help you there, I've never had an iphone",,ham,uci_sms_spam_collection,en
If you're not in my car in an hour and a half I'm going apeshit,,ham,uci_sms_spam_collection,en
"TODAY is Sorry day.! If ever i was angry with you, if ever i misbehaved or hurt you? plz plz JUST SLAP URSELF Bcoz, Its ur fault, I'm basically GOOD",,ham,uci_sms_spam_collection,en
Yo you guys ever figure out how much we need for alcohol? Jay and I are trying to figure out how much we can safely spend on weed,,ham,uci_sms_spam_collection,en
&lt;#&gt; ISH MINUTES WAS 5 MINUTES AGO. WTF.,,ham,uci_sms_spam_collection,en
"Thank You for calling.Forgot to say Happy Onam to you Sirji.I am fine here and remembered you when i met an insurance person.Meet You in Qatar Insha Allah.Rakhesh, ex Tata AIG who joined TISSCO,Tayseer.",,ham,uci_sms_spam_collection,en
Ur cash-balance is currently 500 pounds - to maximize ur cash-in now send CASH to 86688 only 150p/msg. CC: 08708800282 HG/Suite342/2Lands Row/W1J6HL,,spam,uci_sms_spam_collection,en
"I'm an actor. When i work, i work in the evening and sleep late. Since i'm unemployed at the moment, i ALWAYS sleep late. When you're unemployed, every day is saturday.",,ham,uci_sms_spam_collection,en
"Hello! Just got here, st andrews-boy its a long way! Its cold. I will keep you posted",,ham,uci_sms_spam_collection,en
Ha ha cool cool chikku chikku:-):-DB-),,ham,uci_sms_spam_collection,en
Oh ok no prob..,,ham,uci_sms_spam_collection,en
Check audrey's status right now,,ham,uci_sms_spam_collection,en
Busy here. Trying to finish for new year. I am looking forward to finally meeting you...,,ham,uci_sms_spam_collection,en
"Good afternoon sunshine! How dawns that day ? Are we refreshed and happy to be alive? Do we breathe in the air and smile ? I think of you, my love ... As always",,ham,uci_sms_spam_collection,en
Well i know Z will take care of me. So no worries.,,ham,uci_sms_spam_collection,en
"Update_Now - Xmas Offer! Latest Motorola, SonyEricsson & Nokia & FREE Bluetooth! Double Mins & 1000 Txt on Orange. Call MobileUpd8 on 08000839402 or call2optout/F4Q=",,spam,uci_sms_spam_collection,en
Here is your discount code RP176781. To stop further messages reply stop. www.regalportfolio.co.uk. Customer Services 08717205546,,spam,uci_sms_spam_collection,en
Wat uniform? In where get?,,ham,uci_sms_spam_collection,en
"Cool, text me when you're ready",,ham,uci_sms_spam_collection,en
"Hello my boytoy ... Geeee I miss you already and I just woke up. I wish you were here in bed with me, cuddling me. I love you ...",,ham,uci_sms_spam_collection,en
I will spoil you in bed as well :),,ham,uci_sms_spam_collection,en
I'm going for bath will msg you next  &lt;#&gt;  min..,,ham,uci_sms_spam_collection,en
I cant keep talking to people if am not sure i can pay them if they agree to price. So pls tell me what you want to really buy and how much you are willing to pay,,ham,uci_sms_spam_collection,en
"Thanks for your Ringtone Order, Reference T91. You will be charged GBP 4 per week. You can unsubscribe at anytime by calling customer services on 09057039994",,spam,uci_sms_spam_collection,en
Can you say what happen,,ham,uci_sms_spam_collection,en
You could have seen me..i did't recognise you Face.:),,ham,uci_sms_spam_collection,en
Well there's not a lot of things happening in Lindsay on New years *sighs* Some bars in Ptbo and the blue heron has something going,,ham,uci_sms_spam_collection,en
Keep my payasam there if rinu brings,,ham,uci_sms_spam_collection,en
I taught that Ranjith sir called me. So only i sms like that. Becaus hes verifying about project. Prabu told today so only pa dont mistake me..,,ham,uci_sms_spam_collection,en
"I guess that's why you re worried. You must know that there's a way the body repairs itself. And i'm quite sure you shouldn't worry. We'll take it slow. First the tests, they will guide when your ovulation is then just relax. Nothing you've said is a reason to worry but i.ll keep on followin you up.",,ham,uci_sms_spam_collection,en
"Yeah sure, give me a couple minutes to track down my wallet",,ham,uci_sms_spam_collection,en
Hey leave it. not a big deal:-) take care.,,ham,uci_sms_spam_collection,en
Hey i will be late ah... Meet you at 945+,,ham,uci_sms_spam_collection,en
"Double mins and txts 4 6months FREE Bluetooth on Orange. Available on Sony, Nokia Motorola phones. Call MobileUpd8 on 08000839402 or call2optout/N9DX",,spam,uci_sms_spam_collection,en
It took Mr owl 3 licks,,ham,uci_sms_spam_collection,en
Customer place i will call you.,,ham,uci_sms_spam_collection,en
Mm that time you dont like fun,,ham,uci_sms_spam_collection,en
4mths half price Orange line rental & latest camera phones 4 FREE. Had your phone 11mths ? Call MobilesDirect free on 08000938767 to update now! or2stoptxt,,spam,uci_sms_spam_collection,en
Yup having my lunch buffet now.. U eat already?,,ham,uci_sms_spam_collection,en
Huh so late... Fr dinner?,,ham,uci_sms_spam_collection,en
Hey so this sat are we going for the intro pilates only? Or the kickboxing too? ,,ham,uci_sms_spam_collection,en
Morning only i can ok.,,ham,uci_sms_spam_collection,en
Yes i think so. I am in office but my lap is in room i think thats on for the last few days. I didnt shut that down,,ham,uci_sms_spam_collection,en
Pick you up bout 7.30ish? What time are  and that going?,,ham,uci_sms_spam_collection,en
From here after The performance award is calculated every two month.not for current one month period..,,ham,uci_sms_spam_collection,en
Was actually sleeping and still might when u call back. So a text is gr8. You rock sis. Will send u a text wen i wake.,,ham,uci_sms_spam_collection,en
"You are always putting your business out there. You put pictures of your ass on facebook. You are one of the most open people i've ever met. Why would i think a picture of your room would hurt you, make you feel violated.",,ham,uci_sms_spam_collection,en
"Good evening Sir, Al Salam Wahleykkum.sharing a happy news.By the grace of God, i got an offer from Tayseer,TISSCO and i joined.Hope you are fine.Inshah Allah,meet you sometime.Rakhesh,visitor from India.",,ham,uci_sms_spam_collection,en
Hmmm...k...but i want to change the field quickly da:-)i wanna get system administrator or network administrator..,,ham,uci_sms_spam_collection,en
"FREE RINGTONE text FIRST to 87131 for a poly or text GET to 87131 for a true tone! Help? 0845 2814032 16 after 1st free, tones are 3xå£150pw to eå£nd txt stop",,spam,uci_sms_spam_collection,en
Dear how is chechi. Did you talk to her,,ham,uci_sms_spam_collection,en
The hair cream has not been shipped.,,ham,uci_sms_spam_collection,en
None of that's happening til you get here though,,ham,uci_sms_spam_collection,en
"Yep, the great loxahatchee xmas tree burning of  &lt;#&gt;  starts in an hour",,ham,uci_sms_spam_collection,en
"Haha get used to driving to usf man, I know a lot of stoners",,ham,uci_sms_spam_collection,en
All was well until slightly disastrous class this pm with my fav darlings! Hope day off ok. Coffee wld be good as can't stay late tomorrow. Same time + place as always?,,ham,uci_sms_spam_collection,en
Hello! Good week? Fancy a drink or something later?,,ham,uci_sms_spam_collection,en
Headin towards busetop,,ham,uci_sms_spam_collection,en
Message:some text missing* Sender:Name Missing* *Number Missing *Sent:Date missing *Missing U a lot thats y everything is missing sent via fullonsms.com,,ham,uci_sms_spam_collection,en
Come by our room at some point so we can iron out the plan for this weekend,,ham,uci_sms_spam_collection,en
Cos i want it to be your thing,,ham,uci_sms_spam_collection,en
"Okies... I'll go yan jiu too... We can skip ard oso, go cine den go mrt one, blah blah blah... ",,ham,uci_sms_spam_collection,en
Bring home some Wendy =D,,ham,uci_sms_spam_collection,en
100 dating service cal;l 09064012103 box334sk38ch,,spam,uci_sms_spam_collection,en
Whatsup there. Dont u want to sleep,,ham,uci_sms_spam_collection,en
Alright i have a new goal now,,ham,uci_sms_spam_collection,en
FREE entry into our å£250 weekly competition just text the word WIN to 80086 NOW. 18 T&C www.txttowin.co.uk,,spam,uci_sms_spam_collection,en
"Alright, I'll head out in a few minutes, text me where to meet you",,ham,uci_sms_spam_collection,en
Send a logo 2 ur lover - 2 names joined by a heart. Txt LOVE NAME1 NAME2 MOBNO eg LOVE ADAM EVE 07123456789 to 87077 Yahoo! POBox36504W45WQ TxtNO 4 no ads 150p,,spam,uci_sms_spam_collection,en
Yes:)from last week itself i'm taking live call.,,ham,uci_sms_spam_collection,en
Someone has contacted our dating service and entered your phone because they fancy you! To find out who it is call from a landline 09111032124 . PoBox12n146tf150p,,spam,uci_sms_spam_collection,en
Siva is in hostel aha:-.,,ham,uci_sms_spam_collection,en
URGENT! Your Mobile number has been awarded with a å£2000 prize GUARANTEED. Call 09058094455 from land line. Claim 3030. Valid 12hrs only,,spam,uci_sms_spam_collection,en
Send this to ur friends and receive something about ur voice..... How is my speaking expression? 1.childish 2.naughty 3.Sentiment 4.rowdy 5.ful of attitude 6.romantic 7.shy 8.Attractive 9.funny  &lt;#&gt; .irritating  &lt;#&gt; .lovable. reply me..,,ham,uci_sms_spam_collection,en
Ok. She'll be ok. I guess,,ham,uci_sms_spam_collection,en
aathi..where are you dear..,,ham,uci_sms_spam_collection,en
Any pain on urination any thing else?,,ham,uci_sms_spam_collection,en
7 at esplanade.. Do Ì_ mind giving me a lift cos i got no car today..,,ham,uci_sms_spam_collection,en
I wnt to buy a BMW car urgently..its vry urgent.but hv a shortage of  &lt;#&gt; Lacs.there is no source to arng dis amt. &lt;#&gt; lacs..thats my prob,,ham,uci_sms_spam_collection,en
At home watching tv lor.,,ham,uci_sms_spam_collection,en
Does she usually take fifteen fucking minutes to respond to a yes or no question,,ham,uci_sms_spam_collection,en
Congrats! Nokia 3650 video camera phone is your Call 09066382422 Calls cost 150ppm Ave call 3mins vary from mobiles 16+ Close 300603 post BCM4284 Ldn WC1N3XX,,spam,uci_sms_spam_collection,en
Booked ticket for pongal?,,ham,uci_sms_spam_collection,en
You available now? I'm like right around hillsborough &amp;  &lt;#&gt; th,,ham,uci_sms_spam_collection,en
The message sent is askin for  &lt;#&gt; dollars. Shoul i pay  &lt;#&gt;  or  &lt;#&gt; ?,,ham,uci_sms_spam_collection,en
"Ask g or iouri, I've told the story like ten times already",,ham,uci_sms_spam_collection,en
How long does applebees fucking take,,ham,uci_sms_spam_collection,en
"Hi hope u get this txt~journey hasnt been gd,now about 50 mins late I think.",,ham,uci_sms_spam_collection,en
But i have to. I like to have love and arrange.,,ham,uci_sms_spam_collection,en
Yes..he is really great..bhaji told kallis best cricketer after sachin in world:).very tough to get out.,,ham,uci_sms_spam_collection,en
You were supposed to wake ME up &gt;:(,,ham,uci_sms_spam_collection,en
Oic... I saw him too but i tot he din c me... I found a group liao...,,ham,uci_sms_spam_collection,en
\HEY HEY WERETHE MONKEESPEOPLE SAY WE MONKEYAROUND! HOWDY GORGEOUS,,ham,uci_sms_spam_collection,en
"Sorry, my battery died, I can come by but I'm only getting a gram for now, where's your place?",,ham,uci_sms_spam_collection,en
"Well done, blimey, exercise, yeah, i kinda remember wot that is, hmm. ",,ham,uci_sms_spam_collection,en
I wont get concentration dear you know you are my mind and everything :-),,ham,uci_sms_spam_collection,en
LOL ... Have you made plans for new years?,,ham,uci_sms_spam_collection,en
10 min later k...,,ham,uci_sms_spam_collection,en
hanks lotsly!,,ham,uci_sms_spam_collection,en
Thanks for this hope you had a good day today,,ham,uci_sms_spam_collection,en
K:)k:)what are detail you want to transfer?acc no enough?,,ham,uci_sms_spam_collection,en
Ok i will tell her to stay out. Yeah its been tough but we are optimistic things will improve this month.,,ham,uci_sms_spam_collection,en
"Loan for any purpose å£500 - å£75,000. Homeowners + Tenants welcome. Have you been previously refused? We can still help. Call Free 0800 1956669 or text back 'help'",,spam,uci_sms_spam_collection,en
Si si. I think ill go make those oreo truffles.,,ham,uci_sms_spam_collection,en
"LOOK AT AMY URE A BEAUTIFUL, INTELLIGENT WOMAN AND I LIKE U A LOT. I KNOW U DONåÕT LIKE ME LIKE THAT SO DONåÕT WORRY.",,ham,uci_sms_spam_collection,en
I hope you that's the result of being consistently intelligent and kind. Start asking him about practicum links and keep your ears open and all the best. ttyl,,ham,uci_sms_spam_collection,en
"1.20 that call cost. Which i guess isnt bad. Miss ya, need ya, want ya, love ya",,ham,uci_sms_spam_collection,en
Going thru a very different feeling.wavering decisions and coping up with the same is the same individual.time will heal everything i believe.,,ham,uci_sms_spam_collection,en
Where did u go? My phone is gonna die you have to stay in here,,ham,uci_sms_spam_collection,en
Great. Never been better. Each day gives even more reasons to thank God,,ham,uci_sms_spam_collection,en
"UpgrdCentre Orange customer, you may now claim your FREE CAMERA PHONE upgrade for your loyalty. Call now on 0207 153 9153. Offer ends 26th July. T&C's apply. Opt-out available",,spam,uci_sms_spam_collection,en
"Sorry, I'll call later ok bye",,ham,uci_sms_spam_collection,en
Ok i am on the way to railway,,ham,uci_sms_spam_collection,en
great princess! I love giving and receiving oral. Doggy style is my fave position. How about you? I enjoy making love  &lt;#&gt;  times per night :),,ham,uci_sms_spam_collection,en
They don't put that stuff on the roads to keep it from getting slippery over there?,,ham,uci_sms_spam_collection,en
When are you going to ride your bike?,,ham,uci_sms_spam_collection,en
"Yup, no need. I'll jus wait 4 e rain 2 stop.",,ham,uci_sms_spam_collection,en
There are many company. Tell me the language.,,ham,uci_sms_spam_collection,en
okmail: Dear Dave this is your final notice to collect your 4* Tenerife Holiday or #5000 CASH award! Call 09061743806 from landline. TCs SAE Box326 CW25WX 150ppm,,spam,uci_sms_spam_collection,en
"How long has it been since you screamed, princess?",,ham,uci_sms_spam_collection,en
"Nothing. I meant that once the money enters your account here, the bank will remove its flat rate. Someone transfered  &lt;#&gt;  to my account and  &lt;#&gt; dollars got removed. So the banks differ and charges also differ.be sure you trust the 9ja person you are sending account details to cos...",,ham,uci_sms_spam_collection,en
Want 2 get laid tonight? Want real Dogging locations sent direct 2 ur Mob? Join the UK's largest Dogging Network by txting MOAN to 69888Nyt. ec2a. 31p.msg@150p,,spam,uci_sms_spam_collection,en
Nice line said by a broken heart- Plz don't cum 1 more times infront of me... Other wise once again I ll trust U... Good 9t:),,ham,uci_sms_spam_collection,en
Ok I'm gonna head up to usf in like fifteen minutes,,ham,uci_sms_spam_collection,en
Love you aathi..love u lot..,,ham,uci_sms_spam_collection,en
Tension ah?what machi?any problem?,,ham,uci_sms_spam_collection,en
"K, can I pick up another 8th when you're done?",,ham,uci_sms_spam_collection,en
When're you guys getting back? G said you were thinking about not staying for mcr,,ham,uci_sms_spam_collection,en
"Almost there, see u in a sec",,ham,uci_sms_spam_collection,en
"Yo carlos, a few friends are already asking me about you, you working at all this weekend?",,ham,uci_sms_spam_collection,en
Watching tv lor...,,ham,uci_sms_spam_collection,en
Thank you baby! I cant wait to taste the real thing...,,ham,uci_sms_spam_collection,en
You should change your fb to jaykwon thuglyfe falconerf,,ham,uci_sms_spam_collection,en
If we win its really no 1 side for long time.,,ham,uci_sms_spam_collection,en
"FREE MESSAGE Activate your 500 FREE Text Messages by replying to this message with the word FREE For terms & conditions, visit www.07781482378.com",,spam,uci_sms_spam_collection,en
Dear reached railway. What happen to you,,ham,uci_sms_spam_collection,en
"Depends on quality. If you want the type i sent boye, faded glory, then about 6. If you want ralphs maybe 2",,ham,uci_sms_spam_collection,en
I think i've fixed it can you send a test message?,,ham,uci_sms_spam_collection,en
"Sorry man my account's dry or I would, if you want we could trade back half or I could buy some shit with my credit card",,ham,uci_sms_spam_collection,en
"Congrats! 1 year special cinema pass for 2 is yours. call 09061209465 now! C Suprman V, Matrix3, StarWars3, etc all 4 FREE! bx420-ip4-5we. 150pm. Dont miss out!",,spam,uci_sms_spam_collection,en
"Sorry,in meeting I'll call later",,ham,uci_sms_spam_collection,en
What class of  &lt;#&gt;  reunion?,,ham,uci_sms_spam_collection,en
Are you free now?can i call now?,,ham,uci_sms_spam_collection,en
Got meh... When?,,ham,uci_sms_spam_collection,en
Nope... Think i will go for it on monday... Sorry i replied so late,,ham,uci_sms_spam_collection,en
Some of them told accenture is not confirm. Is it true.,,ham,uci_sms_spam_collection,en
"Kate jackson rec center before 7ish, right?",,ham,uci_sms_spam_collection,en
Dear i have reache room,,ham,uci_sms_spam_collection,en
"Fighting with the world is easy, u either win or lose bt fightng with some1 who is close to u is dificult if u lose - u lose if u win - u still lose.",,ham,uci_sms_spam_collection,en
When can Ì_ come out?,,ham,uci_sms_spam_collection,en
Check with nuerologist.,,ham,uci_sms_spam_collection,en
Lolnice. I went from a fish to ..water.?,,ham,uci_sms_spam_collection,en
+123 Congratulations - in this week's competition draw u have won the å£1450 prize to claim just call 09050002311 b4280703. T&Cs/stop SMS 08718727868. Over 18 only 150ppm,,spam,uci_sms_spam_collection,en
No it's waiting in e car dat's bored wat. Cos wait outside got nothing 2 do. At home can do my stuff or watch tv wat.,,ham,uci_sms_spam_collection,en
"Maybe westshore or hyde park village, the place near my house?",,ham,uci_sms_spam_collection,en
You should know now. So how's anthony. Are you bringing money. I've school fees to pay and rent and stuff like that. Thats why i need your help. A friend in need....|,,ham,uci_sms_spam_collection,en
What's the significance?,,ham,uci_sms_spam_collection,en
Your opinion about me? 1. Over 2. Jada 3. Kusruthi 4. Lovable 5. Silent 6. Spl character 7. Not matured 8. Stylish 9. Simple Pls reply..,,ham,uci_sms_spam_collection,en
"8 at the latest, g's still there if you can scrounge up some ammo and want to give the new ak a try",,ham,uci_sms_spam_collection,en
Prabha..i'm soryda..realy..frm heart i'm sory,,ham,uci_sms_spam_collection,en
Lol ok your forgiven :),,ham,uci_sms_spam_collection,en
No..jst change tat only..,,ham,uci_sms_spam_collection,en
"You are guaranteed the latest Nokia Phone, a 40GB iPod MP3 player or a å£500 prize! Txt word: COLLECT to No: 83355! IBHltd LdnW15H 150p/Mtmsgrcvd18+",,spam,uci_sms_spam_collection,en
S:)no competition for him.,,ham,uci_sms_spam_collection,en
Boltblue tones for 150p Reply POLY# or MONO# eg POLY3 1. Cha Cha Slide 2. Yeah 3. Slow Jamz 6. Toxic 8. Come With Me or STOP 4 more tones txt MORE,,spam,uci_sms_spam_collection,en
Your credits have been topped up for http://www.bubbletext.com Your renewal Pin is tgxxrz,,spam,uci_sms_spam_collection,en
"That way transport is less problematic than on sat night. By the way, if u want to ask  n  to join my bday, feel free. But need to know definite nos as booking on fri. ",,ham,uci_sms_spam_collection,en
Usually the person is unconscious that's in children but in adults they may just behave abnormally. I.ll call you now,,ham,uci_sms_spam_collection,en
But that's on ebay it might be less elsewhere.,,ham,uci_sms_spam_collection,en
Shall i come to get pickle,,ham,uci_sms_spam_collection,en
Were gonna go get some tacos,,ham,uci_sms_spam_collection,en
"That's very rude, you on campus?",,ham,uci_sms_spam_collection,en
"URGENT!: Your Mobile No. was awarded a å£2,000 Bonus Caller Prize on 02/09/03! This is our 2nd attempt to contact YOU! Call 0871-872-9755 BOX95QU",,spam,uci_sms_spam_collection,en
Hi i won't b ard 4 christmas. But do enjoy n merry x'mas.,,ham,uci_sms_spam_collection,en
"Today's Offer! Claim ur å£150 worth of discount vouchers! Text YES to 85023 now! SavaMob, member offers mobile! T Cs 08717898035. å£3.00 Sub. 16 . Unsub reply X",,spam,uci_sms_spam_collection,en
Yes! How is a pretty lady like you single?,,ham,uci_sms_spam_collection,en
You will recieve your tone within the next 24hrs. For Terms and conditions please see Channel U Teletext Pg 750,,spam,uci_sms_spam_collection,en
Jay says that you're a double-faggot,,ham,uci_sms_spam_collection,en
PRIVATE! Your 2003 Account Statement for 07815296484 shows 800 un-redeemed S.I.M. points. Call 08718738001 Identifier Code 41782 Expires 18/11/04 ,,spam,uci_sms_spam_collection,en
What Today-sunday..sunday is holiday..so no work..,,ham,uci_sms_spam_collection,en
I'll be late...,,ham,uci_sms_spam_collection,en
"I've not called you in a while. This is hoping it was l8r malaria and that you know that we miss you guys. I miss Bani big, so pls give her my love especially. Have a great day.",,ham,uci_sms_spam_collection,en
"Good afternoon, my love! How goes that day ? I hope maybe you got some leads on a job. I think of you, boytoy and send you a passionate kiss from across the sea",,ham,uci_sms_spam_collection,en
"Probably gonna be here for a while, see you later tonight &lt;)",,ham,uci_sms_spam_collection,en
Or maybe my fat fingers just press all these buttons and it doesn't know what to do.,,ham,uci_sms_spam_collection,en
Ummmmmaah Many many happy returns of d day my dear sweet heart.. HAPPY BIRTHDAY dear,,ham,uci_sms_spam_collection,en
"I am in tirupur da, once you started from office call me.",,ham,uci_sms_spam_collection,en
from www.Applausestore.com MonthlySubscription@50p/msg max6/month T&CsC web age16 2stop txt stop,,spam,uci_sms_spam_collection,en
"A famous quote : when you develop the ability to listen to 'anything' unconditionally without losing your temper or self confidence, it means you are ......... 'MARRIED'",,ham,uci_sms_spam_collection,en
But am going to college pa. What to do. are else ill come there it self. Pa.,,ham,uci_sms_spam_collection,en
4 oclock at mine. Just to bash out a flat plan.,,ham,uci_sms_spam_collection,en
This girl does not stay in bed. This girl doesn't need recovery time. Id rather pass out while having fun then be cooped up in bed,,ham,uci_sms_spam_collection,en
Then any special there?,,ham,uci_sms_spam_collection,en
I know but you need to get hotel now. I just got my invitation but i had to apologise. Cali is to sweet for me to come to some english bloke's weddin,,ham,uci_sms_spam_collection,en
"Sorry that took so long, omw now",,ham,uci_sms_spam_collection,en
Wait  &lt;#&gt;  min..,,ham,uci_sms_spam_collection,en
Ok give me 5 minutes I think I see her. BTW you're my alibi. You were cutting my hair the whole time.,,ham,uci_sms_spam_collection,en
"Imagine you finally get to sink into that bath after I have put you through your paces, maybe even having you eat me for a while before I left ... But also imagine the feel of that cage on your cock surrounded by the bath water, reminding you always who owns you ... Enjoy, my cuck",,ham,uci_sms_spam_collection,en
"Hurry up, I've been weed-deficient for like three days",,ham,uci_sms_spam_collection,en
"Sure, if I get an acknowledgement from you that it's astoundingly tactless and generally faggy to demand a blood oath fo",,ham,uci_sms_spam_collection,en
Ok. Every night take a warm bath drink a cup of milk and you'll see a work of magic. You still need to loose weight. Just so that you know,,ham,uci_sms_spam_collection,en
IÛ÷ll have a look at the frying pan in case itÛ÷s cheap or a book perhaps. No thatÛ÷s silly a frying pan isnÛ÷t likely to be a book,,ham,uci_sms_spam_collection,en
O. Well uv causes mutations. Sunscreen is like essential thesedays,,ham,uci_sms_spam_collection,en
Having lunch:)you are not in online?why?,,ham,uci_sms_spam_collection,en
I know that my friend already told that.,,ham,uci_sms_spam_collection,en
Hi Princess! Thank you for the pics. You are very pretty. How are you?,,ham,uci_sms_spam_collection,en
"Aiyo... U always c our ex one... I dunno abt mei, she haven reply... First time u reply so fast... Y so lucky not workin huh, got bao by ur sugardad ah...gee.. ",,ham,uci_sms_spam_collection,en
Hi msg me:)i'm in office..,,ham,uci_sms_spam_collection,en
Thanx 4 e brownie it's v nice...,,ham,uci_sms_spam_collection,en
Geeeee ... I love you so much I can barely stand it,,ham,uci_sms_spam_collection,en
GENT! We are trying to contact you. Last weekends draw shows that you won a å£1000 prize GUARANTEED. Call 09064012160. Claim Code K52. Valid 12hrs only. 150ppm ,,spam,uci_sms_spam_collection,en
"Fuck babe ... I miss you already, you know ? Can't you let me send you some money towards your net ? I need you ... I want you ... I crave you ...",,ham,uci_sms_spam_collection,en
"Ill call u 2mrw at ninish, with my address that icky American freek wont stop callin me 2 bad Jen k eh?",,ham,uci_sms_spam_collection,en
Oooh bed ridden ey? What are YOU thinking of?,,ham,uci_sms_spam_collection,en
"So anyways, you can just go to your gym or whatever, my love *smiles* I hope your ok and having a good day babe ... I miss you so much already",,ham,uci_sms_spam_collection,en
Love it! Daddy will make you scream with pleasure! I am going to slap your ass with my dick!,,ham,uci_sms_spam_collection,en
WOT U WANNA DO THEN MISSY?,,ham,uci_sms_spam_collection,en
Yar lor wait 4 my mum 2 finish sch then have lunch lor... I whole morning stay at home clean my room now my room quite clean... Hee...,,ham,uci_sms_spam_collection,en
Do you know where my lab goggles went,,ham,uci_sms_spam_collection,en
Can you open the door?,,ham,uci_sms_spam_collection,en
Waiting for your call.,,ham,uci_sms_spam_collection,en
Nope i waiting in sch 4 daddy... ,,ham,uci_sms_spam_collection,en
"You have won ?1,000 cash or a ?2,000 prize! To claim, call09050000327",,spam,uci_sms_spam_collection,en
"I'm tired of arguing with you about this week after week. Do what you want and from now on, i'll do the same.",,ham,uci_sms_spam_collection,en
ÌÏ wait 4 me in sch i finish ard 5..,,ham,uci_sms_spam_collection,en
"our mobile number has won å£5000, to claim calls us back or ring the claims hot line on 09050005321.",,spam,uci_sms_spam_collection,en
"Arngd marriage is while u r walkin unfortuntly a snake bites u. bt love marriage is dancing in frnt of d snake &amp; sayin Bite me, bite me.",,ham,uci_sms_spam_collection,en
Huh so early.. Then Ì_ having dinner outside izzit?,,ham,uci_sms_spam_collection,en
Ok anyway no need to change with what you said,,ham,uci_sms_spam_collection,en
We tried to contact you re your reply to our offer of 750 mins 150 textand a new video phone call 08002988890 now or reply for free delivery tomorrow,,spam,uci_sms_spam_collection,en
my ex-wife was not able to have kids. Do you want kids one day?,,ham,uci_sms_spam_collection,en
So how's scotland. Hope you are not over showing your JJC tendencies. Take care. Live the dream,,ham,uci_sms_spam_collection,en
Tell them u have a headache and just want to use 1 hour of sick time.,,ham,uci_sms_spam_collection,en
"I dun thk i'll quit yet... Hmmm, can go jazz ? Yogasana oso can... We can go meet em after our lessons den... ",,ham,uci_sms_spam_collection,en
"\Pete can you please ring meive hardly gotany credit\""""",,ham,uci_sms_spam_collection,en
Ya srsly better than yi tho,,ham,uci_sms_spam_collection,en
"I'm in a meeting, call me later at",,ham,uci_sms_spam_collection,en
"For ur chance to win a å£250 wkly shopping spree TXT: SHOP to 80878. T's&C's www.txt-2-shop.com custcare 08715705022, 1x150p/wk",,spam,uci_sms_spam_collection,en
You have been specially selected to receive a 2000 pound award! Call 08712402050 BEFORE the lines close. Cost 10ppm. 16+. T&Cs apply. AG Promo,,spam,uci_sms_spam_collection,en
PRIVATE! Your 2003 Account Statement for 07753741225 shows 800 un-redeemed S. I. M. points. Call 08715203677 Identifier Code: 42478 Expires 24/10/04,,spam,uci_sms_spam_collection,en
You still at grand prix?,,ham,uci_sms_spam_collection,en
"I met you as a stranger and choose you as my friend. As long as the world stands, our friendship never ends. Lets be Friends forever!!! Gud nitz...",,ham,uci_sms_spam_collection,en
I am great! How are you?,,ham,uci_sms_spam_collection,en
Gud mrng dear have a nice day,,ham,uci_sms_spam_collection,en
You have an important customer service announcement. Call FREEPHONE 0800 542 0825 now!,,spam,uci_sms_spam_collection,en
Will do. Was exhausted on train this morning. Too much wine and pie. You sleep well too,,ham,uci_sms_spam_collection,en
I'm going out to buy mum's present ar.,,ham,uci_sms_spam_collection,en
Mind blastin.. No more Tsunamis will occur from now on.. Rajnikant stopped swimming in Indian Ocean..:-D,,ham,uci_sms_spam_collection,en
If u sending her home first it's ok lor. I'm not ready yet.,,ham,uci_sms_spam_collection,en
Speaking of does he have any cash yet?,,ham,uci_sms_spam_collection,en
Be happy there. I will come after noon,,ham,uci_sms_spam_collection,en
Meet after lunch la...,,ham,uci_sms_spam_collection,en
TaKe CaRE n gET WeLL sOOn,,ham,uci_sms_spam_collection,en
XCLUSIVE@CLUBSAISAI 2MOROW 28/5 SOIREE SPECIALE ZOUK WITH NICHOLS FROM PARIS.FREE ROSES 2 ALL LADIES !!! info: 07946746291/07880867867 ,,spam,uci_sms_spam_collection,en
what I meant to say is cant wait to see u again getting bored of this bridgwater banter,,ham,uci_sms_spam_collection,en
Neva mind it's ok..,,ham,uci_sms_spam_collection,en
"It's fine, imma get a drink or somethin. Want me to come find you?",,ham,uci_sms_spam_collection,en
22 days to kick off! For Euro2004 U will be kept up to date with the latest news and results daily. To be removed send GET TXT STOP to 83222,,spam,uci_sms_spam_collection,en
Its a valentine game. . . Send dis msg to all ur friends. .. If 5 answers r d same then someone really loves u. Ques- which colour suits me the best?rply me,,ham,uci_sms_spam_collection,en
I have many dependents,,ham,uci_sms_spam_collection,en
THANX4 TODAY CER IT WAS NICE 2 CATCH UP BUT WE AVE 2 FIND MORE TIME MORE OFTEN OH WELL TAKE CARE C U SOON.C,,ham,uci_sms_spam_collection,en
I called and said all to him:)then he have to choose this future.,,ham,uci_sms_spam_collection,en
"\Happy valentines day\"" I know its early but i have hundreds of handsomes and beauties to wish. So i thought to finish off aunties and uncles 1st...""",,ham,uci_sms_spam_collection,en
He like not v shock leh. Cos telling shuhui is like telling leona also. Like dat almost all know liao. He got ask me abt ur reaction lor.,,ham,uci_sms_spam_collection,en
For my family happiness..,,ham,uci_sms_spam_collection,en
I come n pick Ì_ up... Come out immediately aft ur lesson...,,ham,uci_sms_spam_collection,en
Let there be snow. Let there be snow. This kind of weather brings ppl together so friendships can grow.,,ham,uci_sms_spam_collection,en
Dear we got  &lt;#&gt;  dollars hi hi,,ham,uci_sms_spam_collection,en
Good words.... But words may leave u in dismay many times.,,ham,uci_sms_spam_collection,en
MAKE SURE ALEX KNOWS HIS BIRTHDAY IS OVER IN FIFTEEN MINUTES AS FAR AS YOU'RE CONCERNED,,ham,uci_sms_spam_collection,en
"sorry, no, have got few things to do. may be in pub later.",,ham,uci_sms_spam_collection,en
"Nah it's straight, if you can just bring bud or drinks or something that's actually a little more useful than straight cash",,ham,uci_sms_spam_collection,en
"Haha good to hear, I'm officially paid and on the market for an 8th",,ham,uci_sms_spam_collection,en
How many licks does it take to get to the center of a tootsie pop?,,ham,uci_sms_spam_collection,en
Yup i thk they r e teacher said that will make my face look longer. Darren ask me not 2 cut too short.,,ham,uci_sms_spam_collection,en
New TEXTBUDDY Chat 2 horny guys in ur area 4 just 25p Free 2 receive Search postcode or at gaytextbuddy.com. TXT ONE name to 89693,,spam,uci_sms_spam_collection,en
Todays Vodafone numbers ending with 4882 are selected to a receive a å£350 award. If your number matches call 09064019014 to receive your å£350 award.,,spam,uci_sms_spam_collection,en
Please dont say like that. Hi hi hi,,ham,uci_sms_spam_collection,en
Thank u!,,ham,uci_sms_spam_collection,en
Oh that was a forwarded message. I thought you send that to me,,ham,uci_sms_spam_collection,en
Got it. Seventeen pounds for seven hundred ml ÛÒ hope ok.,,ham,uci_sms_spam_collection,en
"Dear Voucher Holder, 2 claim this weeks offer, at your PC go to http://www.e-tlp.co.uk/expressoffer Ts&Cs apply.2 stop texts txt STOP to 80062.",,spam,uci_sms_spam_collection,en
Me n him so funny...,,ham,uci_sms_spam_collection,en
"Sweetheart, hope you are not having that kind of day! Have one with loads of reasons to smile. Biola",,ham,uci_sms_spam_collection,en
When Ì_ login dat time... Dad fetching Ì_ home now?,,ham,uci_sms_spam_collection,en
"What will we do in the shower, baby?",,ham,uci_sms_spam_collection,en
I had askd u a question some hours before. Its answer,,ham,uci_sms_spam_collection,en
"Well imma definitely need to restock before thanksgiving, I'll let you know when I'm out",,ham,uci_sms_spam_collection,en
" said kiss, kiss, i can't do the sound effects! He is a gorgeous man isn't he! Kind of person who needs a smile to brighten his day! ",,ham,uci_sms_spam_collection,en
Probably gonna swing by in a wee bit,,ham,uci_sms_spam_collection,en
Ya very nice. . .be ready on thursday,,ham,uci_sms_spam_collection,en
Allo! We have braved the buses and taken on the trains and triumphed. I mean weÛ÷re in bÛ÷ham. Have a jolly good rest of week,,ham,uci_sms_spam_collection,en
"Watching cartoon, listening music &amp; at eve had to go temple &amp; church.. What about u?",,ham,uci_sms_spam_collection,en
Do you mind if I ask what happened? You dont have to say if it is uncomfortable.,,ham,uci_sms_spam_collection,en
PRIVATE! Your 2003 Account Statement for shows 800 un-redeemed S. I. M. points. Call 08715203694 Identifier Code: 40533 Expires 31/10/04,,spam,uci_sms_spam_collection,en
No prob. I will send to your email.,,ham,uci_sms_spam_collection,en
"You have won ?1,000 cash or a ?2,000 prize! To claim, call09050000327. T&C: RSTM, SW7 3SS. 150ppm",,spam,uci_sms_spam_collection,en
Thats cool! Sometimes slow and gentle. Sonetimes rough and hard :),,ham,uci_sms_spam_collection,en
I'm gonna say no. Sorry. I would but as normal am starting to panic about time. Sorry again! Are you seeing on Tuesday?,,ham,uci_sms_spam_collection,en
"Wait, do you know if wesleys in town? I bet she does hella drugs!",,ham,uci_sms_spam_collection,en
Fine i miss you very much.,,ham,uci_sms_spam_collection,en
Tell them the drug dealer's getting impatient,,ham,uci_sms_spam_collection,en
"Sun cant come to earth but send luv as rays. cloud cant come to river but send luv as rain. I cant come to meet U, but can send my care as msg to U. Gud evng",,ham,uci_sms_spam_collection,en
"It doesnt make sense to take it there unless its free. If you need to know more, wikipedia.com",,ham,uci_sms_spam_collection,en
88800 and 89034 are premium phone services call 08718711108,,spam,uci_sms_spam_collection,en
"Under the sea, there lays a rock. In the rock, there is an envelope. In the envelope, there is a paper. On the paper, there are 3 words... '",,ham,uci_sms_spam_collection,en
Then mum's repent how?,,ham,uci_sms_spam_collection,en
Sorry me going home first... Daddy come fetch Ì_ later...,,ham,uci_sms_spam_collection,en
Leave it de:-). Start Prepare for next:-)..,,ham,uci_sms_spam_collection,en
Yes baby! We can study all the positions of the kama sutra ;),,ham,uci_sms_spam_collection,en
En chikku nange bakra msg kalstiya..then had tea/coffee?,,ham,uci_sms_spam_collection,en
Carlos'll be here in a minute if you still need to buy,,ham,uci_sms_spam_collection,en
This pay is  &lt;DECIMAL&gt;  lakhs:),,ham,uci_sms_spam_collection,en
Have a good evening! Ttyl,,ham,uci_sms_spam_collection,en
Did u receive my msg?,,ham,uci_sms_spam_collection,en
Ho ho - big belly laugh! See ya tomo,,ham,uci_sms_spam_collection,en
SMS. ac sun0819 posts HELLO:\You seem cool,,spam,uci_sms_spam_collection,en
Get ur 1st RINGTONE FREE NOW! Reply to this msg with TONE. Gr8 TOP 20 tones to your phone every week just å£1.50 per wk 2 opt out send STOP 08452810071 16,,spam,uci_sms_spam_collection,en
"Ditto. And you won't have to worry about me saying ANYTHING to you anymore. Like i said last night, you do whatever you want and i'll do the same. Peace.",,ham,uci_sms_spam_collection,en
"I've got  &lt;#&gt; , any way I could pick up?",,ham,uci_sms_spam_collection,en
"I dont knw pa, i just drink milk..",,ham,uci_sms_spam_collection,en
Maybe?! Say hi to  and find out if  got his card. Great escape or wetherspoons? ,,ham,uci_sms_spam_collection,en
"Piggy, r u awake? I bet u're still sleeping. I'm going 4 lunch now...",,ham,uci_sms_spam_collection,en
Cause I'm not freaky lol,,ham,uci_sms_spam_collection,en
Missed your call cause I was yelling at scrappy. Miss u. Can't wait for u to come home. I'm so lonely today.,,ham,uci_sms_spam_collection,en
What is this 'hex' place you talk of? Explain!,,ham,uci_sms_spam_collection,en
ÌÏ log off 4 wat. It's sdryb8i,,ham,uci_sms_spam_collection,en
Is xy going 4 e lunch?,,ham,uci_sms_spam_collection,en
Hi I'm sue. I am 20 years old and work as a lapdancer. I love sex. Text me live - I'm i my bedroom now. text SUE to 89555. By TextOperator G2 1DA 150ppmsg 18+,,spam,uci_sms_spam_collection,en
I wanted to ask Ì_ to wait 4 me to finish lect. Cos my lect finishes in an hour anyway.,,ham,uci_sms_spam_collection,en
Have you finished work yet? :),,ham,uci_sms_spam_collection,en
"Every King Was Once A Crying Baby And Every Great Building Was Once A Map.. Not Imprtant Where U r TODAY, BUT Where U Wil Reach TOMORW. Gud ni8",,ham,uci_sms_spam_collection,en
"Dear,Me at cherthala.in case u r coming cochin pls call bfore u start.i shall also reach accordingly.or tell me which day u r coming.tmorow i am engaged ans its holiday.",,ham,uci_sms_spam_collection,en
Thanks love. But am i doing torch or bold.,,ham,uci_sms_spam_collection,en
<Forwarded from 448712404000>Please CALL 08712404000 immediately as there is an urgent message waiting for you.,,spam,uci_sms_spam_collection,en
Was the farm open?,,ham,uci_sms_spam_collection,en
"Sorry to trouble u again. Can buy 4d for my dad again? 1405, 1680, 1843. All 2 big 1 small, sat n sun. Thanx.",,ham,uci_sms_spam_collection,en
"My sister in law, hope you are having a great month. Just saying hey. Abiola",,ham,uci_sms_spam_collection,en
Will purchase d stuff today and mail to you. Do you have a po box number?,,ham,uci_sms_spam_collection,en
Ah poop. Looks like ill prob have to send in my laptop to get fixed cuz it has a gpu problem,,ham,uci_sms_spam_collection,en
Good. Good job. I like entrepreneurs,,ham,uci_sms_spam_collection,en
"Aight, you close by or still down around alex's place?",,ham,uci_sms_spam_collection,en
meet you in corporation st outside gap Û_ you can see how my mind is working!,,ham,uci_sms_spam_collection,en
Mum ask Ì_ to buy food home...,,ham,uci_sms_spam_collection,en
K..u also dont msg or reply to his msg..,,ham,uci_sms_spam_collection,en
How much r Ì_ willing to pay?,,ham,uci_sms_spam_collection,en
What is important is that you prevent dehydration by giving her enough fluids,,ham,uci_sms_spam_collection,en
"Thats a bit weird, even ?- where is the do supposed to be happening? But good idea, sure they will be in pub!",,ham,uci_sms_spam_collection,en
True dear..i sat to pray evening and felt so.so i sms'd you in some time...,,ham,uci_sms_spam_collection,en
"I don't think I can get away for a trek that long with family in town, sorry",,ham,uci_sms_spam_collection,en
So when do you wanna gym harri,,ham,uci_sms_spam_collection,en
Quite late lar... Ard 12 anyway i wun b drivin...,,ham,uci_sms_spam_collection,en
"To review and KEEP the fantastic Nokia N-Gage game deck with Club Nokia, go 2 www.cnupdates.com/newsletter. unsubscribe from alerts reply with the word OUT",,spam,uci_sms_spam_collection,en
4mths half price Orange line rental & latest camera phones 4 FREE. Had your phone 11mths+? Call MobilesDirect free on 08000938767 to update now! or2stoptxt T&Cs,,spam,uci_sms_spam_collection,en
Height of Confidence: All the Aeronautics professors wer calld &amp; they wer askd 2 sit in an aeroplane. Aftr they sat they wer told dat the plane ws made by their students. Dey all hurried out of d plane.. Bt only 1 didnt move... He said:\if it is made by my students,,ham,uci_sms_spam_collection,en
It just seems like weird timing that the night that all you and g want is for me to come smoke is the same day as when a shitstorm is attributed to me always coming over and making everyone smoke,,ham,uci_sms_spam_collection,en
08714712388 between 10am-7pm Cost 10p,,spam,uci_sms_spam_collection,en
"Save yourself the stress. If the person has a dorm account, just send your account details and the money will be sent to you.",,ham,uci_sms_spam_collection,en
He also knows about lunch menu only da. . I know,,ham,uci_sms_spam_collection,en
When i have stuff to sell i.ll tell you,,ham,uci_sms_spam_collection,en
+449071512431 URGENT! This is the 2nd attempt to contact U!U have WON å£1250 CALL 09071512433 b4 050703 T&CsBCM4235WC1N3XX. callcost 150ppm mobilesvary. maxå£7. 50,,spam,uci_sms_spam_collection,en
Book which lesson? then you msg me... I will call up after work or sth... I'm going to get specs. My membership is PX3748,,ham,uci_sms_spam_collection,en
You have WON a guaranteed å£1000 cash or a å£2000 prize. To claim yr prize call our customer service representative on 08714712394 between 10am-7pm,,spam,uci_sms_spam_collection,en
Macha dont feel upset.i can assume your mindset.believe me one evening with me and i have some wonderful plans for both of us.LET LIFE BEGIN AGAIN.call me anytime,,ham,uci_sms_spam_collection,en
Oh is it? Send me the address,,ham,uci_sms_spam_collection,en
S'fine. Anytime. All the best with it.,,ham,uci_sms_spam_collection,en
That is wondar full flim.,,ham,uci_sms_spam_collection,en
Ya even those cookies have jelly on them,,ham,uci_sms_spam_collection,en
"The world is running and i am still.maybe all are feeling the same,so be it.or i have to admit,i am mad.then where is the correction?or let me call this is life.and keep running with the world,may be u r also running.lets run.",,ham,uci_sms_spam_collection,en
Got it! It looks scrumptious... daddy wants to eat you all night long!,,ham,uci_sms_spam_collection,en
Of cos can lar i'm not so ba dao ok... 1 pm lor... Y u never ask where we go ah... I said u would ask on fri but he said u will ask today...,,ham,uci_sms_spam_collection,en
"Alright omw, gotta change my order to a half8th",,ham,uci_sms_spam_collection,en
Exactly. Anyways how far. Is jide her to study or just visiting,,ham,uci_sms_spam_collection,en
Dunno y u ask me.,,ham,uci_sms_spam_collection,en
Email AlertFrom: Jeri StewartSize: 2KBSubject: Low-cost prescripiton drvgsTo listen to email call 123,,spam,uci_sms_spam_collection,en
No he didn't. Spring is coming early yay!,,ham,uci_sms_spam_collection,en
Lol you won't feel bad when I use her money to take you out to a steak dinner =D,,ham,uci_sms_spam_collection,en
Even u dont get in trouble while convincing..just tel him once or twice and just tel neglect his msgs dont c and read it..just dont reply,,ham,uci_sms_spam_collection,en
Leaving to qatar tonite in search of an opportunity.all went fast.pls add me in ur prayers dear.Rakhesh,,ham,uci_sms_spam_collection,en
Then why no one talking to me,,ham,uci_sms_spam_collection,en
Thanks for looking out for me. I really appreciate.,,ham,uci_sms_spam_collection,en
Hi. Customer Loyalty Offer:The NEW Nokia6650 Mobile from ONLY å£10 at TXTAUCTION! Txt word: START to No: 81151 & get yours Now! 4T&Ctxt TC 150p/MTmsg,,spam,uci_sms_spam_collection,en
Wish i were with you now!,,ham,uci_sms_spam_collection,en
Haha mayb u're rite... U know me well. Da feeling of being liked by someone is gd lor. U faster go find one then all gals in our group attached liao.,,ham,uci_sms_spam_collection,en
Yes i will be there. Glad you made it.,,ham,uci_sms_spam_collection,en
Do well :)all will for little time. Thing of good times ahead:,,ham,uci_sms_spam_collection,en
Just got up. have to be out of the room very soon. Û_. i hadn't put the clocks back til at 8 i shouted at everyone to get up and then realised it was 7. wahay. another hour in bed.,,ham,uci_sms_spam_collection,en
Ok. There may be a free gym about.,,ham,uci_sms_spam_collection,en
Men like shorter ladies. Gaze up into his eyes.,,ham,uci_sms_spam_collection,en
Dunno he jus say go lido. Same time 930.,,ham,uci_sms_spam_collection,en
"I promise to take good care of you, princess. I have to run now. Please send pics when you get a chance. Ttyl!",,ham,uci_sms_spam_collection,en
U are subscribed to the best Mobile Content Service in the UK for å£3 per 10 days until you send STOP to 82324. Helpline 08706091795,,spam,uci_sms_spam_collection,en
Is there a reason we've not spoken this year? Anyways have a great week and all the best in your exam,,ham,uci_sms_spam_collection,en
By monday next week. Give me the full gist,,ham,uci_sms_spam_collection,en
"Do you realize that in about 40 years, we'll have thousands of old ladies running around with tattoos?",,spam,uci_sms_spam_collection,en
You have an important customer service announcement from PREMIER.,,spam,uci_sms_spam_collection,en
Dont gimme that lip caveboy,,ham,uci_sms_spam_collection,en
When did you get to the library,,ham,uci_sms_spam_collection,en
Realy sorry-i don't recognise this number and am now confused :) who r u please?! ,,ham,uci_sms_spam_collection,en
So why didnt you holla?,,ham,uci_sms_spam_collection,en
Cant think of anyone with * spare room off * top of my head,,ham,uci_sms_spam_collection,en
"Faith makes things possible,Hope makes things work,Love makes things beautiful,May you have all three this Christmas!Merry Christmas!",,ham,uci_sms_spam_collection,en
U should have made an appointment,,ham,uci_sms_spam_collection,en
"Call me when you/carlos is/are here, my phone's vibrate is acting up and I might not hear texts",,ham,uci_sms_spam_collection,en
"Romantic Paris. 2 nights, 2 flights from å£79 Book now 4 next year. Call 08704439680Ts&Cs apply.",,spam,uci_sms_spam_collection,en
"We are at grandmas. Oh dear, u still ill? I felt Shit this morning but i think i am just hungover! Another night then. We leave on sat.",,ham,uci_sms_spam_collection,en
Urgent Ur å£500 guaranteed award is still unclaimed! Call 09066368327 NOW closingdate04/09/02 claimcode M39M51 å£1.50pmmorefrommobile2Bremoved-MobyPOBox734LS27YF,,spam,uci_sms_spam_collection,en
Nothing but we jus tot u would ask cos u ba gua... But we went mt faber yest... Yest jus went out already mah so today not going out... Jus call lor...,,ham,uci_sms_spam_collection,en
"Wishing you and your family Merry \X\"" mas and HAPPY NEW Year in advance..""",,ham,uci_sms_spam_collection,en
UR awarded a City Break and could WIN a å£200 Summer Shopping spree every WK. Txt STORE to 88039 . SkilGme. TsCs087147403231Winawk!Age16 å£1.50perWKsub,,spam,uci_sms_spam_collection,en
"I'm nt goin, got somethin on, unless they meetin 4 dinner lor... Haha, i wonder who will go tis time...",,ham,uci_sms_spam_collection,en
Lol I know! They're so dramatic. Schools already closed for tomorrow. Apparently we can't drive in the inch of snow were supposed to get.,,ham,uci_sms_spam_collection,en
Not getting anywhere with this damn job hunting over here!,,ham,uci_sms_spam_collection,en
Lol! U drunkard! Just doing my hair at d moment. Yeah still up 4 tonight. Wats the plan? ,,ham,uci_sms_spam_collection,en
"idc get over here, you are not weaseling your way out of this shit twice in a row",,ham,uci_sms_spam_collection,en
I wil be there with in  &lt;#&gt;  minutes. Got any space,,ham,uci_sms_spam_collection,en
Thanks for picking up the trash.,,ham,uci_sms_spam_collection,en
Why don't you go tell your friend you're not sure you want to live with him because he smokes too much then spend hours begging him to come smoke,,ham,uci_sms_spam_collection,en
"\Hi its Kate it was lovely to see you tonight and ill phone you tomorrow. I got to sing and a guy gave me his card! xxx\""""",,ham,uci_sms_spam_collection,en
Happy New year my dear brother. I really do miss you. Just got your number and decided to send you this text wishing you only happiness. Abiola,,ham,uci_sms_spam_collection,en
That means get the door,,ham,uci_sms_spam_collection,en
"Hmmm ... I thought we said 2 hours slave, not 3 ... You are late ... How should I punish you ?",,ham,uci_sms_spam_collection,en
Beerage?,,ham,uci_sms_spam_collection,en
You have an important customer service announcement from PREMIER. Call FREEPHONE 0800 542 0578 now!,,spam,uci_sms_spam_collection,en
Dont think so. It turns off like randomlly within 5min of opening,,ham,uci_sms_spam_collection,en
"She was supposed to be but couldn't make it, she's still in town though",,ham,uci_sms_spam_collection,en
It does it on its own. Most of the time it fixes my spelling. But sometimes it gets a completely diff word. Go figure,,ham,uci_sms_spam_collection,en
Ever thought about living a good life with a perfect partner? Just txt back NAME and AGE to join the mobile community. (100p/SMS),,spam,uci_sms_spam_collection,en
"5 Free Top Polyphonic Tones call 087018728737, National Rate. Get a toppoly tune sent every week, just text SUBPOLY to 81618, å£3 per pole. UnSub 08718727870.",,spam,uci_sms_spam_collection,en
This is hoping you enjoyed your game yesterday. Sorry i've not been in touch but pls know that you are fondly bein thot off. Have a great week. Abiola,,ham,uci_sms_spam_collection,en
All e best 4 ur driving tmr :-),,ham,uci_sms_spam_collection,en
Y?WHERE U AT DOGBREATH? ITS JUST SOUNDING LIKE JAN C THATåÕS AL!!!!!!!!!,,ham,uci_sms_spam_collection,en
Omg I want to scream. I weighed myself and I lost more weight! Woohoo!,,ham,uci_sms_spam_collection,en
There generally isn't one. It's an uncountable noun - u in the dictionary. pieces of research?,,ham,uci_sms_spam_collection,en
it's really getting me down just hanging around.,,ham,uci_sms_spam_collection,en
"Orange customer, you may now claim your FREE CAMERA PHONE upgrade for your loyalty. Call now on 0207 153 9996. Offer ends 14thMarch. T&C's apply. Opt-out availa",,spam,uci_sms_spam_collection,en
"\Petey boy whereare you me and all your friendsare in theKingshead come down if you canlove Nic\""""",,ham,uci_sms_spam_collection,en
Ok i msg u b4 i leave my house.,,ham,uci_sms_spam_collection,en
"\Gimme a few\"" was  &lt;#&gt;  minutes ago""",,ham,uci_sms_spam_collection,en
"Last Chance! Claim ur å£150 worth of discount vouchers today! Text SHOP to 85023 now! SavaMob, offers mobile! T Cs SavaMob POBOX84, M263UZ. å£3.00 Sub. 16",,spam,uci_sms_spam_collection,en
Appt is at &lt;TIME&gt; am. Not my fault u don't listen. I told u twice,,ham,uci_sms_spam_collection,en
FREE for 1st week! No1 Nokia tone 4 ur mobile every week just txt NOKIA to 8077 Get txting and tell ur mates. www.getzed.co.uk POBox 36504 W45WQ 16+ norm150p/tone,,spam,uci_sms_spam_collection,en
You have won a guaranteed å£200 award or even å£1000 cashto claim UR award call free on 08000407165 (18+) 2 stop getstop on 88222 PHP. RG21 4JX,,spam,uci_sms_spam_collection,en
K I'll be there before 4.,,ham,uci_sms_spam_collection,en
I dled 3d its very imp,,ham,uci_sms_spam_collection,en
"sure, but make sure he knows we ain't smokin yet",,ham,uci_sms_spam_collection,en
Boooo you always work. Just quit.,,ham,uci_sms_spam_collection,en
I am taking half day leave bec i am not well,,ham,uci_sms_spam_collection,en
Ugh I don't wanna get out of bed. It's so warm.,,ham,uci_sms_spam_collection,en
S:)s.nervous  &lt;#&gt; :),,ham,uci_sms_spam_collection,en
So there's a ring that comes with the guys costumes. It's there so they can gift their future yowifes. Hint hint,,ham,uci_sms_spam_collection,en
Congratulations ur awarded either å£500 of CD gift vouchers & Free entry 2 our å£100 weekly draw txt MUSIC to 87066 TnCs www.Ldew.com1win150ppmx3age16,,spam,uci_sms_spam_collection,en
I borrow ur bag ok.,,ham,uci_sms_spam_collection,en
"U were outbid by simonwatson5120 on the Shinco DVD Plyr. 2 bid again, visit sms. ac/smsrewards 2 end bid notifications, reply END OUT",,spam,uci_sms_spam_collection,en
Where's my boytoy? I miss you ... What happened?,,ham,uci_sms_spam_collection,en
"He has lots of used ones babe, but the model doesn't help. Youi have to bring it over and he'll match it up",,ham,uci_sms_spam_collection,en
Also are you bringing galileo or dobby,,ham,uci_sms_spam_collection,en
Then why you not responding,,ham,uci_sms_spam_collection,en
"\BOO BABE! U ENJOYIN YOURJOB? U SEEMED 2 B GETTIN ON WELL HUNNY!HOPE URE OK?TAKE CARE & IåÕLLSPEAK 2U SOONLOTS OF LOVEME XXXX.\""""",,ham,uci_sms_spam_collection,en
Good afternoon starshine! How's my boytoy? Does he crave me yet? Ache to fuck me ? *sips cappuccino* I miss you babe *teasing kiss*,,ham,uci_sms_spam_collection,en
On the road so cant txt,,ham,uci_sms_spam_collection,en
"SMSSERVICES. for yourinclusive text credits, pls goto www.comuk.net login= 3qxj9 unsubscribe with STOP, no extra charge. help 08702840625.COMUK. 220-CM2 9AE",,spam,uci_sms_spam_collection,en
25p 4 alfie Moon's Children in need song on ur mob. Tell ur m8s. Txt Tone charity to 8007 for Nokias or Poly charity for polys: zed 08701417012 profit 2 charity.,,spam,uci_sms_spam_collection,en
Hmm .. Bits and pieces lol ... *sighs* ...,,ham,uci_sms_spam_collection,en
Hahaha..use your brain dear,,ham,uci_sms_spam_collection,en
Hey. You got any mail?,,ham,uci_sms_spam_collection,en
"Sorry light turned green, I meant another friend wanted  &lt;#&gt;  worth but he may not be around",,ham,uci_sms_spam_collection,en
Thanks for yesterday sir. You have been wonderful. Hope you enjoyed the burial. MojiBiola,,ham,uci_sms_spam_collection,en
U have a secret admirer. REVEAL who thinks U R So special. Call 09065174042. To opt out Reply REVEAL STOP. 1.50 per msg recd. Cust care 07821230901,,spam,uci_sms_spam_collection,en
Hi mate its RV did u hav a nice hol just a message 3 say hello coz havenåÕt sent u 1 in ages started driving so stay off roads!RVx,,ham,uci_sms_spam_collection,en
"Dear Voucher Holder, To claim this weeks offer, at you PC please go to http://www.e-tlp.co.uk/expressoffer Ts&Cs apply. To stop texts, txt STOP to 80062",,spam,uci_sms_spam_collection,en
"Thank you so much. When we skyped wit kz and sura, we didnt get the pleasure of your company. Hope you are good. We've given you ultimatum oh! We are countin down to aburo. Enjoy! This is the message i sent days ago",,ham,uci_sms_spam_collection,en
Surely result will offer:),,ham,uci_sms_spam_collection,en
Good Morning my Dear........... Have a great &amp; successful day.,,ham,uci_sms_spam_collection,en
Do you want 750 anytime any network mins 150 text and a NEW VIDEO phone for only five pounds per week call 08002888812 or reply for delivery tomorrow,,spam,uci_sms_spam_collection,en
"Sir, I have been late in paying rent for the past few months and had to pay a $ &lt;#&gt;  charge. I felt it would be inconsiderate of me to nag about something you give at great cost to yourself and that's why i didnt speak up. I however am in a recession and wont be able to pay the charge this month hence my askin well ahead of month's end. Can you please help. Thanks",,ham,uci_sms_spam_collection,en
We tried to contact you re our offer of New Video Phone 750 anytime any network mins HALF PRICE Rental camcorder call 08000930705 or reply for delivery Wed,,spam,uci_sms_spam_collection,en
Last chance 2 claim ur å£150 worth of discount vouchers-Text YES to 85023 now!SavaMob-member offers mobile T Cs 08717898035. å£3.00 Sub. 16 . Remove txt X or STOP,,spam,uci_sms_spam_collection,en
I luv u soo much u donåÕt understand how special u r 2 me ring u 2morrow luv u xxx,,ham,uci_sms_spam_collection,en
"Pls send me a comprehensive mail about who i'm paying, when and how much.",,ham,uci_sms_spam_collection,en
Our Prashanthettan's mother passed away last night. pray for her and family.,,ham,uci_sms_spam_collection,en
"Urgent! call 09066350750 from your landline. Your complimentary 4* Ibiza Holiday or 10,000 cash await collection SAE T&Cs PO BOX 434 SK3 8WP 150 ppm 18+ ",,spam,uci_sms_spam_collection,en
K.k:)when are you going?,,ham,uci_sms_spam_collection,en
Meanwhile in the shit suite: xavier decided to give us  &lt;#&gt;  seconds of warning that samantha was coming over and is playing jay's guitar to impress her or some shit. Also I don't think doug realizes I don't live here anymore,,ham,uci_sms_spam_collection,en
My stomach has been thru so much trauma I swear I just can't eat. I better lose weight.,,ham,uci_sms_spam_collection,en
I am in office:)whats the matter..msg me now.i will call you at break:).,,ham,uci_sms_spam_collection,en
"Yeah there's barely enough room for the two of us, x has too many fucking shoes. Sorry man, see you later",,ham,uci_sms_spam_collection,en
U reach orchard already? U wan 2 go buy tickets first?,,ham,uci_sms_spam_collection,en
"I am real, baby! I want to bring out your inner tigress...",,ham,uci_sms_spam_collection,en
No da if you run that it activate the full version da.,,ham,uci_sms_spam_collection,en
"\AH POOR BABY!HOPE URFEELING BETTERSN LUV! PROBTHAT OVERDOSE OF WORK HEY GO CAREFUL SPK 2 U SN LOTS OF LOVEJEN XXX.\""""",,ham,uci_sms_spam_collection,en
Stop the story. I've told him i've returned it and he's saying i should not re order it.,,ham,uci_sms_spam_collection,en
Talk sexy!! Make new friends or fall in love in the worlds most discreet text dating service. Just text VIP to 83110 and see who you could meet.,,spam,uci_sms_spam_collection,en
Going to take your babe out ?,,ham,uci_sms_spam_collection,en
Hai ana tomarrow am coming on morning.  &lt;DECIMAL&gt;  ill be there in sathy then we ll go to RTO office. Reply me after came to home.,,ham,uci_sms_spam_collection,en
Spoons it is then okay?,,ham,uci_sms_spam_collection,en
Did he just say somebody is named tampa,,ham,uci_sms_spam_collection,en
In work now. Going have in few min.,,ham,uci_sms_spam_collection,en
Your brother is a genius,,ham,uci_sms_spam_collection,en
"Sorry, I guess whenever I can get a hold of my connections, maybe an hour or two? I'll text you",,ham,uci_sms_spam_collection,en
Did u find out what time the bus is at coz i need to sort some stuff out.,,ham,uci_sms_spam_collection,en
Dude ive been seeing a lotta corvettes lately,,ham,uci_sms_spam_collection,en
Congratulations ur awarded either a yrs supply of CDs from Virgin Records or a Mystery Gift GUARANTEED Call 09061104283 Ts&Cs www.smsco.net å£1.50pm approx 3mins,,spam,uci_sms_spam_collection,en
"Same here, but I consider walls and bunkers and shit important just because I never play on peaceful but I guess your place is high enough that it don't matter",,ham,uci_sms_spam_collection,en
PRIVATE! Your 2003 Account Statement for 07808 XXXXXX shows 800 un-redeemed S. I. M. points. Call 08719899217 Identifier Code: 41685 Expires 07/11/04,,spam,uci_sms_spam_collection,en
Hello. We need some posh birds and chaps to user trial prods for champneys. Can i put you down? I need your address and dob asap. Ta r,,spam,uci_sms_spam_collection,en
What do U want for Xmas? How about 100 free text messages & a new video phone with half price line rental? Call free now on 0800 0721072 to find out more!,,spam,uci_sms_spam_collection,en
"Well am officially in a philosophical hole, so if u wanna call am at home ready to be saved!",,ham,uci_sms_spam_collection,en
Its going good...no problem..but still need little experience to understand american customer voice...,,ham,uci_sms_spam_collection,en
I'll text you when I drop x off,,ham,uci_sms_spam_collection,en
Ugh its been a long day. I'm exhausted. Just want to cuddle up and take a nap,,ham,uci_sms_spam_collection,en
Talk With Yourself Atleast Once In A Day...!!! Otherwise You Will Miss Your Best FRIEND In This WORLD...!!! -Shakespeare- SHESIL  &lt;#&gt;,,ham,uci_sms_spam_collection,en
"Shop till u Drop, IS IT YOU, either 10K, 5K, å£500 Cash or å£100 Travel voucher, Call now, 09064011000. NTT PO Box CR01327BT fixedline Cost 150ppm mobile vary",,spam,uci_sms_spam_collection,en
Are you in castor? You need to see something,,ham,uci_sms_spam_collection,en
Sunshine Quiz Wkly Q! Win a top Sony DVD player if u know which country Liverpool played in mid week? Txt ansr to 82277. å£1.50 SP:Tyrone,,spam,uci_sms_spam_collection,en
U have a secret admirer who is looking 2 make contact with U-find out who they R*reveal who thinks UR so special-call on 09058094565,,spam,uci_sms_spam_collection,en
U have a Secret Admirer who is looking 2 make contact with U-find out who they R*reveal who thinks UR so special-call on 09065171142-stopsms-08,,spam,uci_sms_spam_collection,en
Reminder: You have not downloaded the content you have already paid for. Goto http://doit. mymoby. tv/ to collect your content.,,spam,uci_sms_spam_collection,en
"see, i knew giving you a break a few times woul lead to you always wanting to miss curfew. I was gonna gibe you 'til one, but a MIDNIGHT movie is not gonna get out til after 2. You need to come home. You need to getsleep and, if anything, you need to b studdying ear training.",,ham,uci_sms_spam_collection,en
I love to give massages. I use lots of baby oil... What is your fave position?,,ham,uci_sms_spam_collection,en
Dude we should go sup again,,ham,uci_sms_spam_collection,en
Yoyyooo u know how to change permissions for a drive in mac. My usb flash drive,,ham,uci_sms_spam_collection,en
Gibbs unsold.mike hussey,,ham,uci_sms_spam_collection,en
I like to talk pa but am not able to. I dont know y.,,ham,uci_sms_spam_collection,en
Y dun cut too short leh. U dun like ah? She failed. She's quite sad.,,ham,uci_sms_spam_collection,en
You unbelievable faglord,,ham,uci_sms_spam_collection,en
Wife.how she knew the time of murder exactly,,ham,uci_sms_spam_collection,en
Why do you ask princess?,,ham,uci_sms_spam_collection,en
I am great princess! What are you thinking about me? :),,ham,uci_sms_spam_collection,en
Nutter. Cutter. Ctter. Cttergg. Cttargg. Ctargg. Ctagg. ie you,,ham,uci_sms_spam_collection,en
It's ok i noe u're busy but i'm really too bored so i msg u. I oso dunno wat colour she choose 4 me one.,,ham,uci_sms_spam_collection,en
Doesn't g have class early tomorrow and thus shouldn't be trying to smoke at  &lt;#&gt;,,ham,uci_sms_spam_collection,en
"Superb Thought- \Be grateful that u dont have everything u want. That means u still have an opportunity to be happier tomorrow than u are today.\"":-)""",,ham,uci_sms_spam_collection,en
Hope you are having a good week. Just checking in,,ham,uci_sms_spam_collection,en
"I'm used to it. I just hope my agents don't drop me since i've only booked a few things this year. This whole me in boston, them in nyc was an experiment.",,ham,uci_sms_spam_collection,en
"Thursday night? Yeah, sure thing, we'll work it out then",,ham,uci_sms_spam_collection,en
Probably money worries. Things are coming due and i have several outstanding invoices for work i did two and three months ago.,,ham,uci_sms_spam_collection,en
How is it possible to teach you. And where.,,ham,uci_sms_spam_collection,en
"I wonder if your phone battery went dead ? I had to tell you, I love you babe",,ham,uci_sms_spam_collection,en
Lovely smell on this bus and it ain't tobacco... ,,ham,uci_sms_spam_collection,en
"We're all getting worried over here, derek and taylor have already assumed the worst",,ham,uci_sms_spam_collection,en
Hey what's up charles sorry about the late reply.,,ham,uci_sms_spam_collection,en
"all the lastest from Stereophonics, Marley, Dizzee Racal, Libertines and The Strokes! Win Nookii games with Flirt!! Click TheMob WAP Bookmark or text WAP to 82468",,spam,uci_sms_spam_collection,en
I.ll give her once i have it. Plus she said grinule greet you whenever we speak,,ham,uci_sms_spam_collection,en
WHITE FUDGE OREOS ARE IN STORES,,ham,uci_sms_spam_collection,en
"January Male Sale! Hot Gay chat now cheaper, call 08709222922. National rate from 1.5p/min cheap to 7.8p/min peak! To stop texts call 08712460324 (10p/min)",,spam,uci_sms_spam_collection,en
My love ! How come it took you so long to leave for Zaher's? I got your words on ym and was happy to see them but was sad you had left. I miss you,,ham,uci_sms_spam_collection,en
I am sorry it hurt you.,,ham,uci_sms_spam_collection,en
Can't. I feel nauseous. I'm so pissed. I didn't eat any sweets all week cause today I was planning to pig out. I was dieting all week. And now I'm not hungry :/,,ham,uci_sms_spam_collection,en
Ok lor but not too early. Me still having project meeting now.,,ham,uci_sms_spam_collection,en
"Call me da, i am waiting for your call.",,ham,uci_sms_spam_collection,en
I could ask carlos if we could get more if anybody else can chip in,,ham,uci_sms_spam_collection,en
Was actually about to send you a reminder today. Have a wonderful weekend,,ham,uci_sms_spam_collection,en
"When people see my msgs, They think Iam addicted to msging... They are wrong, Bcoz They don\'t know that Iam addicted to my sweet Friends..!! BSLVYL",,ham,uci_sms_spam_collection,en
Hey you gave them your photo when you registered for driving ah? Tmr wanna meet at yck? ,,ham,uci_sms_spam_collection,en
Dont talk to him ever ok its my word.,,ham,uci_sms_spam_collection,en
When u wana see it then,,ham,uci_sms_spam_collection,en
On ma way to school. Can you pls send me ashley's number,,ham,uci_sms_spam_collection,en
It shall be fine. I have avalarr now. Will hollalater,,ham,uci_sms_spam_collection,en
She went to attend another two rounds today..but still did't reach home..,,ham,uci_sms_spam_collection,en
Actually i deleted my old website..now i m blogging at magicalsongs.blogspot.com,,ham,uci_sms_spam_collection,en
"K, wait chikku..il send aftr  &lt;#&gt; mins",,ham,uci_sms_spam_collection,en
But I'm on a diet. And I ate 1 too many slices of pizza yesterday. Ugh I'm ALWAYS on a diet.,,ham,uci_sms_spam_collection,en
K:)i will give my kvb acc details:),,ham,uci_sms_spam_collection,en
Oh all have to come ah?,,ham,uci_sms_spam_collection,en
money!!! you r a lucky winner ! 2 claim your prize text money 2 88600 over å£1million to give away ! ppt150x3+normal text rate box403 w1t1jy,,spam,uci_sms_spam_collection,en
I'm really sorry i won't b able 2 do this friday.hope u can find an alternative.hope yr term's going ok:-),,ham,uci_sms_spam_collection,en
Congratulations ore mo owo re wa. Enjoy it and i wish you many happy moments to and fro wherever you go,,ham,uci_sms_spam_collection,en
So do you have samus shoulders yet,,ham,uci_sms_spam_collection,en
What time you think you'll have it? Need to know when I should be near campus,,ham,uci_sms_spam_collection,en
"Dear Matthew please call 09063440451 from a landline, your complimentary 4*Lux Tenerife holiday or å£1000 CASH await collection. ppm150 SAE T&Cs Box334 SK38XH.",,spam,uci_sms_spam_collection,en
Then dun wear jeans lor...,,ham,uci_sms_spam_collection,en
"Since when, which side, any fever, any vomitin.",,ham,uci_sms_spam_collection,en
K:)k.are you in college?,,ham,uci_sms_spam_collection,en
"Urgent! call 09061749602 from Landline. Your complimentary 4* Tenerife Holiday or å£10,000 cash await collection SAE T&Cs BOX 528 HP20 1YF 150ppm 18+",,spam,uci_sms_spam_collection,en
Better. Made up for Friday and stuffed myself like a pig yesterday. Now I feel bleh. But at least its not writhing pain kind of bleh.,,ham,uci_sms_spam_collection,en
No we sell it all so we'll have tons if coins. Then sell our coins to someone thru paypal. Voila! Money back in life pockets:),,ham,uci_sms_spam_collection,en
Theyre doing it to lots of places. Only hospitals and medical places are safe.,,ham,uci_sms_spam_collection,en
How about getting in touch with folks waiting for company? Just txt back your NAME and AGE to opt in! Enjoy the community (150p/SMS),,spam,uci_sms_spam_collection,en
And also I've sorta blown him off a couple times recently so id rather not text him out of the blue looking for weed,,ham,uci_sms_spam_collection,en
"I sent my scores to sophas and i had to do secondary application for a few schools. I think if you are thinking of applying, do a research on cost also. Contact joke ogunrinde, her school is one me the less expensive ones",,ham,uci_sms_spam_collection,en
I cant wait to see you! How were the photos were useful? :),,ham,uci_sms_spam_collection,en
Ur cash-balance is currently 500 pounds - to maximize ur cash-in now send GO to 86688 only 150p/msg. CC: 08718720201 PO BOX 114/14 TCR/W1,,spam,uci_sms_spam_collection,en
Hey i booked the kb on sat already... what other lessons are we going for ah? Keep your sat night free we need to meet and confirm our lodging ,,ham,uci_sms_spam_collection,en
Chk in ur belovd ms dict,,ham,uci_sms_spam_collection,en
Is that what time you want me to come?,,ham,uci_sms_spam_collection,en
"Awesome, lemme know whenever you're around",,ham,uci_sms_spam_collection,en
Shb b ok lor... Thanx...,,ham,uci_sms_spam_collection,en
"Beautiful Truth against Gravity.. Read carefully: \Our heart feels light when someone is in it.. But it feels very heavy when someone leaves it..\"" GOOD NIGHT""",,ham,uci_sms_spam_collection,en
Also remember to get dobby's bowl from your car,,ham,uci_sms_spam_collection,en
Filthy stories and GIRLS waiting for your,,spam,uci_sms_spam_collection,en
Sorry i now then c ur msg... Yar lor so poor thing... But only 4 one night... Tmr u'll have a brand new room 2 sleep in...,,ham,uci_sms_spam_collection,en
"Love isn't a decision, it's a feeling. If we could decide who to love, then, life would be much simpler, but then less magical",,ham,uci_sms_spam_collection,en
Welp apparently he retired,,ham,uci_sms_spam_collection,en
My sort code is  and acc no is . The bank is natwest. Can you reply to confirm i've sent this to the right person!,,ham,uci_sms_spam_collection,en
Where @,,ham,uci_sms_spam_collection,en
U sure u can't take any sick time?,,ham,uci_sms_spam_collection,en
URGENT! We are trying to contact U. Todays draw shows that you have won a å£800 prize GUARANTEED. Call 09050001808 from land line. Claim M95. Valid12hrs only,,spam,uci_sms_spam_collection,en
Yo chad which gymnastics class do you wanna take? The site says Christians class is full..,,ham,uci_sms_spam_collection,en
Or better still can you catch her and let ask her if she can sell  &lt;#&gt;  for me.,,ham,uci_sms_spam_collection,en
I am not sure about night menu. . . I know only about noon menu,,ham,uci_sms_spam_collection,en
What do u want when i come back?.a beautiful necklace as a token of my heart for you.thats what i will give but ONLY to MY WIFE OF MY LIKING.BE THAT AND SEE..NO ONE can give you that.dont call me.i will wait till i come.,,ham,uci_sms_spam_collection,en
Are you willing to go for aptitude class.,,ham,uci_sms_spam_collection,en
"It wont b until 2.15 as trying 2 sort house out, is that ok?",,ham,uci_sms_spam_collection,en
"Yar lor he wan 2 go c horse racing today mah, so eat earlier lor. I ate chicken rice. U?",,ham,uci_sms_spam_collection,en
"Haha awesome, omw back now then",,ham,uci_sms_spam_collection,en
Yup i thk so until e shop closes lor.,,ham,uci_sms_spam_collection,en
what is your account number?,,ham,uci_sms_spam_collection,en
Eh u send wrongly lar...,,ham,uci_sms_spam_collection,en
Hey no I ad a crap nite was borin without ya 2 boggy with me u boring biatch! Thanx but u wait til nxt time il ave ya ,,ham,uci_sms_spam_collection,en
Ok i shall talk to him,,ham,uci_sms_spam_collection,en
Dont hesitate. You know this is the second time she has had weakness like that. So keep i notebook of what she eat and did the day before or if anything changed the day before so that we can be sure its nothing,,ham,uci_sms_spam_collection,en
Hey you can pay. With salary de. Only  &lt;#&gt; .,,ham,uci_sms_spam_collection,en
Another month. I need chocolate weed and alcohol.,,ham,uci_sms_spam_collection,en
If he started searching he will get job in few days.he have great potential and talent.,,ham,uci_sms_spam_collection,en
Reckon need to be in town by eightish to walk from * carpark.,,ham,uci_sms_spam_collection,en
"Congrats! 2 mobile 3G Videophones R yours. call 09063458130 now! videochat wid your mates, play java games, Dload polyPH music, noline rentl.",,spam,uci_sms_spam_collection,en
LOOK AT THE FUCKIN TIME. WHAT THE FUCK YOU THINK IS UP,,ham,uci_sms_spam_collection,en
Yo guess what I just dropped,,ham,uci_sms_spam_collection,en
Carlos says he'll be at mu in  &lt;#&gt;  minutes,,ham,uci_sms_spam_collection,en
I'm in office now . I will call you  &lt;#&gt;  min:),,ham,uci_sms_spam_collection,en
"Geeee ... I miss you already, you know ? Your all I can think about. Fuck, I can't wait till next year when we will be together ... *loving kiss*",,ham,uci_sms_spam_collection,en
"Yun ah.the ubi one say if Ì_ wan call by tomorrow.call 67441233 look for irene.ere only got bus8,22,65,61,66,382. Ubi cres,ubi tech park.6ph for 1st 5wkg days.Ì¬n",,ham,uci_sms_spam_collection,en
Ugh. Gotta drive back to sd from la. My butt is sore.,,ham,uci_sms_spam_collection,en
26th OF JULY,,ham,uci_sms_spam_collection,en
Hi im having the most relaxing time ever! we have to get up at 7am every day! was the party good the other night? I get home tomorrow at 5ish.,,ham,uci_sms_spam_collection,en
Up to Ì_... ÌÏ wan come then come lor... But i din c any stripes skirt...,,ham,uci_sms_spam_collection,en
The Xmas story is peace.. The Xmas msg is love.. The Xmas miracle is jesus.. Hav a blessed month ahead &amp; wish U Merry Xmas...,,ham,uci_sms_spam_collection,en
"I can't, I don't have her number!",,ham,uci_sms_spam_collection,en
Change again... It's e one next to escalator...,,ham,uci_sms_spam_collection,en
Yetunde i'm in class can you not run water on it to make it ok. Pls now.,,ham,uci_sms_spam_collection,en
Not a lot has happened here. Feels very quiet. Beth is at her aunts and charlie is working lots. Just me and helen in at the mo. How have you been? ,,ham,uci_sms_spam_collection,en
Then Ì_ wait 4 me at bus stop aft ur lect lar. If i dun c Ì_ then i go get my car then come back n pick Ì_.,,ham,uci_sms_spam_collection,en
"Aight will do, thanks again for comin out",,ham,uci_sms_spam_collection,en
No..but heard abt tat..,,ham,uci_sms_spam_collection,en
&lt;#&gt;  am I think? Should say on syllabus,,ham,uci_sms_spam_collection,en
Umma. Did she say anything,,ham,uci_sms_spam_collection,en
Give me a sec to think think about it,,ham,uci_sms_spam_collection,en
Panasonic & BluetoothHdset FREE. Nokia FREE. Motorola FREE & DoubleMins & DoubleTxt on Orange contract. Call MobileUpd8 on 08000839402 or call 2optout,,spam,uci_sms_spam_collection,en
I don't quite know what to do. I still can't get hold of anyone. I cud pick you up bout 7.30pm and we can see if they're in the pub?,,ham,uci_sms_spam_collection,en
"Poyyarikatur,kolathupalayam,unjalur post,erode dis, &lt;#&gt; .",,ham,uci_sms_spam_collection,en
"Dear Hero,i am leaving to qatar tonite for an apt opportunity.pls do keep in touch at  &lt;EMAIL&gt; ,kerala",,ham,uci_sms_spam_collection,en
Lol I would but my mom would have a fit and tell the whole family how crazy and terrible I am,,ham,uci_sms_spam_collection,en
"I just got home babe, are you still awake ?",,ham,uci_sms_spam_collection,en
I dunno they close oredi not... ÌÏ v ma fan...,,ham,uci_sms_spam_collection,en
Just buy a pizza. Meat lovers or supreme. U get to pick.,,ham,uci_sms_spam_collection,en
"Ya, told..she was asking wats matter?",,ham,uci_sms_spam_collection,en
"Dear,regret i cudnt pick call.drove down frm ctla now at cochin home.left mobile in car..ente style ishtamayoo?happy bakrid!",,ham,uci_sms_spam_collection,en
FREE for 1st week! No1 Nokia tone 4 ur mob every week just txt NOKIA to 8007 Get txting and tell ur mates www.getzed.co.uk POBox 36504 W45WQ norm150p/tone 16+,,spam,uci_sms_spam_collection,en
Shall i send that exe to your mail id.,,ham,uci_sms_spam_collection,en
Nope watching tv at home... Not going out. V bored...,,ham,uci_sms_spam_collection,en
Don know..wait i will check it.,,ham,uci_sms_spam_collection,en
"Good afternoon on this glorious anniversary day, my sweet J !! I hope this finds you happy and content, my Prey. I think of you and send a teasing kiss from across the sea coaxing images of fond souveniers ... You Cougar-Pen",,ham,uci_sms_spam_collection,en
Guess what! Somebody you know secretly fancies you! Wanna find out who it is? Give us a call on 09065394514 From Landline DATEBox1282EssexCM61XN 150p/min 18,,spam,uci_sms_spam_collection,en
We still on for tonight?,,ham,uci_sms_spam_collection,en
May i call You later Pls,,ham,uci_sms_spam_collection,en
Hasn't that been the pattern recently crap weekends?,,ham,uci_sms_spam_collection,en
I have a sore throat. It's scratches when I talk,,ham,uci_sms_spam_collection,en
Yes da. Any plm at ur office,,ham,uci_sms_spam_collection,en
Are you not around or just still asleep? :V,,ham,uci_sms_spam_collection,en
"Lol you forgot it eh ? Yes, I'll bring it in babe",,ham,uci_sms_spam_collection,en
"Its good, we'll find a way",,ham,uci_sms_spam_collection,en
Can not use foreign stamps in this country. Good lecture .,,ham,uci_sms_spam_collection,en
Yup bathe liao...,,ham,uci_sms_spam_collection,en
HAPPY NEW YEAR MY NO.1 MAN,,ham,uci_sms_spam_collection,en
"OH MR SHEFFIELD! You wanna play THAT game, okay. You're the boss and I'm the nanny. You give me a raise and I'll give YOU one!!",,ham,uci_sms_spam_collection,en
ZOE IT JUST HIT ME 2 IM FUCKING SHITIN MYSELF IL DEFO TRY MY HARDEST 2 CUM 2MOROW LUV U MILLIONS LEKDOG,,ham,uci_sms_spam_collection,en
"Hello baby, did you get back to your mom's ? Are you setting up the computer now ? Filling your belly ? How goes it loverboy ? I miss you already ... *sighs*",,ham,uci_sms_spam_collection,en
"No my blankets are sufficient, thx",,ham,uci_sms_spam_collection,en
"naughty little thought: 'its better to flirt, flirt n flirt, rather than loving someone n gettin hurt, hurt n hurt...:-) Gud nyt",,ham,uci_sms_spam_collection,en
"Edison has rightly said, \A fool can ask more questions than a wise man can answer\"" Now you know why all of us are speechless during ViVa.. GM",,ham,uci_sms_spam_collection,en
They just talking thats it de. They wont any other.,,ham,uci_sms_spam_collection,en
Today am going to college so am not able to atten the class.,,ham,uci_sms_spam_collection,en
I'm in class. Will holla later,,ham,uci_sms_spam_collection,en
Mmm thats better now i got a roast down me! iåÕd b better if i had a few drinks down me 2! Good indian?,,ham,uci_sms_spam_collection,en
"We know someone who you know that fancies you. Call 09058097218 to find out who. POBox 6, LS15HB 150p",,spam,uci_sms_spam_collection,en
"Come round, it's . ",,ham,uci_sms_spam_collection,en
"Do 1 thing! Change that sentence into: \Because i want 2 concentrate in my educational career im leaving here..\""""",,ham,uci_sms_spam_collection,en
"1000's flirting NOW! Txt GIRL or BLOKE & ur NAME & AGE, eg GIRL ZOE 18 to 8007 to join and get chatting!",,spam,uci_sms_spam_collection,en
I walked an hour 2 c u! doesnåÕt that show I care y wont u believe im serious?,,ham,uci_sms_spam_collection,en
18 days to Euro2004 kickoff! U will be kept informed of all the latest news and results daily. Unsubscribe send GET EURO STOP to 83222.,,spam,uci_sms_spam_collection,en
Are you available for soiree on June 3rd?,,ham,uci_sms_spam_collection,en
Do u noe wat time e place dat sells 4d closes?,,ham,uci_sms_spam_collection,en
"I got another job! The one at the hospital doing data analysis or something, starts on monday! Not sure when my thesis will got finished",,ham,uci_sms_spam_collection,en
Jay's getting really impatient and belligerent,,ham,uci_sms_spam_collection,en
HIYA COMIN 2 BRISTOL 1 ST WEEK IN APRIL. LES GOT OFF + RUDI ON NEW YRS EVE BUT I WAS SNORING.THEY WERE DRUNK! U BAK AT COLLEGE YET? MY WORK SENDS INK 2 BATH.,,ham,uci_sms_spam_collection,en
I'm at work. Please call,,ham,uci_sms_spam_collection,en
Then u drive lor.,,ham,uci_sms_spam_collection,en
Ard 515 like dat. Y?,,ham,uci_sms_spam_collection,en
Tell me they're female :V how're you throwing in? We're deciding what all to get now,,ham,uci_sms_spam_collection,en
EASTENDERS TV Quiz. What FLOWER does DOT compare herself to? D= VIOLET E= TULIP F= LILY txt D E or F to 84025 NOW 4 chance 2 WIN å£100 Cash WKENT/150P16+,,spam,uci_sms_spam_collection,en
I'm working technical support :)voice process.networking field.,,ham,uci_sms_spam_collection,en
I might come to kerala for 2 days.so you can be prepared to take a leave once i finalise .dont plan any travel during my visit.need to finish urgent works.,,ham,uci_sms_spam_collection,en
Ok. Not sure what time tho as not sure if can get to library before class. Will try. See you at some point! Have good eve.,,ham,uci_sms_spam_collection,en
We have new local dates in your area - Lots of new people registered in YOUR AREA. Reply DATE to start now! 18 only www.flirtparty.us REPLYS150,,spam,uci_sms_spam_collection,en
"That's fine, I'll bitch at you about it later then",,ham,uci_sms_spam_collection,en
No my mum went 2 dentist.,,ham,uci_sms_spam_collection,en
Once free call me sir. I am waiting for you.,,ham,uci_sms_spam_collection,en
Meeting u is my work. . . Tel me when shall i do my work tomorrow,,ham,uci_sms_spam_collection,en
Someone U know has asked our dating service 2 contact you! Cant Guess who? CALL 09058091854 NOW all will be revealed. PO BOX385 M6 6WU,,spam,uci_sms_spam_collection,en
Jus finish bathing...,,ham,uci_sms_spam_collection,en
"alright, I'll make sure the car is back tonight",,ham,uci_sms_spam_collection,en
URGENT! We are trying to contact U. Todays draw shows that you have won a å£800 prize GUARANTEED. Call 09050003091 from land line. Claim C52. Valid12hrs only,,spam,uci_sms_spam_collection,en
Dear U've been invited to XCHAT. This is our final attempt to contact u! Txt CHAT to 86688,,spam,uci_sms_spam_collection,en
Lul im gettin some juicy gossip at the hospital. Two nurses are talking about how fat they are gettin. And one thinks shes obese. Oyea.,,ham,uci_sms_spam_collection,en
Aight ill get on fb in a couple minutes,,ham,uci_sms_spam_collection,en
Oi. Ami parchi na re. Kicchu kaaj korte iccha korche na. Phone ta tul na. Plz. Plz.,,ham,uci_sms_spam_collection,en
Where can download clear movies. Dvd copies.,,ham,uci_sms_spam_collection,en
"Yep, by the pretty sculpture",,ham,uci_sms_spam_collection,en
Convey my regards to him,,ham,uci_sms_spam_collection,en
Me too watching surya movie only. . .after 6 pm vijay movie POKKIRI,,ham,uci_sms_spam_collection,en
You tell what happen dont behave like this to me. Ok no need to say,,ham,uci_sms_spam_collection,en
Can u get pic msgs to your phone?,,ham,uci_sms_spam_collection,en
Send to someone else :-),,ham,uci_sms_spam_collection,en
Wat makes some people dearer is not just de happiness dat u feel when u meet them but de pain u feel when u miss dem!!!,,ham,uci_sms_spam_collection,en
For me the love should start with attraction.i should feel that I need her every time around me.she should be the first thing which comes in my thoughts.I would start the day and end it with her.she should be there every time I dream.love will be then when my every breath has her name.my life should happen around her.my life will be named to her.I would cry for her.will give all my happiness and take all her sorrows.I will be ready to fight with anyone for her.I will be in love when I will be doing the craziest things for her.love will be when I don't have to proove anyone that my girl is the most beautiful lady on the whole planet.I will always be singing praises for her.love will be when I start up making chicken curry and end up makiing sambar.life will be the most beautiful then.will get every morning and thank god for the day because she is with me.I would like to say a lot..will tell later..,,ham,uci_sms_spam_collection,en
"FR'NDSHIP is like a needle of a clock. Though V r in d same clock, V r nt able 2 met. Evn if V meet,itz only 4few seconds. Bt V alwys stay conected. Gud 9t;-)",,ham,uci_sms_spam_collection,en
I don't think he has spatula hands!,,ham,uci_sms_spam_collection,en
You can never do NOTHING,,ham,uci_sms_spam_collection,en
You are awarded a SiPix Digital Camera! call 09061221061 from landline. Delivery within 28days. T Cs Box177. M221BP. 2yr warranty. 150ppm. 16 . p på£3.99,,spam,uci_sms_spam_collection,en
Goodmorning today i am late for  &lt;DECIMAL&gt; min.,,ham,uci_sms_spam_collection,en
WIN URGENT! Your mobile number has been awarded with a å£2000 prize GUARANTEED call 09061790121 from land line. claim 3030 valid 12hrs only 150ppm ,,spam,uci_sms_spam_collection,en
Please da call me any mistake from my side sorry da. Pls da goto doctor.,,ham,uci_sms_spam_collection,en
Where r we meeting?,,ham,uci_sms_spam_collection,en
"Well the weather in cali's great. But its complexities are great. You need a car to move freely, its taxes are outrageous. But all in all its a great place. The sad part is i missing home.",,ham,uci_sms_spam_collection,en
Now only i reached home. . . I am very tired now. . I will come tomorro,,ham,uci_sms_spam_collection,en
Ryder unsold.now gibbs.,,ham,uci_sms_spam_collection,en
Dear Subscriber ur draw 4 å£100 gift voucher will b entered on receipt of a correct ans. When was Elvis Presleys Birthday? TXT answer to 80062,,spam,uci_sms_spam_collection,en
Don't fret. I'll buy the ovulation test strips and send them to you. You wont get them til like march. Can you send me your postal address.u'll be alright.Okay.,,ham,uci_sms_spam_collection,en
NO GIFTS!! You trying to get me to throw myself off a cliff or something?,,ham,uci_sms_spam_collection,en
Been up to ne thing interesting. Did you have a good birthday? When are u wrking nxt? I started uni today.,,ham,uci_sms_spam_collection,en
You busy or can I come by at some point and figure out what we're doing tomorrow,,ham,uci_sms_spam_collection,en
"Yeah go on then, bored and depressed sittin waitin for phone to ring... Hope the wind drops though, scary",,ham,uci_sms_spam_collection,en
Black shirt n blue jeans... I thk i c Ì_...,,ham,uci_sms_spam_collection,en
Aiyah sorry lor... I watch tv watch until i forgot 2 check my phone.,,ham,uci_sms_spam_collection,en
Message Important information for O2 user. Today is your lucky day! 2 find out why log onto http://www.urawinner.com there is a fantastic surprise awaiting you,,spam,uci_sms_spam_collection,en
on hen night. Going with a swing,,ham,uci_sms_spam_collection,en
"Good afternoon, my love. How goes your day ? What are you up to ? I woke early and am online waiting for you ... Hmmm ... Italian boy is online I see . *grins*",,ham,uci_sms_spam_collection,en
From someone not to smoke when every time I've smoked in the last two weeks is because of you calling or texting me that you wanted to smoke,,ham,uci_sms_spam_collection,en
No you'll just get a headache trying to figure it out. U can trust me to do the math. I promise. O:-),,ham,uci_sms_spam_collection,en
S s..first time..dhoni rocks...,,ham,uci_sms_spam_collection,en
Ok ill tell the company,,ham,uci_sms_spam_collection,en
"Awesome, think we can get an 8th at usf some time tonight?",,ham,uci_sms_spam_collection,en
So that means you still think of teju,,ham,uci_sms_spam_collection,en
"No I'm good for the movie, is it ok if I leave in an hourish?",,ham,uci_sms_spam_collection,en
No no:)this is kallis home ground.amla home town is durban:),,ham,uci_sms_spam_collection,en
So lets make it saturday or monday as per convenience.,,ham,uci_sms_spam_collection,en
Hey... What time is your driving on fri? We go for evaluation on fri?,,ham,uci_sms_spam_collection,en
"449050000301 You have won a å£2,000 price! To claim, call 09050000301.",,spam,uci_sms_spam_collection,en
I'm going 4 lunch now wif my family then aft dat i go str 2 orchard lor.,,ham,uci_sms_spam_collection,en
"Bored of speed dating? Try SPEEDCHAT, txt SPEEDCHAT to 80155, if you don't like em txt SWAP and get a new chatter! Chat80155 POBox36504W45WQ 150p/msg rcd 16",,spam,uci_sms_spam_collection,en
Cancel cheyyamo?and get some money back?,,ham,uci_sms_spam_collection,en
Do you want 750 anytime any network mins 150 text and a NEW video phone for only five pounds per week call 08000776320 now or reply for delivery Tomorrow,,spam,uci_sms_spam_collection,en
Ok.ok ok..then..whats ur todays plan,,ham,uci_sms_spam_collection,en
Good morning princess! How are you?,,ham,uci_sms_spam_collection,en
Aiyar sorry lor forgot 2 tell u...,,ham,uci_sms_spam_collection,en
For taking part in our mobile survey yesterday! You can now have 500 texts 2 use however you wish. 2 get txts just send TXT to 80160 T&C www.txt43.com 1.50p,,spam,uci_sms_spam_collection,en
Not tonight mate. Catching up on some sleep. This is my new number by the way. ,,ham,uci_sms_spam_collection,en
"Height of \Oh shit....!!\"" situation: A guy throws a luv letter on a gal but falls on her brothers head whos a gay",,ham,uci_sms_spam_collection,en
Ur HMV Quiz cash-balance is currently å£500 - to maximize ur cash-in now send HMV1 to 86688 only 150p/msg,,spam,uci_sms_spam_collection,en
"So check your errors and if you had difficulties, do correction.",,ham,uci_sms_spam_collection,en
Howz pain?hope u r fine..,,ham,uci_sms_spam_collection,en
U wake up already? Thanx 4 e tau sar piah it's quite nice.,,ham,uci_sms_spam_collection,en
K do I need a login or anything,,ham,uci_sms_spam_collection,en
Dont forget you can place as many FREE Requests with 1stchoice.co.uk as you wish. For more Information call 08707808226.,,spam,uci_sms_spam_collection,en
LOL ... No just was busy,,ham,uci_sms_spam_collection,en
What * u wearing?,,ham,uci_sms_spam_collection,en
Oh:)as usual vijay film or its different?,,ham,uci_sms_spam_collection,en
I don't know u and u don't know me. Send CHAT to 86688 now and let's find each other! Only 150p/Msg rcvd. HG/Suite342/2Lands/Row/W1J6HL LDN. 18 years or over.,,spam,uci_sms_spam_collection,en
Have you had a good day? Mine was really busy are you up to much tomorrow night?,,ham,uci_sms_spam_collection,en
And is there a way you can send shade's stuff to her. And she has been wonderful too.,,ham,uci_sms_spam_collection,en
Really... I tot ur paper ended long ago... But wat u copied jus now got use? U happy lar... I still haf 2 study :-(,,ham,uci_sms_spam_collection,en
"Thank you, winner notified by sms. Good Luck! No future marketing reply STOP to 84122 customer services 08450542832",,spam,uci_sms_spam_collection,en
Babe ? I lost you ... :-(,,ham,uci_sms_spam_collection,en
Ok... Help me ask if she's working tmr a not?,,ham,uci_sms_spam_collection,en
I'm not driving... Raining! Then i'll get caught at e mrt station lor.,,ham,uci_sms_spam_collection,en
Not a drop in the tank,,ham,uci_sms_spam_collection,en
(That said can you text him one more time?),,ham,uci_sms_spam_collection,en
Ok i go change also...,,ham,uci_sms_spam_collection,en
1000's of girls many local 2 u who r virgins 2 this & r ready 2 4fil ur every sexual need. Can u 4fil theirs? text CUTE to 69911(å£1.50p. m),,spam,uci_sms_spam_collection,en
Did u find a sitter for kaitlyn? I was sick and slept all day yesterday.,,ham,uci_sms_spam_collection,en
"Sorry man, accidentally left my phone on silent last night and didn't check it til I got up",,ham,uci_sms_spam_collection,en
Hey.. Something came up last min.. Think i wun be signing up tmr.. Hee,,ham,uci_sms_spam_collection,en
He's an adult and would learn from the experience. There's no real danger. I just dont like peeps using drugs they dont need. But no comment,,ham,uci_sms_spam_collection,en
Hey! There's veggie pizza... :/,,ham,uci_sms_spam_collection,en
Yun buying... But school got offer 2000 plus only...,,ham,uci_sms_spam_collection,en
You sure your neighbors didnt pick it up,,ham,uci_sms_spam_collection,en
K. I will sent it again,,ham,uci_sms_spam_collection,en
Well. Im computerless. Time to make some oreo truffles,,ham,uci_sms_spam_collection,en
"Haha yeah I see that now, be there in a sec",,ham,uci_sms_spam_collection,en
I am not having her number sir,,ham,uci_sms_spam_collection,en
Lol now I'm after that hot air balloon!,,ham,uci_sms_spam_collection,en
Ok . . now i am in bus. . If i come soon i will come otherwise tomorrow,,ham,uci_sms_spam_collection,en
Msgs r not time pass.They silently say that I am thinking of U right now and also making U think of me at least 4 a moment. Gd nt.swt drms @Shesil,,ham,uci_sms_spam_collection,en
"Yeah, we can probably swing by once my roommate finishes up with his girl",,ham,uci_sms_spam_collection,en
"Got what it takes 2 take part in the WRC Rally in Oz? U can with Lucozade Energy! Text RALLY LE to 61200 (25p), see packs or lucozade.co.uk/wrc & itcould be u!",,spam,uci_sms_spam_collection,en
Happy new years melody!,,ham,uci_sms_spam_collection,en
ÌÏ dun need to pick ur gf?,,ham,uci_sms_spam_collection,en
Yay! You better not have told that to 5 other girls either.,,ham,uci_sms_spam_collection,en
Horrible u eat macs eat until u forgot abt me already rite... U take so long 2 reply. I thk it's more toot than b4 so b prepared. Now wat shall i eat?,,ham,uci_sms_spam_collection,en
"Did he say how fantastic I am by any chance, or anything need a bigger life lift as losing the will 2 live, do you think I would be the first person 2 die from N V Q? ",,ham,uci_sms_spam_collection,en
Just nw i came to hme da..,,ham,uci_sms_spam_collection,en
"I'm outside islands, head towards hard rock and you'll run into me",,ham,uci_sms_spam_collection,en
To day class is there are no class.,,ham,uci_sms_spam_collection,en
I'm in chennai velachery:),,ham,uci_sms_spam_collection,en
You flippin your shit yet?,,ham,uci_sms_spam_collection,en
"K give me a sec, breaking a  &lt;#&gt;  at cstore",,ham,uci_sms_spam_collection,en
Am i that much bad to avoid like this?,,ham,uci_sms_spam_collection,en
"Yo, you around? Just got my car back",,ham,uci_sms_spam_collection,en
Annoying isn't it.,,ham,uci_sms_spam_collection,en
"Goodmorning, Today i am late for  &lt;#&gt; min.",,ham,uci_sms_spam_collection,en
There's no point hangin on to mr not right if he's not makin u happy,,ham,uci_sms_spam_collection,en
All will come alive.better correct any good looking figure there itself..,,ham,uci_sms_spam_collection,en
In that case I guess I'll see you at campus lodge,,ham,uci_sms_spam_collection,en
We're done...,,ham,uci_sms_spam_collection,en
Come to my home for one last time i wont do anything. Trust me.,,ham,uci_sms_spam_collection,en
I was up all night too worrying about this appt. It's a shame we missed a girls night out with quizzes popcorn and you doing my hair.,,ham,uci_sms_spam_collection,en
Sex up ur mobile with a FREE sexy pic of Jordan! Just text BABE to 88600. Then every wk get a sexy celeb! PocketBabe.co.uk 4 more pics. 16 å£3/wk 087016248,,spam,uci_sms_spam_collection,en
Ok... C ya...,,ham,uci_sms_spam_collection,en
You have 1 new voicemail. Please call 08719181503,,spam,uci_sms_spam_collection,en
What he said is not the matter. My mind saying some other matter is there.,,ham,uci_sms_spam_collection,en
"Al he does is moan at me if n e thin goes wrong its my fault&al de arguments r my fault&fed up of him of himso y bother? Hav 2go, thanx.xx",,ham,uci_sms_spam_collection,en
NEFT Transaction with reference number  &lt;#&gt;  for Rs. &lt;DECIMAL&gt;  has been credited to the beneficiary account on  &lt;#&gt;  at  &lt;TIME&gt; : &lt;#&gt;,,ham,uci_sms_spam_collection,en
Otherwise had part time job na-tuition..,,ham,uci_sms_spam_collection,en
I know she called me,,ham,uci_sms_spam_collection,en
"Me also da, i feel yesterday night  wait til 2day night dear.",,ham,uci_sms_spam_collection,en
Thanks for understanding. I've been trying to tell sura that.,,ham,uci_sms_spam_collection,en
WIN a year supply of CDs 4 a store of ur choice worth å£500 & enter our å£100 Weekly draw txt MUSIC to 87066 Ts&Cs www.Ldew.com.subs16+1win150ppmx3,,spam,uci_sms_spam_collection,en
The whole car appreciated the last two! Dad and are having a map reading semi argument but apart from that things are going ok. P.,,ham,uci_sms_spam_collection,en
"As a SIM subscriber, you are selected to receive a Bonus! Get it delivered to your door, Txt the word OK to No: 88600 to claim. 150p/msg, EXP. 30Apr",,spam,uci_sms_spam_collection,en
I need you to be in my strong arms...,,ham,uci_sms_spam_collection,en
Also maaaan are you missing out,,ham,uci_sms_spam_collection,en
His bday real is in april .,,ham,uci_sms_spam_collection,en
Guessin you ain't gonna be here before 9?,,ham,uci_sms_spam_collection,en
Ok then i will come to ur home after half an hour,,ham,uci_sms_spam_collection,en
"Yo, the game almost over? Want to go to walmart soon",,ham,uci_sms_spam_collection,en
"Yeah, probably but not sure. Ilol let u know, but personally I wuldnt bother, then again if ur goin to then I mite as well!!",,ham,uci_sms_spam_collection,en
I'll text now! All creepy like so he won't think that we forgot,,ham,uci_sms_spam_collection,en
"that would be good Û_ I'll phone you tomo lunchtime, shall I, to organise something?",,ham,uci_sms_spam_collection,en
You have 1 new voicemail. Please call 08719181513.,,spam,uci_sms_spam_collection,en
"Damn, can you make it tonight or do you want to just wait til tomorrow",,ham,uci_sms_spam_collection,en
K..k..i'm also fine:)when will you complete the course?,,ham,uci_sms_spam_collection,en
"True. It is passable. And if you get a high score and apply for phd, you get 5years of salary. So it makes life easier.",,ham,uci_sms_spam_collection,en
No. 1 Nokia Tone 4 ur mob every week! Just txt NOK to 87021. 1st Tone FREE ! so get txtin now and tell ur friends. 150p/tone. 16 reply HL 4info,,spam,uci_sms_spam_collection,en
Prakesh is there know.,,ham,uci_sms_spam_collection,en
Teach me apps da. When you come to college.,,ham,uci_sms_spam_collection,en
Rofl betta invest in some  anti aging products,,ham,uci_sms_spam_collection,en
"sir, you will receive the account no another 1hr time. Sorry for the delay.",,ham,uci_sms_spam_collection,en
Reply with your name and address and YOU WILL RECEIVE BY POST a weeks completely free accommodation at various global locations www.phb1.com ph:08700435505150p,,spam,uci_sms_spam_collection,en
So Ì_'ll be submitting da project tmr rite?,,ham,uci_sms_spam_collection,en
FREE entry into our å£250 weekly comp just send the word ENTER to 84128 NOW. 18 T&C www.textcomp.com cust care 08712405020.,,spam,uci_sms_spam_collection,en
Jus ans me lar. U'll noe later.,,ham,uci_sms_spam_collection,en
I want to send something that can sell fast.  &lt;#&gt; k is not easy money.,,ham,uci_sms_spam_collection,en
have got * few things to do. may be in * pub later.,,ham,uci_sms_spam_collection,en
1's finish meeting call me.,,ham,uci_sms_spam_collection,en
Lol ok. I'll snatch her purse too.,,ham,uci_sms_spam_collection,en
"\Hello-/@drivby-:0quit edrunk sorry iff pthis makes no senrd-dnot no how ^ dancce 2 drum n basq!ihave fun 2nhite x ros xxxxxxx\""""",,ham,uci_sms_spam_collection,en
How much are we getting?,,ham,uci_sms_spam_collection,en
Is ur paper in e morn or aft tmr?,,ham,uci_sms_spam_collection,en
"Dear relieved of westonzoyland, all going to plan this end too!",,ham,uci_sms_spam_collection,en
Hope you are having a great new semester. Do wish you the very best. You are made for greatness.,,ham,uci_sms_spam_collection,en
Oh yes I can speak txt 2 u no! Hmm. Did u get  email?,,ham,uci_sms_spam_collection,en
"I want to show you the world, princess :) how about europe?",,ham,uci_sms_spam_collection,en
Nobody can decide where to eat and dad wants Chinese,,ham,uci_sms_spam_collection,en
No shoot me. I'm in the docs waiting room. :/,,ham,uci_sms_spam_collection,en
Now? I'm going out 4 dinner soon..,,ham,uci_sms_spam_collection,en
Hello which the site to download songs its urgent pls,,ham,uci_sms_spam_collection,en
"I do know what u mean,  is the king of not havin credit! I'm goin2bed now. Night night sweet! Only1more sleep! ",,ham,uci_sms_spam_collection,en
Horrible gal. Me in sch doing some stuff. How come u got mc?,,ham,uci_sms_spam_collection,en
"HI HUN! IM NOT COMIN 2NITE-TELL EVERY1 IM SORRY 4 ME, HOPE U AVA GOODTIME!OLI RANG MELNITE IFINK IT MITE B SORTED,BUT IL EXPLAIN EVERYTHIN ON MON.L8RS.x",,ham,uci_sms_spam_collection,en
Please CALL 08712402779 immediately as there is an urgent message waiting for you,,spam,uci_sms_spam_collection,en
Yeah like if it goes like it did with my friends imma flip my shit in like half an hour,,ham,uci_sms_spam_collection,en
Mum say we wan to go then go... Then she can shun bian watch da glass exhibition... ,,ham,uci_sms_spam_collection,en
What your plan for pongal?,,ham,uci_sms_spam_collection,en
Just wait till end of march when el nino gets himself. Oh.,,ham,uci_sms_spam_collection,en
"Not yet chikku..going to room nw, i'm in bus..",,ham,uci_sms_spam_collection,en
Am also doing in cbe only. But have to pay.,,ham,uci_sms_spam_collection,en
Honey boo I'm missing u.,,ham,uci_sms_spam_collection,en
"We have sent JD for Customer Service cum Accounts Executive to ur mail id, For details contact us",,ham,uci_sms_spam_collection,en
"Yo, I'm at my parents' gettin cash. Good news: we picked up a downstem",,ham,uci_sms_spam_collection,en
"Thank you so much. When we skyped wit kz and sura, we didnt get the pleasure of your company. Hope you are good. We've given you ultimatum oh! We are countin down to aburo. Enjoy!",,ham,uci_sms_spam_collection,en
"Hungry gay guys feeling hungry and up 4 it, now. Call 08718730555 just 10p/min. To stop texts call 08712460324 (10p/min)",,spam,uci_sms_spam_collection,en
Ok. No wahala. Just remember that a friend in need ...,,ham,uci_sms_spam_collection,en
I will see in half an hour,,ham,uci_sms_spam_collection,en
"Im in inperialmusic listening2the weirdest track ever byåÓleafcutter johnåÓ-sounds like insects being molested&someone plumbing,remixed by evil men on acid!",,ham,uci_sms_spam_collection,en
\Hey sorry I didntgive ya a a bellearlier hunny,,ham,uci_sms_spam_collection,en
SERIOUSLY. TELL HER THOSE EXACT WORDS RIGHT NOW.,,ham,uci_sms_spam_collection,en
Can U get 2 phone NOW? I wanna chat 2 set up meet Call me NOW on 09096102316 U can cum here 2moro Luv JANE xx Callså£1/minmoremobsEMSPOBox45PO139WA,,spam,uci_sms_spam_collection,en
"Tee hee. Off to lecture, cheery bye bye.",,ham,uci_sms_spam_collection,en
"Sorry chikku, my cell got some problem thts y i was nt able to reply u or msg u..",,ham,uci_sms_spam_collection,en
If you still havent collected the dough pls let me know so i can go to the place i sent it to get the control number,,ham,uci_sms_spam_collection,en
Ok...,,ham,uci_sms_spam_collection,en
network operator. The service is free. For T & C's visit 80488.biz,,spam,uci_sms_spam_collection,en
Let me know how to contact you. I've you settled in a room. Lets know you are ok.,,ham,uci_sms_spam_collection,en
Wot u up 2 u weirdo?,,ham,uci_sms_spam_collection,en
Can do lor...,,ham,uci_sms_spam_collection,en
Dont put your phone on silent mode ok,,ham,uci_sms_spam_collection,en
Can i meet Ì_ at 5.. As 4 where depends on where Ì_ wan 2 in lor..,,ham,uci_sms_spam_collection,en
Waiting 4 my tv show 2 start lor... U leh still busy doing ur report?,,ham,uci_sms_spam_collection,en
Oh ho. Is this the first time u use these type of words,,ham,uci_sms_spam_collection,en
Am I the only one who doesn't stalk profiles?,,ham,uci_sms_spam_collection,en
"Ever green quote ever told by Jerry in cartoon \A Person Who Irritates u Always Is the one Who Loves u Vry Much But Fails to Express It...!..!! :-) :-) gud nyt""",,ham,uci_sms_spam_collection,en
Yes i thought so. Thanks.,,ham,uci_sms_spam_collection,en
But if she.s drinkin i'm ok.,,ham,uci_sms_spam_collection,en
"Just wondering, the others just took off",,ham,uci_sms_spam_collection,en
"Night has ended for another day, morning has come in a special way. May you smile like the sunny rays and leaves your worries at the blue blue bay. Gud mrng",,ham,uci_sms_spam_collection,en
"What do you do, my dog ? Must I always wait till the end of your day to have word from you ? Did you run out of time on your cell already?",,ham,uci_sms_spam_collection,en
Happy new year to u too!,,ham,uci_sms_spam_collection,en
"Hey...Great deal...Farm tour 9am to 5pm $95/pax, $50 deposit by 16 May",,ham,uci_sms_spam_collection,en
Eat jap done oso aft ur lect wat... ÌÏ got lect at 12 rite... ,,ham,uci_sms_spam_collection,en
"Hey babe! I saw you came online for a second and then you disappeared, what happened ?",,ham,uci_sms_spam_collection,en
Da my birthdate in certificate is in april but real date is today. But dont publish it. I shall give you a special treat if you keep the secret. Any way thanks for the wishes,,ham,uci_sms_spam_collection,en
Happy birthday... May all ur dreams come true...,,ham,uci_sms_spam_collection,en
Aiyah u did ok already lar. E nydc at wheellock?,,ham,uci_sms_spam_collection,en
TELL HER I SAID EAT SHIT.,,ham,uci_sms_spam_collection,en
Sure! I am driving but will reach my destination soon.,,ham,uci_sms_spam_collection,en
"K so am I, how much for an 8th? Fifty?",,ham,uci_sms_spam_collection,en
Your daily text from me ÛÒ a favour this time,,ham,uci_sms_spam_collection,en
Great to hear you are settling well. So what's happenin wit ola?,,ham,uci_sms_spam_collection,en
Those cocksuckers. If it makes you feel better ipads are worthless garbage novelty items and you should feel bad for even wanting one,,ham,uci_sms_spam_collection,en
I tot u reach liao. He said t-shirt.,,ham,uci_sms_spam_collection,en
"FRAN I DECIDED 2 GO N E WAY IM COMPLETELY BROKE AN KNACKERED I GOT UP BOUT 3 C U 2MRW LOVE JANX P.S THIS IS MY DADS FONE, -NO CREDIT",,ham,uci_sms_spam_collection,en
Your right! I'll make the appointment right now.,,ham,uci_sms_spam_collection,en
Designation is software developer and may be she get chennai:),,ham,uci_sms_spam_collection,en
Enjoy the jamster videosound gold club with your credits for 2 new videosounds+2 logos+musicnews! get more fun from jamster.co.uk! 16+only Help? call: 09701213186 ,,spam,uci_sms_spam_collection,en
"Get 3 Lions England tone, reply lionm 4 mono or lionp 4 poly. 4 more go 2 www.ringtones.co.uk, the original n best. Tones 3GBP network operator rates apply",,spam,uci_sms_spam_collection,en
I jokin oni lar.. ÌÏ busy then i wun disturb Ì_.,,ham,uci_sms_spam_collection,en
"Ok, be careful ! Don't text and drive !",,ham,uci_sms_spam_collection,en
"I.ll always be there, even if its just in spirit. I.ll get a bb soon. Just trying to be sure i need it.",,ham,uci_sms_spam_collection,en
U r too much close to my heart. If u go away i will be shattered. Plz stay with me.,,ham,uci_sms_spam_collection,en
I love u 2 babe! R u sure everything is alrite. Is he being an idiot? Txt bak girlie,,ham,uci_sms_spam_collection,en
How abt making some of the pics bigger?,,ham,uci_sms_spam_collection,en
Got but got 2 colours lor. One colour is quite light n e other is darker lor. Actually i'm done she's styling my hair now.,,ham,uci_sms_spam_collection,en
"Whenevr ur sad, Whenevr ur gray, Remembr im here 2 listn 2 watevr u wanna say, Jus walk wid me a little while,&amp; I promise I'll bring back ur smile.:-)",,ham,uci_sms_spam_collection,en
Why nothing. Ok anyway give me treat,,ham,uci_sms_spam_collection,en
"Win the newest ÛÏHarry Potter and the Order of the Phoenix (Book 5) reply HARRY, answer 5 questions - chance to be the first among readers!",,spam,uci_sms_spam_collection,en
Correct. So how was work today,,ham,uci_sms_spam_collection,en
"Just sent again. Do you scream and moan in bed, princess?",,ham,uci_sms_spam_collection,en
"I wake up long ago already... Dunno, what other thing?",,ham,uci_sms_spam_collection,en
Oh just getting even with u.... u?,,ham,uci_sms_spam_collection,en
I thk 50 shd be ok he said plus minus 10.. Did Ì_ leave a line in between paragraphs?,,ham,uci_sms_spam_collection,en
Can you call me plz. Your number shows out of coveragd area. I have urgnt call in vasai &amp; have to reach before 4'o clock so call me plz,,ham,uci_sms_spam_collection,en
Yeah jay's sort of a fucking retard,,ham,uci_sms_spam_collection,en
"Sorry, was in the bathroom, sup",,ham,uci_sms_spam_collection,en
Ur balance is now å£500. Ur next question is: Who sang 'Uptown Girl' in the 80's ? 2 answer txt ur ANSWER to 83600. Good luck!,,spam,uci_sms_spam_collection,en
My exam is for february 4. Wish you a great day.,,ham,uci_sms_spam_collection,en
I dont know what to do to come out of this so only am ask questions like this dont mistake me.,,ham,uci_sms_spam_collection,en
"Aight no rush, I'll ask jay",,ham,uci_sms_spam_collection,en
Good Morning plz call me sir,,ham,uci_sms_spam_collection,en
It's ok lar. U sleep early too... Nite...,,ham,uci_sms_spam_collection,en
"Oh... Icic... K lor, den meet other day...",,ham,uci_sms_spam_collection,en
"Oh ! A half hour is much longer in Syria than Canada, eh ? Wow you must get SO much more work done in a day than us with all that extra time ! *grins*",,ham,uci_sms_spam_collection,en
"Sometimes we put walls around our hearts,not just to be safe from getting hurt.. But to find out who cares enough to break the walls &amp; get closer.. GOODNOON:)",,ham,uci_sms_spam_collection,en
"Sweet, we may or may not go to 4U to meet carlos so gauge patty's interest in that",,ham,uci_sms_spam_collection,en
Then she buying today? ÌÏ no need to c meh...,,ham,uci_sms_spam_collection,en
Aight sorry I take ten years to shower. What's the plan?,,ham,uci_sms_spam_collection,en
Every monday..nxt week vl be completing..,,ham,uci_sms_spam_collection,en
Might ax well im there.,,ham,uci_sms_spam_collection,en
Just chill for another 6hrs. If you could sleep the pain is not a surgical emergency so see how it unfolds. Okay,,ham,uci_sms_spam_collection,en
Yeah I'll try to scrounge something up,,ham,uci_sms_spam_collection,en
Crazy ar he's married. ÌÏ like gd looking guys not me. My frens like say he's korean leona's fave but i dun thk he is. Aft some thinking mayb most prob i'll go.,,ham,uci_sms_spam_collection,en
Were somewhere on Fredericksburg,,ham,uci_sms_spam_collection,en
Que pases un buen tiempo or something like that,,ham,uci_sms_spam_collection,en
Is it ok if I stay the night here? Xavier has a sleeping bag and I'm getting tired,,ham,uci_sms_spam_collection,en
She doesnt need any test.,,ham,uci_sms_spam_collection,en
"Nothing much, chillin at home. Any super bowl plan?",,ham,uci_sms_spam_collection,en
"FREE2DAY sexy St George's Day pic of Jordan!Txt PIC to 89080 dont miss out, then every wk a saucy celeb!4 more pics c PocketBabe.co.uk 0870241182716 å£3/wk",,spam,uci_sms_spam_collection,en
Bugis oso near wat... ,,ham,uci_sms_spam_collection,en
Yo theres no class tmrw right?,,ham,uci_sms_spam_collection,en
Let Ur Heart Be Ur Compass Ur Mind Ur Map Ur Soul Ur Guide And U Will Never loose in world....gnun - Sent via WAY2SMS.COM,,ham,uci_sms_spam_collection,en
"Goodnight, sleep well da please take care pa. Please.",,ham,uci_sms_spam_collection,en
Baaaaabe! I misss youuuuu ! Where are you ? I have to go and teach my class at 5 ...,,ham,uci_sms_spam_collection,en
U ned to convince him tht its not possible witot hurting his feeling its the main,,ham,uci_sms_spam_collection,en
"Good afternoon loverboy ! How goes you day ? Any luck come your way? I think of you, sweetie and send my love across the sea to make you smile and happy",,ham,uci_sms_spam_collection,en
If i start sending blackberry torch to nigeria will you find buyer for me?like 4a month. And tell dad not to buy bb from anyone oh.,,ham,uci_sms_spam_collection,en
"&lt;#&gt; %of pple marry with their lovers... becz they hav gud undrstndng dat avoids problems. i sent dis 2 u, u wil get gud news on friday by d person you like. And tomorrow will be the best day of your life. Dont break this chain. If you break you will suffer. send this to  &lt;#&gt;  frnds in &lt;#&gt;  mins whn u read...",,ham,uci_sms_spam_collection,en
Yo dude guess who just got arrested the other day,,ham,uci_sms_spam_collection,en
Shuhui say change 2 suntec steamboat? U noe where? Where r u now?,,ham,uci_sms_spam_collection,en
What does the dance river do?,,ham,uci_sms_spam_collection,en
"Yetunde, i'm sorry but moji and i seem too busy to be able to go shopping. Can you just please find some other way to get what you wanted us to get. Please forgive me. You can reply free via yahoo messenger.",,ham,uci_sms_spam_collection,en
Hey i will be really pretty late... You want to go for the lesson first? I will join you. I'm only reaching tp mrt,,ham,uci_sms_spam_collection,en
"HOT LIVE FANTASIES call now 08707509020 Just 20p per min NTT Ltd, PO Box 1327 Croydon CR9 5WB 0870..k",,spam,uci_sms_spam_collection,en
Bbq this sat at mine from 6ish. Ur welcome 2 come,,ham,uci_sms_spam_collection,en
"I don't know, same thing that's wrong everyso often, he panicks starts goin on bout not bein good enough Û_",,ham,uci_sms_spam_collection,en
Alright. I'm out--have a good night!,,ham,uci_sms_spam_collection,en
Did you try making another butt.,,ham,uci_sms_spam_collection,en
Hope you are feeling great. Pls fill me in. Abiola,,ham,uci_sms_spam_collection,en
I though we shd go out n have some fun so bar in town or something ÛÒ sound ok?,,ham,uci_sms_spam_collection,en
"1) Go to write msg 2) Put on Dictionary mode 3)Cover the screen with hand, 4)Press  &lt;#&gt; . 5)Gently remove Ur hand.. Its interesting..:)",,ham,uci_sms_spam_collection,en
"Bears Pic Nick, and Tom, Pete and ... Dick. In fact, all types try gay chat with photo upload call 08718730666 (10p/min). 2 stop texts call 08712460324",,spam,uci_sms_spam_collection,en
"500 New Mobiles from 2004, MUST GO! Txt: NOKIA to No: 89545 & collect yours today!From ONLY å£1 www.4-tc.biz 2optout 087187262701.50gbp/mtmsg18 TXTAUCTION",,spam,uci_sms_spam_collection,en
We're finally ready fyi,,ham,uci_sms_spam_collection,en
Auntie huai juan never pick up her phone,,ham,uci_sms_spam_collection,en
Double Mins & Double Txt & 1/2 price Linerental on Latest Orange Bluetooth mobiles. Call MobileUpd8 for the very latest offers. 08000839402 or call2optout/LF56,,spam,uci_sms_spam_collection,en
"Ya tel, wats ur problem..",,ham,uci_sms_spam_collection,en
i dnt wnt to tlk wid u,,ham,uci_sms_spam_collection,en
"We spend our days waiting for the ideal path to appear in front of us.. But what we forget is.. \paths are made by walking.. not by waiting..\"" Goodnight!""",,ham,uci_sms_spam_collection,en
Its ok my arm is feeling weak cuz i got a shot so we can go another time,,ham,uci_sms_spam_collection,en
Please reserve ticket on saturday eve from chennai to thirunelvali and again from tirunelvali to chennai on sunday eve...i already see in net..no ticket available..i want to book ticket through tackle ..,,ham,uci_sms_spam_collection,en
"Storming msg: Wen u lift d phne, u say \HELLO\"" Do u knw wt is d real meaning of HELLO?? . . . It's d name of a girl..! . . . Yes.. And u knw who is dat girl?? \""Margaret Hello\"" She is d girlfrnd f Grahmbell who invnted telphone... . . . . Moral:One can 4get d name of a person",,ham,uci_sms_spam_collection,en
That's ok. I popped in to ask bout something and she said you'd been in. Are you around tonght wen this girl comes?,,ham,uci_sms_spam_collection,en
All e best 4 ur exam later.,,ham,uci_sms_spam_collection,en
Hope ur head doesn't hurt 2 much ! Am ploughing my way through a pile of ironing ! Staying in with a chinky tonight come round if you like.,,ham,uci_sms_spam_collection,en
Oh k.i think most of wi and nz players unsold.,,ham,uci_sms_spam_collection,en
"Haha... Where got so fast lose weight, thk muz go 4 a month den got effect... Gee,later we go aust put bk e weight.",,ham,uci_sms_spam_collection,en
"I wonder how you got online, my love ? Had you gone to the net cafe ? Did you get your phone recharged ? Were you on a friends net ? I think of you, boytoy",,ham,uci_sms_spam_collection,en
"Haha just kidding, papa needs drugs",,ham,uci_sms_spam_collection,en
"Thk shld b can... Ya, i wana go 4 lessons... Haha, can go for one whole stretch...",,ham,uci_sms_spam_collection,en
Oh ok..,,ham,uci_sms_spam_collection,en
R we still meeting 4 dinner tonight?,,ham,uci_sms_spam_collection,en
Thats cool! I am a gentleman and will treat you with dignity and respect.,,ham,uci_sms_spam_collection,en
Shall i start from hear.,,ham,uci_sms_spam_collection,en
Then we wait 4 u lor... No need 2 feel bad lar...,,ham,uci_sms_spam_collection,en
No did you check? I got his detailed message now,,ham,uci_sms_spam_collection,en
You have registered Sinco as Payee. Log in at icicibank.com and enter URN  &lt;#&gt;  to confirm. Beware of frauds. Do NOT share or disclose URN to anyone.,,ham,uci_sms_spam_collection,en
"No, I decided that only people who care about stuff vote and caring about stuff is for losers",,ham,uci_sms_spam_collection,en
Kaiez... Enjoy ur tuition... Gee... Thk e second option sounds beta... I'll go yan jiu den msg u...,,ham,uci_sms_spam_collection,en
cool. We will have fun practicing making babies!,,ham,uci_sms_spam_collection,en
Actually getting ready to leave the house.,,ham,uci_sms_spam_collection,en
K..k..any special today?,,ham,uci_sms_spam_collection,en
"URGENT, IMPORTANT INFORMATION FOR O2 USER. TODAY IS YOUR LUCKY DAY! 2 FIND OUT WHY LOG ONTO HTTP://WWW.URAWINNER.COM THERE IS A FANTASTIC SURPRISE AWAITING FOR YOU",,spam,uci_sms_spam_collection,en
Then we gotta do it after that,,ham,uci_sms_spam_collection,en
"I've got ten bucks, jay is being noncomittal",,ham,uci_sms_spam_collection,en
Where at were hungry too,,ham,uci_sms_spam_collection,en
Pls speak to that customer machan.,,ham,uci_sms_spam_collection,en
somewhere out there beneath the pale moon light someone think in of u some where out there where dreams come true... goodnite &amp; sweet dreams,,ham,uci_sms_spam_collection,en
Dear U've been invited to XCHAT. This is our final attempt to contact u! Txt CHAT to 86688 150p/MsgrcvdHG/Suite342/2Lands/Row/W1J6HL LDN 18 yrs,,spam,uci_sms_spam_collection,en
So wats ur opinion abt him and how abt is character?,,ham,uci_sms_spam_collection,en
Jay is snickering and tells me that x is totally fucking up the chords as we speak,,ham,uci_sms_spam_collection,en
No..few hours before.went to hair cut .,,ham,uci_sms_spam_collection,en
No wonder... Cos i dun rem seeing a silver car... But i thk i saw a black one...,,ham,uci_sms_spam_collection,en
Lmao. Take a pic and send it to me.,,ham,uci_sms_spam_collection,en
"\Speak only when you feel your words are better than the silence...\"" Gud mrng:-)""",,ham,uci_sms_spam_collection,en
No. She's currently in scotland for that.,,ham,uci_sms_spam_collection,en
Do you work all this week ?,,ham,uci_sms_spam_collection,en
Congratulations ur awarded either å£500 of CD gift vouchers & Free entry 2 our å£100 weekly draw txt MUSIC to 87066 TnCs www.Ldew.com 1 win150ppmx3age16,,spam,uci_sms_spam_collection,en
Lol great now im getting hungry.,,ham,uci_sms_spam_collection,en
Yes.. now only saw your message..,,ham,uci_sms_spam_collection,en
I'll be at mu in like  &lt;#&gt;  seconds,,ham,uci_sms_spam_collection,en
THING R GOOD THANX GOT EXAMS IN MARCH IVE DONE NO REVISION? IS FRAN STILL WITH BOYF? IVE GOTTA INTERVIW 4 EXETER BIT WORRIED!x,,ham,uci_sms_spam_collection,en
"Tell you what, if you make a little spreadsheet and track whose idea it was to smoke to determine who \smokes too much\"" for the entire month of february",,ham,uci_sms_spam_collection,en
For sale - arsenal dartboard. Good condition but no doubles or trebles!,,spam,uci_sms_spam_collection,en
Don't look back at the building because you have no coat and i don't want you to get more sick. Just hurry home and wear a coat to the gym!!!,,ham,uci_sms_spam_collection,en
"My painful personal thought- \I always try to keep everybody happy all the time. But nobody recognises me when i am alone\""""",,ham,uci_sms_spam_collection,en
Thanks for ve lovely wisheds. You rock,,ham,uci_sms_spam_collection,en
You intrepid duo you! Have a great time and see you both soon. ,,ham,uci_sms_spam_collection,en
I asked sen to come chennai and search for job.,,ham,uci_sms_spam_collection,en
Dad went out oredi... ,,ham,uci_sms_spam_collection,en
"I jus hope its true that  missin me cos i'm really missin him! You haven't done anything to feel guilty about, yet.",,ham,uci_sms_spam_collection,en
Wat so late still early mah. Or we juz go 4 dinner lor. Aiya i dunno...,,ham,uci_sms_spam_collection,en
"Arms fine, how's Cardiff and uni? ",,ham,uci_sms_spam_collection,en
In fact when do you leave? I think addie goes back to school tues or wed,,ham,uci_sms_spam_collection,en
"Cool breeze... Bright sun... Fresh flower... Twittering birds... All these waiting to wish u: \GOODMORNING &amp; HAVE A NICE DAY\"" :)""",,ham,uci_sms_spam_collection,en
Ya:)going for restaurant..,,ham,uci_sms_spam_collection,en
"Its ok., i just askd did u knw tht no?",,ham,uci_sms_spam_collection,en
Free 1st week entry 2 TEXTPOD 4 a chance 2 win 40GB iPod or å£250 cash every wk. Txt POD to 84128 Ts&Cs www.textpod.net custcare 08712405020.,,spam,uci_sms_spam_collection,en
Those ducking chinchillas,,ham,uci_sms_spam_collection,en
I am in a marriage function,,ham,uci_sms_spam_collection,en
Looks like u wil b getting a headstart im leaving here bout 2.30ish but if u r desperate for my company I could head in earlier-we were goin to meet in rummer.,,ham,uci_sms_spam_collection,en
DonÛ÷t give a flying monkeys wot they think and I certainly donÛ÷t mind. Any friend of mine and all that!,,ham,uci_sms_spam_collection,en
As a registered optin subscriber ur draw 4 å£100 gift voucher will be entered on receipt of a correct ans to 80062 Whats No1 in the BBC charts,,spam,uci_sms_spam_collection,en
say thanks2. ,,ham,uci_sms_spam_collection,en
Msg me when rajini comes.,,ham,uci_sms_spam_collection,en
Ya! when are Ì_ taking ure practical lessons? I start in june..  ,,ham,uci_sms_spam_collection,en
"That's good, because I need drugs",,ham,uci_sms_spam_collection,en
Stupid.its not possible,,ham,uci_sms_spam_collection,en
Can Ì_ all decide faster cos my sis going home liao..,,ham,uci_sms_spam_collection,en
Summers finally here! Fancy a chat or flirt with sexy singles in yr area? To get MATCHED up just reply SUMMER now. Free 2 Join. OptOut txt STOP Help08714742804,,spam,uci_sms_spam_collection,en
U sleeping now.. Or you going to take? Haha.. I got spys wat.. Me online checking n replying mails lor..,,ham,uci_sms_spam_collection,en
CLAIRE here am havin borin time & am now alone U wanna cum over 2nite? Chat now 09099725823 hope 2 C U Luv CLAIRE xx Callså£1/minmoremobsEMSPOBox45PO139WA,,spam,uci_sms_spam_collection,en
Bought one ringtone and now getting texts costing 3 pound offering more tones etc,,spam,uci_sms_spam_collection,en
"Yalru lyfu astne chikku.. Bt innu mundhe lyf ali halla ke bilo (marriage)program edhae, so lyf is nt yet ovr chikku..ali vargu lyfu meow meow:-D",,ham,uci_sms_spam_collection,en
Kinda. First one gets in at twelve! Aah. Speak tomo,,ham,uci_sms_spam_collection,en
"09066362231 URGENT! Your mobile No 07xxxxxxxxx won a å£2,000 bonus caller prize on 02/06/03! this is the 2nd attempt to reach YOU! call 09066362231 ASAP!",,spam,uci_sms_spam_collection,en
Ok good then i later come find Ì_... C lucky i told Ì_ to go earlier... Later pple take finish Ì_ no more again...,,ham,uci_sms_spam_collection,en
Wat makes u thk i'll fall down. But actually i thk i'm quite prone 2 falls. Lucky my dad at home i ask him come n fetch me already.,,ham,uci_sms_spam_collection,en
"YOU 07801543489 are guaranteed the latests Nokia Phone, a 40GB iPod MP3 player or a å£500 prize! Txt word:COLLECT to No:83355! TC-LLC NY-USA 150p/Mt msgrcvd18+",,spam,uci_sms_spam_collection,en
I wont touch you with out your permission.,,ham,uci_sms_spam_collection,en
Hi its LUCY Hubby at meetins all day Fri & I will B alone at hotel U fancy cumin over? Pls leave msg 2day 09099726395 Lucy x Callså£1/minMobsmoreLKPOBOX177HP51FL,,spam,uci_sms_spam_collection,en
"7 wonders in My WORLD 7th You 6th Ur style 5th Ur smile 4th Ur Personality 3rd Ur Nature 2nd Ur SMS and 1st \Ur Lovely Friendship\""... good morning dear""",,ham,uci_sms_spam_collection,en
Take some small dose tablet for fever,,ham,uci_sms_spam_collection,en
Oh. U must have taken your REAL Valentine out shopping first.,,ham,uci_sms_spam_collection,en
"Just sent you an email ÛÒ to an address with incomm in it, is that right?",,ham,uci_sms_spam_collection,en
"Will do, you gonna be at blake's all night? I might be able to get out of here a little early",,ham,uci_sms_spam_collection,en
"Friendship is not a game to play, It is not a word to say, It doesn\'t start on March and ends on May, It is tomorrow, yesterday, today and e",,ham,uci_sms_spam_collection,en
"Nice. Wait...should you be texting right now? I'm not gonna pay your ticket, ya know!",,ham,uci_sms_spam_collection,en
I'm watching lotr w my sis dis aft. So u wan 2 meet me 4 dinner at nite a not?,,ham,uci_sms_spam_collection,en
Why you keeping me away like this,,ham,uci_sms_spam_collection,en
I think its far more than that but find out. Check google maps for a place from your dorm.,,ham,uci_sms_spam_collection,en
My trip was ok but quite tiring lor. Uni starts today but it's ok 4 me cos i'm not taking any modules but jus concentrating on my final yr project.,,ham,uci_sms_spam_collection,en
Have you always been saying welp?,,ham,uci_sms_spam_collection,en
"I'm a guy, browsin is compulsory",,ham,uci_sms_spam_collection,en
Purity of friendship between two is not about smiling after reading the forwarded message..Its about smiling just by seeing the name. Gud evng musthu,,ham,uci_sms_spam_collection,en
"(I should add that I don't really care and if you can't I can at least get this dude to fuck off but hey, your money if you want it)",,ham,uci_sms_spam_collection,en
"Hello lover! How goes that new job? Are you there now? Are you happy? Do you think of me? I wake, my slave and send you a teasing kiss from across the sea",,ham,uci_sms_spam_collection,en
I told your number to gautham..,,ham,uci_sms_spam_collection,en
Tell them no need to investigate about me anywhere.,,ham,uci_sms_spam_collection,en
Ok i juz receive..,,ham,uci_sms_spam_collection,en
"Cant believe i said so many things to you this morning when all i really wanted to say was good morning, i love you! Have a beautiful morning. See you in the library later.",,ham,uci_sms_spam_collection,en
"Your account has been credited with 500 FREE Text Messages. To activate, just txt the word: CREDIT to No: 80488 T&Cs www.80488.biz",,spam,uci_sms_spam_collection,en
In the end she might still vomit but its okay. Not everything will come out.,,ham,uci_sms_spam_collection,en
How are you with moneY...as in to you...money aint a thing....how are you sha!,,ham,uci_sms_spam_collection,en
It has everything to do with the weather. Keep extra warm. Its a cold but nothing serious. Pls lots of vitamin c,,ham,uci_sms_spam_collection,en
Hey gals.. Anyone of u going down to e driving centre tmr?,,ham,uci_sms_spam_collection,en
I'm always on yahoo messenger now. Just send the message to me and i.ll get it you may have to send it in the mobile mode sha but i.ll get it. And will reply.,,ham,uci_sms_spam_collection,en
I'm putting it on now. It should be ready for  &lt;TIME&gt; ,,ham,uci_sms_spam_collection,en
"Time n Smile r the two crucial things in our life. Sometimes time makes us to forget smile, and sometimes someone's smile makes us to forget time gud noon",,ham,uci_sms_spam_collection,en
"SMS. ac JSco: Energy is high, but u may not know where 2channel it. 2day ur leadership skills r strong. Psychic? Reply ANS w/question. End? Reply END JSCO",,spam,uci_sms_spam_collection,en
Host-based IDPS for linux systems.,,ham,uci_sms_spam_collection,en
"HOT LIVE FANTASIES call now 08707509020 Just 20p per min NTT Ltd, PO Box 1327 Croydon CR9 5WB 0870 is a national rate call",,spam,uci_sms_spam_collection,en
Don no da:)whats you plan?,,ham,uci_sms_spam_collection,en
Ill be there on  &lt;#&gt;  ok.,,ham,uci_sms_spam_collection,en
Oh my God. I'm almost home,,ham,uci_sms_spam_collection,en
Total video converter free download type this in google search:),,ham,uci_sms_spam_collection,en
Thanks for the Vote. Now sing along with the stars with Karaoke on your mobile. For a FREE link just reply with SING now.,,spam,uci_sms_spam_collection,en
Sounds like something that someone testing me would sayy,,ham,uci_sms_spam_collection,en
When u love someone Dont make them to love u as much as u do. But Love them so much that they dont want to be loved by anyone except you... Gud nit.,,ham,uci_sms_spam_collection,en
"Pete,is this your phone still? Its Jenny from college and Leanne.what are you up to now?:)",,ham,uci_sms_spam_collection,en
Oops sorry. Just to check that you don't mind picking me up tomo at half eight from station. Would that be ok?,,ham,uci_sms_spam_collection,en
"Hey sweet, I was wondering when you had a moment if you might come to me ? I want to send a file to someone but it won't go over yahoo for them because their connection sucks, remember when you set up that page for me to go to and download the format disc ? Could you tell me how to do that ? Or do you know some other way to download big files ? Because they can download stuff directly from the internet. Any help would be great, my prey ... *teasing kiss*",,ham,uci_sms_spam_collection,en
Hows the champ just leaving glasgow!,,ham,uci_sms_spam_collection,en
K:)all the best:)congrats...,,ham,uci_sms_spam_collection,en
I wonder if you'll get this text?,,ham,uci_sms_spam_collection,en
I need to come home and give you some good lovin...,,ham,uci_sms_spam_collection,en
Our brand new mobile music service is now live. The free music player will arrive shortly. Just install on your phone to browse content from the top artists.,,spam,uci_sms_spam_collection,en
Shall i ask one thing if you dont mistake me.,,ham,uci_sms_spam_collection,en
Check wid corect speling i.e. Sarcasm,,ham,uci_sms_spam_collection,en
"URGENT! Your Mobile No was awarded a å£2,000 Bonus Caller Prize on 1/08/03! This is our 2nd attempt to contact YOU! Call 0871-4719-523 BOX95QU BT National Rate",,spam,uci_sms_spam_collection,en
Are you angry with me. What happen dear,,ham,uci_sms_spam_collection,en
I thk u dun haf 2 hint in e forum already lor... Cos i told ron n darren is going 2 tell shuhui.,,ham,uci_sms_spam_collection,en
Yup ok thanx...,,ham,uci_sms_spam_collection,en
Hi:)cts employee how are you?,,ham,uci_sms_spam_collection,en
Pls pls find out from aunt nike.,,ham,uci_sms_spam_collection,en
"Wow ... I love you sooo much, you know ? I can barely stand it ! I wonder how your day goes and if you are well, my love ... I think of you and miss you",,ham,uci_sms_spam_collection,en
No screaming means shouting..,,ham,uci_sms_spam_collection,en
Hey what happen de. Are you alright.,,ham,uci_sms_spam_collection,en
Should I have picked up a receipt or something earlier,,ham,uci_sms_spam_collection,en
I think chennai well settled?,,ham,uci_sms_spam_collection,en
Oh dang! I didn't mean o send that to you! Lol!,,ham,uci_sms_spam_collection,en
Unfortunately i've just found out that we have to pick my sister up from the airport that evening so don't think i'll be going out at all. We should try to go out one of th,,ham,uci_sms_spam_collection,en
Horrible bf... I now v hungry...,,ham,uci_sms_spam_collection,en
Remember on that day..,,ham,uci_sms_spam_collection,en
You have won a Nokia 7250i. This is what you get when you win our FREE auction. To take part send Nokia to 86021 now. HG/Suite342/2Lands Row/W1JHL 16+,,spam,uci_sms_spam_collection,en
How's it feel? Mr. Your not my real Valentine just my yo Valentine even tho u hardly play!!,,ham,uci_sms_spam_collection,en
All sounds good. Fingers . Makes it difficult to type,,ham,uci_sms_spam_collection,en
Midnight at the earliest,,ham,uci_sms_spam_collection,en
You're not sure that I'm not trying to make xavier smoke because I don't want to smoke after being told I smoke too much?,,ham,uci_sms_spam_collection,en
K come to nordstrom when you're done,,ham,uci_sms_spam_collection,en
Do u konw waht is rael FRIENDSHIP Im gving yuo an exmpel: Jsut ese tihs msg.. Evrey splleing of tihs msg is wrnog.. Bt sitll yuo can raed it wihtuot ayn mitsake.. GOODNIGHT &amp; HAVE A NICE SLEEP..SWEET DREAMS..,,ham,uci_sms_spam_collection,en
Now press conference da:),,ham,uci_sms_spam_collection,en
"Hello from Orange. For 1 month's free access to games, news and sport, plus 10 free texts and 20 photo messages, reply YES. Terms apply: www.orange.co.uk/ow",,spam,uci_sms_spam_collection,en
After completed degree. There is no use in joining finance.,,ham,uci_sms_spam_collection,en
"Good afternoon, my love ! Any job prospects ? Are you missing me ? What do you do ? Are you being lazy and bleak, hmmm ? Or happy and filled with my love ?",,ham,uci_sms_spam_collection,en
Shant disturb u anymore... Jia you...,,ham,uci_sms_spam_collection,en
Bishan lar nearer... No need buy so early cos if buy now i gotta park my car...,,ham,uci_sms_spam_collection,en
"Me, i dont know again oh",,ham,uci_sms_spam_collection,en
Dude sux for snake. He got old and raiden got buff,,ham,uci_sms_spam_collection,en
He says hi and to get your ass back to south tampa (preferably at a kegger),,ham,uci_sms_spam_collection,en
In e msg jus now. U said thanks for gift.,,ham,uci_sms_spam_collection,en
U too...,,ham,uci_sms_spam_collection,en
Ok how you dear. Did you call chechi,,ham,uci_sms_spam_collection,en
Yeah we do totes. When u wanna?,,ham,uci_sms_spam_collection,en
Ok i found dis pierre cardin one which looks normal costs 20 its on sale.,,ham,uci_sms_spam_collection,en
Good sleep is about rhythm. The person has to establish a rhythm that the body will learn and use. If you want to know more :-),,ham,uci_sms_spam_collection,en
Wat r u doing?,,ham,uci_sms_spam_collection,en
Message from . I am at Truro Hospital on ext. You can phone me here. as I have a phone by my side,,ham,uci_sms_spam_collection,en
"Single line with a big meaning::::: \Miss anything 4 ur \""Best Life\"" but",,ham,uci_sms_spam_collection,en
"Just got some gas money, any chance you and the gang want to go on a grand nature adventure?",,ham,uci_sms_spam_collection,en
Dnt worry...use ice pieces in a cloth pack.also take 2 tablets.,,ham,uci_sms_spam_collection,en
Dude just saw a parked car with its sunroof popped up. Sux,,ham,uci_sms_spam_collection,en
Get ready to put on your excellent sub face :),,ham,uci_sms_spam_collection,en
Tmrw. Im finishing 9 doors,,ham,uci_sms_spam_collection,en
"The  &lt;#&gt; g that i saw a few days ago, the guy wants sell wifi only for  &lt;#&gt;  and with 3g for  &lt;#&gt; . That's why i blanked him.",,ham,uci_sms_spam_collection,en
I am late. I will be there at,,ham,uci_sms_spam_collection,en
"whatever, im pretty pissed off.",,ham,uci_sms_spam_collection,en
I dont have that much image in class.,,ham,uci_sms_spam_collection,en
No:-)i got rumour that you going to buy apartment in chennai:-),,ham,uci_sms_spam_collection,en
Near kalainar tv office.thenampet,,ham,uci_sms_spam_collection,en
Ur cash-balance is currently 500 pounds - to maximize ur cash-in now send GO to 86688 only 150p/msg. CC 08718720201 HG/Suite342/2Lands Row/W1J6HL,,spam,uci_sms_spam_collection,en
SMS AUCTION - A BRAND NEW Nokia 7250 is up 4 auction today! Auction is FREE 2 join & take part! Txt NOKIA to 86021 now! HG/Suite342/2Lands Row/W1J6HL,,spam,uci_sms_spam_collection,en
My sis is catching e show in e afternoon so i'm not watching w her. So c u wan 2 watch today or tmr lor.,,ham,uci_sms_spam_collection,en
"Sounds gd... Haha... Can... Wah, u yan jiu so fast liao...",,ham,uci_sms_spam_collection,en
No. To be nosy I guess. Idk am I over reacting if I'm freaked?,,ham,uci_sms_spam_collection,en
"Remember all those whom i hurt during days of satanic imposter in me.need to pay a price,so be it.may destiny keep me going and as u said pray that i get the mind to get over the same.",,ham,uci_sms_spam_collection,en
How to Make a girl Happy? It's not at all difficult to make girls happy. U only need to be... 1. A friend 2. Companion 3. Lover 4. Chef . . .  &lt;#&gt; . Good listener  &lt;#&gt; . Organizer  &lt;#&gt; . Good boyfriend  &lt;#&gt; . Very clean  &lt;#&gt; . Sympathetic  &lt;#&gt; . Athletic  &lt;#&gt; . Warm . . .  &lt;#&gt; . Courageous  &lt;#&gt; . Determined  &lt;#&gt; . True  &lt;#&gt; . Dependable  &lt;#&gt; . Intelligent . . .  &lt;#&gt; . Psychologist  &lt;#&gt; . Pest exterminator  &lt;#&gt; . Psychiatrist  &lt;#&gt; . Healer . .  &lt;#&gt; . Stylist  &lt;#&gt; . Driver . . Aaniye pudunga venaam..,,ham,uci_sms_spam_collection,en
"Why is that, princess? I bet the brothas are all chasing you!",,ham,uci_sms_spam_collection,en
"I shall book chez jules for half eight, if that's ok with you?",,ham,uci_sms_spam_collection,en
Hhahhaahahah rofl wtf nig was leonardo in your room or something,,ham,uci_sms_spam_collection,en
"Yep, at derek's house now, see you Sunday &lt;3",,ham,uci_sms_spam_collection,en
"It's cool, let me know before it kicks off around  &lt;#&gt; , I'll be out and about all day",,ham,uci_sms_spam_collection,en
I was wondering if it would be okay for you to call uncle john and let him know that things are not the same in nigeria as they r here. That  &lt;#&gt;  dollars is 2years sent and that you know its a strain but i plan to pay back every dime he gives. Every dime so for me to expect anything from you is not practical. Something like that.,,ham,uci_sms_spam_collection,en
There are no other charges after transfer charges and you can withdraw anyhow you like,,ham,uci_sms_spam_collection,en
"Dont search love, let love find U. Thats why its called falling in love, bcoz U dont force yourself, U just fall and U know there is smeone to hold U... BSLVYL",,ham,uci_sms_spam_collection,en
At 4. Let's go to bill millers,,ham,uci_sms_spam_collection,en
I love you. You set my soul on fire. It is not just a spark. But it is a flame. A big rawring flame. XoXo,,ham,uci_sms_spam_collection,en
"Somewhr someone is surely made 4 u. And God has decided a perfect time to make u meet dat person. . . . till den, . . . . . Enjoy ur crushes..!!!;-)",,ham,uci_sms_spam_collection,en
That's my honeymoon outfit. :),,ham,uci_sms_spam_collection,en
Will it help if we propose going back again tomorrow,,ham,uci_sms_spam_collection,en
PRIVATE! Your 2003 Account Statement for shows 800 un-redeemed S. I. M. points. Call 08719899230 Identifier Code: 41685 Expires 07/11/04,,spam,uci_sms_spam_collection,en
Never blame a day in ur life. Good days give u happiness. Bad days give u experience. Both are essential in life! All are Gods blessings! good morning.:,,ham,uci_sms_spam_collection,en
Pls confirm the time to collect the cheque.,,ham,uci_sms_spam_collection,en
As a Registered Subscriber yr draw 4 a å£100 gift voucher will b entered on receipt of a correct ans. When are the next olympics. Txt ans to 80062,,spam,uci_sms_spam_collection,en
URGENT! Your Mobile number has been awarded with a å£2000 prize GUARANTEED. Call 09061790121 from land line. Claim 3030. Valid 12hrs only 150ppm,,spam,uci_sms_spam_collection,en
Daddy will take good care of you :),,ham,uci_sms_spam_collection,en
"Yeah probably, I still gotta check out with leo",,ham,uci_sms_spam_collection,en
K.then any other special?,,ham,uci_sms_spam_collection,en
Carlos is taking his sweet time as usual so let me know when you and patty are done/want to smoke and I'll tell him to haul ass,,ham,uci_sms_spam_collection,en
Ok pa. Nothing problem:-),,ham,uci_sms_spam_collection,en
Have you heard about that job? I'm going to that wildlife talk again tonight if u want2come. Its that2worzels and a wizzle or whatever it is?! ,,ham,uci_sms_spam_collection,en
"God picked up a flower and dippeditinaDEW, lovingly touched itwhichturnedinto u, and the he gifted tomeandsaid,THIS FRIEND IS 4U",,ham,uci_sms_spam_collection,en
When you came to hostel.,,ham,uci_sms_spam_collection,en
Ok no prob... I'll come after lunch then...,,ham,uci_sms_spam_collection,en
Jus telling u dat i'll b leaving 4 shanghai on 21st instead so we'll haf more time 2 meet up cya...,,ham,uci_sms_spam_collection,en
Are your freezing ? Are you home yet ? Will you remember to kiss your mom in the morning? Do you love me ? Do you think of me ? Are you missing me yet ?,,ham,uci_sms_spam_collection,en
You all ready for * big day tomorrow?,,ham,uci_sms_spam_collection,en
I'll probably be around mu a lot,,ham,uci_sms_spam_collection,en
645,,ham,uci_sms_spam_collection,en
RT-KIng Pro Video Club>> Need help? info@ringtoneking.co.uk or call 08701237397 You must be 16+ Club credits redeemable at www.ringtoneking.co.uk! Enjoy!,,spam,uci_sms_spam_collection,en
Thnx dude. u guys out 2nite?,,ham,uci_sms_spam_collection,en
Me sef dey laugh you. Meanwhile how's my darling anjie!,,ham,uci_sms_spam_collection,en
Mm i had my food da from out,,ham,uci_sms_spam_collection,en
"K, makes sense, btw carlos is being difficult so you guys are gonna smoke while I go pick up the second batch and get gas",,ham,uci_sms_spam_collection,en
Did u download the fring app?,,ham,uci_sms_spam_collection,en
The 2 oz guy is being kinda flaky but one friend is interested in picking up $ &lt;#&gt;  worth tonight if possible,,ham,uci_sms_spam_collection,en
Friends that u can stay on fb chat with,,ham,uci_sms_spam_collection,en
"Fuck babe, I miss you sooooo much !! I wish you were here to sleep with me ... My bed is so lonely ... I go now, to sleep ... To dream of you, my love ...",,ham,uci_sms_spam_collection,en
"Living is very simple.. Loving is also simple.. Laughing is too simple.. Winning is tooo simple.. But, being 'SIMPLE' is very difficult.. Gud nte.:-",,ham,uci_sms_spam_collection,en
U have a secret admirer who is looking 2 make contact with U-find out who they R*reveal who thinks UR so special-call on 09058094599,,spam,uci_sms_spam_collection,en
"Ah, well that confuses things, doesnÛ÷t it?",,ham,uci_sms_spam_collection,en
500 free text msgs. Just text ok to 80488 and we'll credit your account,,spam,uci_sms_spam_collection,en
Hi Dear Call me its urgnt. I don't know whats your problem. You don't want to work or if you have any other problem at least tell me. Wating for your reply.,,ham,uci_sms_spam_collection,en
Dear how you. Are you ok?,,ham,uci_sms_spam_collection,en
"You have been selected to stay in 1 of 250 top British hotels - FOR NOTHING! Holiday Worth å£350! To Claim, Call London 02072069400. Bx 526, SW73SS",,spam,uci_sms_spam_collection,en
Yes princess! I want to make you happy...,,ham,uci_sms_spam_collection,en
Sounds like you have many talents! would you like to go on a dinner date next week?,,ham,uci_sms_spam_collection,en
I am going to film 2day da. At 6pm. Sorry da.,,ham,uci_sms_spam_collection,en
We not watching movie already. Xy wants 2 shop so i'm shopping w her now.,,ham,uci_sms_spam_collection,en
Hello my little party animal! I just thought I'd buzz you as you were with your friends ...*grins*... Reminding you were loved and send a naughty adoring kiss,,ham,uci_sms_spam_collection,en
Yesterday its with me only . Now am going home.,,ham,uci_sms_spam_collection,en
"Eerie Nokia tones 4u, rply TONE TITLE to 8007 eg TONE DRACULA to 8007 Titles: GHOST, ADDAMSFA, MUNSTERS, EXORCIST, TWILIGHT www.getzed.co.uk POBox36504W45WQ 150p",,spam,uci_sms_spam_collection,en
"You have come into my life and brought the sun ..Shiny down on me, warming my heart. Putting a constant smile on my face ... Making me feel loved and cared for",,ham,uci_sms_spam_collection,en
"No shit, but I wasn't that surprised, so I went and spent the evening with that french guy I met in town here and we fooled around a bit but I didn't let him fuck me",,ham,uci_sms_spam_collection,en
"0A$NETWORKS allow companies to bill for SMS, so they are responsible for their \suppliers\""",,spam,uci_sms_spam_collection,en
Great comedy..cant stop laughing da:),,ham,uci_sms_spam_collection,en
FreeMsg:Feelin kinda lnly hope u like 2 keep me company! Jst got a cam moby wanna c my pic?Txt or reply DATE to 82242 Msg150p 2rcv Hlp 08712317606 stop to 82242,,spam,uci_sms_spam_collection,en
"Alright, we're all set here, text the man",,ham,uci_sms_spam_collection,en
"Hi , where are you? We're at  and they're not keen to go out i kind of am but feel i shouldn't so can we go out tomo, don't mind do you?",,ham,uci_sms_spam_collection,en
Sleeping nt feeling well,,ham,uci_sms_spam_collection,en
U WILL SWITCH YOUR FONE ON DAMMIT!!,,ham,uci_sms_spam_collection,en
India have to take lead:),,ham,uci_sms_spam_collection,en
I.ll post her out l8r. In class,,ham,uci_sms_spam_collection,en
Thts wat Wright Brother did to fly..,,ham,uci_sms_spam_collection,en
"Evening * v good if somewhat event laden. Will fill you in, don't you worry Û_ Head * ok but throat * wrecked. See you at six then!",,ham,uci_sms_spam_collection,en
If u laugh really loud.. If u talk spontaneously.. If u dont care what others feel.. U are probably with your dear &amp; best friends.. GOODEVENING Dear..:),,ham,uci_sms_spam_collection,en
ITS A LAPTOP TAKE IT WITH YOU.,,ham,uci_sms_spam_collection,en
I dont have any of your file in my bag..i was in work when you called me.i 'll tell you if i find anything in my room.,,ham,uci_sms_spam_collection,en
I wan but too early lei... Me outside now wun b home so early... Neva mind then...,,ham,uci_sms_spam_collection,en
"For ur chance to win a å£250 cash every wk TXT: ACTION to 80608. T's&C's www.movietrivia.tv custcare 08712405022, 1x150p/wk",,spam,uci_sms_spam_collection,en
I was at bugis juz now wat... But now i'm walking home oredi... ÌÏ so late then reply... I oso saw a top dat i like but din buy... Where r Ì_ now? ,,ham,uci_sms_spam_collection,en
At 7 we will go ok na.,,ham,uci_sms_spam_collection,en
Yes I posted a couple of pics on fb. There's still snow outside too. I'm just waking up :),,ham,uci_sms_spam_collection,en
S:-)if we have one good partnership going we will take lead:),,ham,uci_sms_spam_collection,en
RGENT! This is the 2nd attempt to contact U!U have WON å£1250 CALL 09071512433 b4 050703 T&CsBCM4235WC1N3XX. callcost 150ppm mobilesvary. maxå£7. 50,,spam,uci_sms_spam_collection,en
"Yeah, where's your class at?",,ham,uci_sms_spam_collection,en
No just send to you. Bec you in temple na.,,ham,uci_sms_spam_collection,en
"You aren't coming home between class, right? I need to work out and shower!",,ham,uci_sms_spam_collection,en
Hi if ur lookin 4 saucy daytime fun wiv busty married woman Am free all next week Chat now 2 sort time 09099726429 JANINExx Callså£1/minMobsmoreLKPOBOX177HP51FL,,spam,uci_sms_spam_collection,en
S but mostly not like that.,,ham,uci_sms_spam_collection,en
ÌÏ v ma fan...,,ham,uci_sms_spam_collection,en
Dunno cos i was v late n when i reach they inside already... But we ate spageddies lor... It's e gals who r laughing at me lor...,,ham,uci_sms_spam_collection,en
Guess who spent all last night phasing in and out of the fourth dimension,,ham,uci_sms_spam_collection,en
So now my dad is gonna call after he gets out of work and ask all these crazy questions.,,ham,uci_sms_spam_collection,en
"Yes..but they said its IT.,",,ham,uci_sms_spam_collection,en
Very hurting n meaningful lines ever: \I compromised everything for my love,,ham,uci_sms_spam_collection,en
Lmao!nice 1,,ham,uci_sms_spam_collection,en
Glad to see your reply.,,ham,uci_sms_spam_collection,en
URGENT! We are trying to contact U. Todays draw shows that you have won a å£800 prize GUARANTEED. Call 09050001295 from land line. Claim A21. Valid 12hrs only,,spam,uci_sms_spam_collection,en
Monthly password for wap. mobsi.com is 391784. Use your wap phone not PC.,,spam,uci_sms_spam_collection,en
Nah dub but je still buff,,ham,uci_sms_spam_collection,en
Painful words- \I thought being Happy was the most toughest thing on Earth... But,,ham,uci_sms_spam_collection,en
"Yeah, that's fine! It's å£6 to get in, is that ok? ",,ham,uci_sms_spam_collection,en
Lol where do u come up with these ideas?,,ham,uci_sms_spam_collection,en
"So many people seems to be special at first sight, But only very few will remain special to you till your last sight.. Maintain them till life ends.. Sh!jas",,ham,uci_sms_spam_collection,en
Okay... We wait ah,,ham,uci_sms_spam_collection,en
Y lei?,,ham,uci_sms_spam_collection,en
HI BABE U R MOST LIKELY TO BE IN BED BUT IM SO SORRY ABOUT TONIGHT! I REALLY WANNA SEE U TOMORROW SO CALL ME AT 9. LOVE ME XXX,,ham,uci_sms_spam_collection,en
Already am squatting is the new way of walking,,ham,uci_sms_spam_collection,en
Do you want bold 2 or bb torch,,ham,uci_sms_spam_collection,en
Cramps stopped. Going back to sleep,,ham,uci_sms_spam_collection,en
todays vodafone numbers ending with 0089(my last four digits) are selected to received a å£350 award. If your number matches please call 09063442151 to claim your å£350 award,,spam,uci_sms_spam_collection,en
Free Top ringtone -sub to weekly ringtone-get 1st week free-send SUBPOLY to 81618-?3 per week-stop sms-08718727870,,spam,uci_sms_spam_collection,en
Nan sonathaya soladha. Why boss?,,ham,uci_sms_spam_collection,en
Bring tat cd don forget,,ham,uci_sms_spam_collection,en
I don't know but I'm raping dudes at poker,,ham,uci_sms_spam_collection,en
Weightloss! No more girl friends. Make loads of money on ebay or something. And give thanks to God.,,ham,uci_sms_spam_collection,en
Was gr8 to see that message. So when r u leaving? Congrats dear. What school and wat r ur plans.,,ham,uci_sms_spam_collection,en
ÌÏ eatin later but i'm eatin wif my frens now lei... ÌÏ going home first? ,,ham,uci_sms_spam_collection,en
Finish already... Yar they keep saying i mushy... I so embarrassed ok...,,ham,uci_sms_spam_collection,en
"Sorry man, my stash ran dry last night and I can't pick up more until sunday",,ham,uci_sms_spam_collection,en
Hai priya are you right. What doctor said pa. Where are you.,,ham,uci_sms_spam_collection,en
"Free msg. Sorry, a service you ordered from 81303 could not be delivered as you do not have sufficient credit. Please top up to receive the service.",,spam,uci_sms_spam_collection,en
Please ask mummy to call father,,ham,uci_sms_spam_collection,en
Can come my room but cannot come my house cos my house still messy... Haha...,,ham,uci_sms_spam_collection,en
I have lost 10 kilos as of today!,,ham,uci_sms_spam_collection,en
Just taste fish curry :-P,,ham,uci_sms_spam_collection,en
What can i do? Might accidant tookplace between somewhere ghodbandar rd. Traffic moves slovely. So plz slip &amp; don't worry.,,ham,uci_sms_spam_collection,en
Yun ah.now Ì_ wkg where?btw if Ì_ go nus sc. ÌÏ wana specialise in wad?,,ham,uci_sms_spam_collection,en
Yes! I am a one woman man! Please tell me your likes and dislikes in bed...,,ham,uci_sms_spam_collection,en
Was doing my test earlier. I appreciate you. Will call you tomorrow.,,ham,uci_sms_spam_collection,en
"How's my loverboy doing ? What does he do that keeps him from coming to his Queen, hmmm ? Doesn't he ache to speak to me ? Miss me desparately ?",,ham,uci_sms_spam_collection,en
U meet other fren dun wan meet me ah... Muz b a guy rite...,,ham,uci_sms_spam_collection,en
"(No promises on when though, haven't even gotten dinner yet)",,ham,uci_sms_spam_collection,en
I got your back! Do you have any dislikes in bed?,,ham,uci_sms_spam_collection,en
o turns out i had stereo love on mi phone under the unknown album.,,ham,uci_sms_spam_collection,en
Hard LIVE 121 chat just 60p/min. Choose your girl and connect LIVE. Call 09094646899 now! Cheap Chat UK's biggest live service. VU BCM1896WC1N3XX,,spam,uci_sms_spam_collection,en
Yeah I don't see why not,,ham,uci_sms_spam_collection,en
Asking do u knw them or nt? May be ur frnds or classmates?,,ham,uci_sms_spam_collection,en
"Sorry about earlier. Putting out fires.Are you around to talk after 9? Or do you actually have a life, lol!",,ham,uci_sms_spam_collection,en
WOW! The Boys R Back. TAKE THAT 2007 UK Tour. Win VIP Tickets & pre-book with VIP Club. Txt CLUB to 81303. Trackmarque Ltd info@vipclub4u.,,spam,uci_sms_spam_collection,en
"As in missionary hook up, doggy hook up, standing...|",,ham,uci_sms_spam_collection,en
Then u better go sleep.. Dun disturb u liao.. U wake up then msg me lor..,,ham,uci_sms_spam_collection,en
Am watching house ÛÒ very entertaining ÛÒ am getting the whole hugh laurie thing ÛÒ even with the stick ÛÒ indeed especially with the stick.,,ham,uci_sms_spam_collection,en
Thought praps you meant another one. Goodo! I'll look tomorrow ,,ham,uci_sms_spam_collection,en
"Hi Jon, Pete here, Ive bin 2 Spain recently & hav sum dinero left, Bill said u or ur åÔrents mayb interested in it, I hav 12,000pes, so around å£48, tb, James.",,ham,uci_sms_spam_collection,en
There bold 2  &lt;#&gt; . Is that yours,,ham,uci_sms_spam_collection,en
You know there is. I shall speak to you in  &lt;#&gt;  minutes then,,ham,uci_sms_spam_collection,en
"\ALRITE HUNNY!WOT U UP 2 2NITE? DIDNT END UP GOIN DOWN TOWN JUS DA PUB INSTEAD! JUS CHILLIN AT DA MO IN ME BEDROOM!LOVE JEN XXX.\""""",,ham,uci_sms_spam_collection,en
I went to project centre,,ham,uci_sms_spam_collection,en
As per your request 'Maangalyam (Alaipayuthe)' has been set as your callertune for all Callers. Press *9 to copy your friends Callertune,,ham,uci_sms_spam_collection,en
Lol yeah at this point I guess not,,ham,uci_sms_spam_collection,en
Doing project w frens lor. ,,ham,uci_sms_spam_collection,en
Lol. Well quality aint bad at all so i aint complaining,,ham,uci_sms_spam_collection,en
"K, can that happen tonight?",,ham,uci_sms_spam_collection,en
"Hi, this is Mandy Sullivan calling from HOTMIX FM...you are chosen to receive å£5000.00 in our Easter Prize draw.....Please telephone 09041940223 to claim before 29/03/05 or your prize will be transferred to someone else....",,spam,uci_sms_spam_collection,en
"I think we're going to finn's now, come",,ham,uci_sms_spam_collection,en
Why tired what special there you had,,ham,uci_sms_spam_collection,en
I will come tomorrow di,,ham,uci_sms_spam_collection,en
K go and sleep well. Take rest:-).,,ham,uci_sms_spam_collection,en
U guys never invite me anywhere :(,,ham,uci_sms_spam_collection,en
UR GOING 2 BAHAMAS! CallFREEFONE 08081560665 and speak to a live operator to claim either Bahamas cruise ofå£2000 CASH 18+only. To opt out txt X to 07786200117,,spam,uci_sms_spam_collection,en
I can do that! I want to please you both inside and outside the bedroom...,,ham,uci_sms_spam_collection,en
"\EY! CALM DOWNON THEACUSATIONS.. ITXT U COS IWANA KNOW WOTU R DOIN AT THEW/END... HAVENTCN U IN AGES..RING ME IF UR UP4 NETHING SAT.LOVE J XXX.\""""",,ham,uci_sms_spam_collection,en
I love to wine and dine my lady!,,ham,uci_sms_spam_collection,en
Someone has conacted our dating service and entered your phone because they fancy you!To find out who it is call from landline 09111030116. PoBox12n146tf15,,spam,uci_sms_spam_collection,en
"IåÕm cool ta luv but v.tired 2 cause i have been doin loads of planning all wk, we have got our social services inspection at the nursery! Take care & spk sn x.",,ham,uci_sms_spam_collection,en
I don know account details..i will ask my mom and send you.my mom is out of reach now.,,ham,uci_sms_spam_collection,en
I think u have the wrong number.,,ham,uci_sms_spam_collection,en
Feel Yourself That You Are Always Happy.. Slowly It Becomes Your Habit &amp; Finally It Becomes Part Of Your Life.. Follow It.. Happy Morning &amp; Have A Happy Day:),,ham,uci_sms_spam_collection,en
DO NOT B LATE LOVE MUM,,ham,uci_sms_spam_collection,en
Got it..mail panren paru..,,ham,uci_sms_spam_collection,en
* Was thinking about chuckin ur red green n black trainners 2 save carryin them bac on train,,ham,uci_sms_spam_collection,en
Give one miss from that number please,,ham,uci_sms_spam_collection,en
Jus came back fr lunch wif my sis only. U leh?,,ham,uci_sms_spam_collection,en
How is your schedule next week? I am out of town this weekend.,,ham,uci_sms_spam_collection,en
Really good:)dhanush rocks once again:),,ham,uci_sms_spam_collection,en
Lmao ok I wont be needing u to do my hair anymore.,,ham,uci_sms_spam_collection,en
"Miss ya, need ya, want ya, love ya.",,ham,uci_sms_spam_collection,en
Sorry i'm not free...,,ham,uci_sms_spam_collection,en
Do u ever get a song stuck in your head for no reason and it won't go away til u listen to it like 5 times?,,ham,uci_sms_spam_collection,en
Nt yet chikku..simple habba..hw abt u?,,ham,uci_sms_spam_collection,en
"Got ur mail Dileep.thank you so muchand look forward to lots of support...very less contacts here,remember one venugopal you mentioned.tomorrow if not late,i shall try to come up till there.goodnight dear.",,ham,uci_sms_spam_collection,en
Sometimes Heart Remembrs someone Very much... Forgets someone soon... Bcoz Heart will not like everyone. But liked ones will be Remembered Everytime... BSLVYL,,ham,uci_sms_spam_collection,en
Joy's father is John. Then John is the NAME of Joy's father. Mandan,,ham,uci_sms_spam_collection,en
Hi 07734396839 IBH Customer Loyalty Offer: The NEW NOKIA6600 Mobile from ONLY å£10 at TXTAUCTION!Txt word:START to No:81151 & get Yours Now!4T&,,spam,uci_sms_spam_collection,en
Hi this is yijue... It's regarding the 3230 textbook it's intro to algorithms second edition... I'm selling it for $50...,,ham,uci_sms_spam_collection,en
SMS AUCTION You have won a Nokia 7250i. This is what you get when you win our FREE auction. To take part send Nokia to 86021 now. HG/Suite342/2Lands Row/W1JHL 16+,,spam,uci_sms_spam_collection,en
"K, want us to come by now?",,ham,uci_sms_spam_collection,en
How. Its a little difficult but its a simple way to enter this place,,ham,uci_sms_spam_collection,en
Ha... Both of us doing e same thing. But i got tv 2 watch. U can thk of where 2 go tonight or u already haf smth in mind...,,ham,uci_sms_spam_collection,en
Dont show yourself. How far. Put new pictures up on facebook.,,ham,uci_sms_spam_collection,en
Watching tv now. I got new job :),,ham,uci_sms_spam_collection,en
"Good afternoon sexy buns! How goes the job search ? I wake and you are my first thought as always, my love. I wish your fine and happy and know I adore you!",,ham,uci_sms_spam_collection,en
"I'm not coming over, do whatever you want",,ham,uci_sms_spam_collection,en
"Its ok chikku, and its my 1 of favourite song..:-)",,ham,uci_sms_spam_collection,en
Did u see what I posted on your Facebook?,,ham,uci_sms_spam_collection,en
Call FREEPHONE 0800 542 0578 now!,,spam,uci_sms_spam_collection,en
Buy Space Invaders 4 a chance 2 win orig Arcade Game console. Press 0 for Games Arcade (std WAP charge) See o2.co.uk/games 4 Terms + settings. No purchase,,spam,uci_sms_spam_collection,en
BIG BROTHER ALERT! The computer has selected u for 10k cash or #150 voucher. Call 09064018838. NTT PO Box CRO1327 18+ BT Landline Cost 150ppm mobiles vary,,spam,uci_sms_spam_collection,en
";-( oh well, c u later",,ham,uci_sms_spam_collection,en
My uncles in Atlanta. Wish you guys a great semester.,,ham,uci_sms_spam_collection,en
No dear i do have free messages without any recharge. Hi hi hi,,ham,uci_sms_spam_collection,en
I dun believe u. I thk u told him.,,ham,uci_sms_spam_collection,en
"Do you know why god created gap between your fingers..? So that, One who is made for you comes &amp; fills those gaps by holding your hand with LOVE..!",,ham,uci_sms_spam_collection,en
Yes:)sura in sun tv.:)lol.,,ham,uci_sms_spam_collection,en
Arun can u transfr me d amt,,ham,uci_sms_spam_collection,en
Takin a shower now but yeah I'll leave when I'm done,,ham,uci_sms_spam_collection,en
Am not working but am up to eyes in philosophy so will text u later when a bit more free for chat...,,ham,uci_sms_spam_collection,en
U havenåÕt lost me ill always b here 4u.i didnåÕt intend 2 hurt u but I never knew how u felt about me when Iwas+marine&thatåÕs what itried2tell urmom.i careabout u,,ham,uci_sms_spam_collection,en
"WIN: We have a winner! Mr. T. Foley won an iPod! More exciting prizes soon, so keep an eye on ur mobile or visit www.win-82050.co.uk",,spam,uci_sms_spam_collection,en
You bad girl. I can still remember them,,ham,uci_sms_spam_collection,en
How much i gave to you. Morning.,,ham,uci_sms_spam_collection,en
"I hope your alright babe? I worry that you might have felt a bit desparate when you learned the job was a fake ? I am here waiting when you come back, my love",,ham,uci_sms_spam_collection,en
"Hey, can you tell me blake's address? Carlos wanted me to meet him there but I got lost and he's not answering his phone",,ham,uci_sms_spam_collection,en
Can i get your opinion on something first?,,ham,uci_sms_spam_collection,en
That one week leave i put know that time. Why.,,ham,uci_sms_spam_collection,en
"If we hit it off, you can move in with me :)",,ham,uci_sms_spam_collection,en
excellent. I spent  &lt;#&gt;  years in the Air Force. Iraq and afghanistan. I am stable and honest. do you like traveling?,,ham,uci_sms_spam_collection,en
I wanna watch that movie,,ham,uci_sms_spam_collection,en
Ok lor thanx... ÌÏ in school?,,ham,uci_sms_spam_collection,en
I'm in class. Did you get my text.,,ham,uci_sms_spam_collection,en
The bus leaves at  &lt;#&gt; ,,ham,uci_sms_spam_collection,en
God bless.get good sleep my dear...i will pray!,,ham,uci_sms_spam_collection,en
Todays Voda numbers ending 1225 are selected to receive a å£50award. If you have a match please call 08712300220 quoting claim code 3100 standard rates app ,,spam,uci_sms_spam_collection,en
Do have a nice day today. I love you so dearly.,,ham,uci_sms_spam_collection,en
Aiyo a bit pai seh Ì_ noe... Scared he dun rem who i am then die... Hee... But he become better lookin oredi leh...,,ham,uci_sms_spam_collection,en
"Aight, I'll ask a few of my roommates",,ham,uci_sms_spam_collection,en
"Now, whats your house # again ? And do you have any beer there ?",,ham,uci_sms_spam_collection,en
Do Ì_ all wan 2 meet up n combine all the parts? How's da rest of da project going?,,ham,uci_sms_spam_collection,en
"\Getting tickets 4 walsall tue 6 th march. My mate is getting me them on sat. ill pay my treat. Want 2 go. Txt bak .Terry\""""",,ham,uci_sms_spam_collection,en
Yes we are chatting too.,,ham,uci_sms_spam_collection,en
HI ITS JESS I DONT KNOW IF YOU ARE AT WORK BUT CALL ME WHEN U CAN IM AT HOME ALL EVE. XXX,,ham,uci_sms_spam_collection,en
Sian... Aft meeting supervisor got work 2 do liao... U working now?,,ham,uci_sms_spam_collection,en
Are you going to write ccna exam this week??,,ham,uci_sms_spam_collection,en
Well i will watch shrek in 3D!!B),,ham,uci_sms_spam_collection,en
Am i that much dirty fellow?,,ham,uci_sms_spam_collection,en
Dunno dat's wat he told me. Ok lor...,,ham,uci_sms_spam_collection,en
I'll probably be by tomorrow (or even later tonight if something's going on),,ham,uci_sms_spam_collection,en
I couldn't say no as he is a dying man and I feel sad for him so I will go and I just wanted you to know I would probably be gone late into your night,,ham,uci_sms_spam_collection,en
If you're thinking of lifting me one then no.,,ham,uci_sms_spam_collection,en
Same as u... Dun wan... Y u dun like me already ah... Wat u doing now? Still eating?,,ham,uci_sms_spam_collection,en
Sent me ur email id soon,,ham,uci_sms_spam_collection,en
"Dude. What's up. How Teresa. Hope you have been okay. When i didnt hear from these people, i called them and they had received the package since dec  &lt;#&gt; . Just thot you'ld like to know. Do have a fantastic year and all the best with your reading. Plus if you can really really Bam first aid for Usmle, then your work is done.",,ham,uci_sms_spam_collection,en
Hey gorgeous man. My work mobile number is. Have a good one babe. Squishy Mwahs.,,ham,uci_sms_spam_collection,en
"Hottest pics straight to your phone!! See me getting Wet and Wanting, just for you xx Text PICS to 89555 now! txt costs 150p textoperator g696ga 18 XxX",,spam,uci_sms_spam_collection,en
That's the way you should stay oh.,,ham,uci_sms_spam_collection,en
Hello- thanx for taking that call. I got a job! Starts on monday!,,ham,uci_sms_spam_collection,en
What time is ur flight tmr?,,ham,uci_sms_spam_collection,en
When should I come over?,,ham,uci_sms_spam_collection,en
I have a rather prominent bite mark on my right cheek,,ham,uci_sms_spam_collection,en
* Will be september by then!,,ham,uci_sms_spam_collection,en
Are you wet right now?,,ham,uci_sms_spam_collection,en
And how's your husband.,,ham,uci_sms_spam_collection,en
"Hack Chat. Get backdoor entry into 121 chat rooms at a fraction of the cost. Reply NEO69 or call 09050280520, to subscribe 25p pm. DPS, Bcm box 8027 Ldn, wc1n3xx",,spam,uci_sms_spam_collection,en
Are we doing the norm tomorrow? I finish just a 4.15 cos of st tests. Need to sort library stuff out at some point tomo - got letter from today - access til end march so i better get move on!,,ham,uci_sms_spam_collection,en
Yeah. I got a list with only u and Joanna if I'm feeling really anti social,,ham,uci_sms_spam_collection,en
I am in your office na.,,ham,uci_sms_spam_collection,en
"\Are you comingdown later?\""""",,ham,uci_sms_spam_collection,en
Super da:)good replacement for murali,,ham,uci_sms_spam_collection,en
Da is good good player.why he is unsold.,,ham,uci_sms_spam_collection,en
Hi. || Do u want | to join me with sts later? || Meeting them at five. || Call u after class.,,ham,uci_sms_spam_collection,en
Its on in engalnd! But telly has decided it won't let me watch it and mia and elliot were kissing! Damn it!,,ham,uci_sms_spam_collection,en
"FREE NOKIA Or Motorola with upto 12mths 1/2price linerental, 500 FREE x-net mins&100txt/mth FREE B'tooth*. Call Mobileupd8 on 08001950382 or call 2optout/D3WV",,spam,uci_sms_spam_collection,en
I dont want to hear philosophy. Just say what happen,,ham,uci_sms_spam_collection,en
You got job in wipro:)you will get every thing in life in 2 or 3 years.,,ham,uci_sms_spam_collection,en
Then cant get da laptop? My matric card wif Ì_ lei... ,,ham,uci_sms_spam_collection,en
Dunno da next show aft 6 is 850. Toa payoh got 650.,,ham,uci_sms_spam_collection,en
"This is the 2nd time we have tried 2 contact u. U have won the 750 Pound prize. 2 claim is easy, call 08718726970 NOW! Only 10p per min. BT-national-rate ",,spam,uci_sms_spam_collection,en
I just made some payments so dont have that much. Sorry. Would you want it fedex or the other way.,,ham,uci_sms_spam_collection,en
They did't play one day last year know even though they have very good team.. Like india.,,ham,uci_sms_spam_collection,en
K.:)you are the only girl waiting in reception ah?,,ham,uci_sms_spam_collection,en
"Say this slowly.? GOD,I LOVE YOU &amp; I NEED YOU,CLEAN MY HEART WITH YOUR BLOOD.Send this to Ten special people &amp; u c miracle tomorrow, do it,pls,pls do it...",,ham,uci_sms_spam_collection,en
I hate when she does this. She turns what should be a fun shopping trip into an annoying day of how everything would look in her house.,,ham,uci_sms_spam_collection,en
"Sir, i am waiting for your call.",,ham,uci_sms_spam_collection,en
What's up. Do you want me to come online?,,ham,uci_sms_spam_collection,en
"It could work, we'll reach a consensus at the next meeting",,ham,uci_sms_spam_collection,en
Aiyah then i wait lor. Then u entertain me. Hee...,,ham,uci_sms_spam_collection,en
"The last thing i ever wanted to do was hurt you. And i didn't think it would have. You'd laugh, be embarassed, delete the tag and keep going. But as far as i knew, it wasn't even up. The fact that you even felt like i would do it to hurt you shows you really don't know me at all. It was messy wednesday, but it wasn't bad. The problem i have with it is you HAVE the time to clean it, but you choose not to. You skype, you take pictures, you sleep, you want to go out. I don't mind a few things here and there, but when you don't make the bed, when you throw laundry on top of it, when i can't have a friend in the house because i'm embarassed that there's underwear and bras strewn on the bed, pillows on the floor, that's something else. You used to be good about at least making the bed.",,ham,uci_sms_spam_collection,en
I'll let you know when it kicks in,,ham,uci_sms_spam_collection,en
You call him now ok i said call him,,ham,uci_sms_spam_collection,en
Call to the number which is available in appointment. And ask to connect the call to waheed fathima.,,ham,uci_sms_spam_collection,en
Or Ì_ go buy wif him then i meet Ì_ later can?,,ham,uci_sms_spam_collection,en
Mmmm ... Fuck ... Not fair ! You know my weaknesses ! *grins* *pushes you to your knee's* *exposes my belly and pulls your head to it* Don't forget ... I know yours too *wicked smile*,,ham,uci_sms_spam_collection,en
Today my system sh get ready.all is well and i am also in the deep well,,ham,uci_sms_spam_collection,en
Mom wants to know where you at,,ham,uci_sms_spam_collection,en
"Aight, I'll text you when I'm back",,ham,uci_sms_spam_collection,en
Dont know supports ass and srt i thnk. I think ps3 can play through usb too,,ham,uci_sms_spam_collection,en
Oh ok i didnt know what you meant. Yep i am baby jontin,,ham,uci_sms_spam_collection,en
You have WON a guaranteed å£1000 cash or a å£2000 prize.To claim yr prize call our customer service representative on,,spam,uci_sms_spam_collection,en
Would you like to see my XXX pics they are so hot they were nearly banned in the uk!,,spam,uci_sms_spam_collection,en
This pen thing is beyond a joke. Wont a Biro do? Don't do a masters as can't do this ever again! ,,ham,uci_sms_spam_collection,en
I AM AT A PARTY WITH ALEX NICHOLS,,ham,uci_sms_spam_collection,en
U have a secret admirer who is looking 2 make contact with U-find out who they R*reveal who thinks UR so special-call on 09058094594,,spam,uci_sms_spam_collection,en
Just seeing your missed call my dear brother. Do have a gr8 day.,,ham,uci_sms_spam_collection,en
Ok.. ÌÏ finishing soon?,,ham,uci_sms_spam_collection,en
"Sorry, I can't help you on this.",,ham,uci_sms_spam_collection,en
"Come to me, slave. Your doing it again ... Going into your shell and unconsciously avoiding me ... You are making me unhappy :-(",,ham,uci_sms_spam_collection,en
I love your ass! Do you enjoy doggy style? :),,ham,uci_sms_spam_collection,en
I think asking for a gym is the excuse for lazy people. I jog.,,ham,uci_sms_spam_collection,en
Dear 0776xxxxxxx U've been invited to XCHAT. This is our final attempt to contact u! Txt CHAT to 86688 150p/MsgrcvdHG/Suite342/2Lands/Row/W1J6HL LDN 18yrs ,,spam,uci_sms_spam_collection,en
Urgent! Please call 09061743811 from landline. Your ABTA complimentary 4* Tenerife Holiday or å£5000 cash await collection SAE T&Cs Box 326 CW25WX 150ppm,,spam,uci_sms_spam_collection,en
No. On the way home. So if not for the long dry spell the season would have been over,,ham,uci_sms_spam_collection,en
I gotta collect da car at 6 lei.,,ham,uci_sms_spam_collection,en
Ok but knackered. Just came home and went to sleep! Not good at this full time work lark.,,ham,uci_sms_spam_collection,en
Probably earlier than that if the station's where I think it is,,ham,uci_sms_spam_collection,en
CALL 09090900040 & LISTEN TO EXTREME DIRTY LIVE CHAT GOING ON IN THE OFFICE RIGHT NOW TOTAL PRIVACY NO ONE KNOWS YOUR [sic] LISTENING 60P MIN 24/7MP 0870753331018+,,spam,uci_sms_spam_collection,en
"FreeMsg Hey U, i just got 1 of these video/pic fones, reply WILD to this txt & ill send U my pics, hurry up Im so bored at work xxx (18 150p/rcvd STOP2stop)",,spam,uci_sms_spam_collection,en
"Uh, heads up we don't have THAT much left",,ham,uci_sms_spam_collection,en
I tot u outside cos darren say u come shopping. Of course we nice wat. We jus went sim lim look at mp3 player.,,ham,uci_sms_spam_collection,en
"Aight, sounds good. When do you want me to come down?",,ham,uci_sms_spam_collection,en
Wat would u like 4 ur birthday?,,ham,uci_sms_spam_collection,en
I love working from home :),,ham,uci_sms_spam_collection,en
And miss vday the parachute and double coins??? U must not know me very well...,,ham,uci_sms_spam_collection,en
My sister got placed in birla soft da:-),,ham,uci_sms_spam_collection,en
Free entry in 2 a weekly comp for a chance to win an ipod. Txt POD to 80182 to get entry (std txt rate) T&C's apply 08452810073 for details 18+,,spam,uci_sms_spam_collection,en
Wah... Okie okie... Muz make use of e unlimited... Haha... ,,ham,uci_sms_spam_collection,en
"There're some people by mu, I'm at the table by lambda",,ham,uci_sms_spam_collection,en
And stop being an old man. You get to build snowman snow angels and snowball fights.,,ham,uci_sms_spam_collection,en
ELLO BABE U OK?,,ham,uci_sms_spam_collection,en
Hello beautiful r u ok? I've kinda ad a row wiv and he walked out the pub?? I wanted a night wiv u Miss u ,,ham,uci_sms_spam_collection,en
Then u going ikea str aft dat?,,ham,uci_sms_spam_collection,en
Becoz its  &lt;#&gt;  jan whn al the post ofice is in holiday so she cn go fr the post ofice...got it duffer,,ham,uci_sms_spam_collection,en
Lol grr my mom is taking forever with my prescription. Pharmacy is like 2 minutes away. Ugh.,,ham,uci_sms_spam_collection,en
For real tho this sucks. I can't even cook my whole electricity is out. And I'm hungry.,,ham,uci_sms_spam_collection,en
You want to go? ,,ham,uci_sms_spam_collection,en
New TEXTBUDDY Chat 2 horny guys in ur area 4 just 25p Free 2 receive Search postcode or at gaytextbuddy.com. TXT ONE name to 89693. 08715500022 rpl Stop 2 cnl,,spam,uci_sms_spam_collection,en
Its not that time of the month nor mid of the time?,,ham,uci_sms_spam_collection,en
Fffff. Can you text kadeem or are you too far gone,,ham,uci_sms_spam_collection,en
We not leaving yet. Ok lor then we go elsewhere n eat. U thk...,,ham,uci_sms_spam_collection,en
Is fujitsu s series lifebook good?,,ham,uci_sms_spam_collection,en
Yar i wanted 2 scold u yest but late already... I where got zhong se qing you? If u ask me b4 he ask me then i'll go out w u all lor. N u still can act so real.,,ham,uci_sms_spam_collection,en
Dont know you bring some food,,ham,uci_sms_spam_collection,en
No current and food here. I am alone also,,ham,uci_sms_spam_collection,en
I'll be in sch fr 4-6... I dun haf da book in sch... It's at home...,,ham,uci_sms_spam_collection,en
Hello. They are going to the village pub at 8 so either come here or there accordingly. Ok?,,ham,uci_sms_spam_collection,en
Ok,,ham,uci_sms_spam_collection,en
We don call like  &lt;#&gt;  times oh. No give us hypertension oh.,,ham,uci_sms_spam_collection,en
"Dont give a monkeys wot they think and i certainly don't mind. Any friend of mine&all that! Just don't sleep wiv , that wud be annoyin!",,ham,uci_sms_spam_collection,en
Omg it could snow here tonite!,,ham,uci_sms_spam_collection,en
Call from 08702490080 - tells u 2 call 09066358152 to claim å£5000 prize. U have 2 enter all ur mobile & personal details @ the prompts. Careful!,,spam,uci_sms_spam_collection,en
Free 1st week entry 2 TEXTPOD 4 a chance 2 win 40GB iPod or å£250 cash every wk. Txt VPOD to 81303 Ts&Cs www.textpod.net custcare 08712405020.,,spam,uci_sms_spam_collection,en
Carry on not disturbing both of you,,ham,uci_sms_spam_collection,en
What pa tell me.. I went to bath:-),,ham,uci_sms_spam_collection,en
Jus finished avatar nigro,,ham,uci_sms_spam_collection,en
R u over scratching it?,,ham,uci_sms_spam_collection,en
Hope you are having a great day.,,ham,uci_sms_spam_collection,en
Did either of you have any idea's? Do you know of anyplaces doing something?,,ham,uci_sms_spam_collection,en
My planning usually stops at \find hella weed,,ham,uci_sms_spam_collection,en
The fact that you're cleaning shows you know why i'm upset. Your priority is constantly \what i want to do,,ham,uci_sms_spam_collection,en
Excellent! Are you ready to moan and scream in ecstasy?,,ham,uci_sms_spam_collection,en
More people are dogging in your area now. Call 09090204448 and join like minded guys. Why not arrange 1 yourself. There's 1 this evening. Aå£1.50 minAPN LS278BB,,spam,uci_sms_spam_collection,en
Dude avatar 3d was imp. At one point i thought there were actually flies in the room and almost tried hittng one as a reflex,,ham,uci_sms_spam_collection,en
"WELL DONE! Your 4* Costa Del Sol Holiday or å£5000 await collection. Call 09050090044 Now toClaim. SAE, TCs, POBox334, Stockport, SK38xh, Costå£1.50/pm, Max10mins",,spam,uci_sms_spam_collection,en
K...k:)why cant you come here and search job:),,ham,uci_sms_spam_collection,en
I got lousy sleep. I kept waking up every 2 hours to see if my cat wanted to come in. I worry about him when its cold :(,,ham,uci_sms_spam_collection,en
"Yeah, I'll leave in a couple minutes &amp; let you know when I get to mu",,ham,uci_sms_spam_collection,en
Can Ì_ call me at 10:10 to make sure dat i've woken up...,,ham,uci_sms_spam_collection,en
Hey we can go jazz power yoga hip hop kb and yogasana ,,ham,uci_sms_spam_collection,en
The battery is for mr adewale my uncle. Aka Egbon,,ham,uci_sms_spam_collection,en
Wait 2 min..stand at bus stop,,ham,uci_sms_spam_collection,en
Oh ic. I thought you meant mary jane.,,ham,uci_sms_spam_collection,en
Haha... Really oh no... How? Then will they deduct your lesson tmr?,,ham,uci_sms_spam_collection,en
Nah im goin 2 the wrks with j wot bout u?,,ham,uci_sms_spam_collection,en
Then just eat a shit and wait for ur monkey face bitch.......... U asshole..................,,ham,uci_sms_spam_collection,en
Good night. Am going to sleep.,,ham,uci_sms_spam_collection,en
"Aight I'll grab something to eat too, text me when you're back at mu",,ham,uci_sms_spam_collection,en
Take something for pain. If it moves however to any side in the next 6hrs see a doctor.,,ham,uci_sms_spam_collection,en
"Lol ... Oh no babe, I wont be sliding into your place after midnight, but thanks for the invite",,ham,uci_sms_spam_collection,en
Howz that persons story,,ham,uci_sms_spam_collection,en
Guess what! Somebody you know secretly fancies you! Wanna find out who it is? Give us a call on 09065394973 from Landline DATEBox1282EssexCM61XN 150p/min 18,,spam,uci_sms_spam_collection,en
LOL that would be awesome payback.,,ham,uci_sms_spam_collection,en
it to 80488. Your 500 free text messages are valid until 31 December 2005.,,spam,uci_sms_spam_collection,en
"Honeybee Said: *I'm d Sweetest in d World* God Laughed &amp; Said: *Wait,U Havnt Met d Person Reading This Msg* MORAL: Even GOD Can Crack Jokes! GM+GN+GE+GN:)",,ham,uci_sms_spam_collection,en
Thanks. It was only from tescos but quite nice. All gone now. Speak soon ,,ham,uci_sms_spam_collection,en
What's a feathery bowa? Is that something guys have that I don't know about?,,ham,uci_sms_spam_collection,en
Even i cant close my eyes you are in me our vava playing umma :-D,,ham,uci_sms_spam_collection,en
2 laptop... I noe infra but too slow lar... I wan fast one,,ham,uci_sms_spam_collection,en
You have won a guaranteed å£200 award or even å£1000 cashto claim UR award call free on 08000407165 (18+) 2 stop getstop on 88222 PHP,,spam,uci_sms_spam_collection,en
Nvm it's ok...,,ham,uci_sms_spam_collection,en
Enjoy ur life. . Good night,,ham,uci_sms_spam_collection,en
Yes but can we meet in town cos will go to gep and then home. You could text at bus stop. And don't worry we'll have finished by march Û_ ish!,,ham,uci_sms_spam_collection,en
Thats cool. Where should i cum? On you or in you? :),,ham,uci_sms_spam_collection,en
Delhi and chennai still silent.,,ham,uci_sms_spam_collection,en
Lol alright i was thinkin that too haha,,ham,uci_sms_spam_collection,en
Reply to win å£100 weekly! Where will the 2006 FIFA World Cup be held? Send STOP to 87239 to end service,,spam,uci_sms_spam_collection,en
No I'm in the same boat. Still here at my moms. Check me out on yo. I'm half naked.,,ham,uci_sms_spam_collection,en
Shhhhh nobody is supposed to know!,,ham,uci_sms_spam_collection,en
"Sorry, I'll call later in meeting any thing related to trade please call Arul. &lt;#&gt; ",,ham,uci_sms_spam_collection,en
Hey i will be late... i'm at amk. Need to drink tea or coffee,,ham,uci_sms_spam_collection,en
Urgent! Please call 09061743810 from landline. Your ABTA complimentary 4* Tenerife Holiday or #5000 cash await collection SAE T&Cs Box 326 CW25WX 150 ppm,,spam,uci_sms_spam_collection,en
The length is e same but e top shorter n i got a fringe now. I thk i'm not going liao. Too lazy. Dun wan 2 distract u also.,,ham,uci_sms_spam_collection,en
S..antha num corrct dane,,ham,uci_sms_spam_collection,en
The basket's gettin full so I might be by tonight,,ham,uci_sms_spam_collection,en
HI DARLIN IVE JUST GOT BACK AND I HAD A REALLY NICE NIGHT AND THANKS SO MUCH FOR THE LIFT SEE U TOMORROW XXX,,ham,uci_sms_spam_collection,en
No other Valentines huh? The proof is on your fb page. Ugh I'm so glad I really DIDN'T watch your rupaul show you TOOL!,,ham,uci_sms_spam_collection,en
Free tones Hope you enjoyed your new content. text stop to 61610 to unsubscribe. help:08712400602450p Provided by tones2you.co.uk,,spam,uci_sms_spam_collection,en
Eh den sat u book e kb liao huh...,,ham,uci_sms_spam_collection,en
Have you been practising your curtsey?,,ham,uci_sms_spam_collection,en
Lol boo I was hoping for a laugh,,ham,uci_sms_spam_collection,en
\YEH I AM DEF UP4 SOMETHING SAT,,ham,uci_sms_spam_collection,en
"Well, I have to leave for my class babe ... You never came back to me ... :-( ... Hope you have a nice sleep, my love",,ham,uci_sms_spam_collection,en
LMAO where's your fish memory when I need it?,,ham,uci_sms_spam_collection,en
But i'll b going 2 sch on mon. My sis need 2 take smth.,,ham,uci_sms_spam_collection,en
Idea will soon get converted to live:),,ham,uci_sms_spam_collection,en
TheMob>Yo yo yo-Here comes a new selection of hot downloads for our members to get for FREE! Just click & open the next link sent to ur fone...,,spam,uci_sms_spam_collection,en
S....s...india going to draw the series after many years in south african soil..,,ham,uci_sms_spam_collection,en
"Goodmorning, today i am late for  &lt;DECIMAL&gt; min.",,ham,uci_sms_spam_collection,en
Can't take any major roles in community outreach. You rock mel,,ham,uci_sms_spam_collection,en
Shopping lor. Them raining mah hard 2 leave orchard.,,ham,uci_sms_spam_collection,en
Hi here. have birth at on the  to  at 8lb 7oz. Mother and baby doing brilliantly.,,ham,uci_sms_spam_collection,en
See the forwarding message for proof,,ham,uci_sms_spam_collection,en
"I can't keep going through this. It was never my intention to run you out, but if you choose to do that rather than keep the room clean so *I* don't have to say no to visitors, then maybe that's the best choice. Yes, I wanted you to be embarassed, so maybe you'd feel for once how I feel when i have a friend who wants to drop buy and i have to say no, as happened this morning. I've tried everything. I don't know what else to do.",,ham,uci_sms_spam_collection,en
Dunno lei... I thk mum lazy to go out... I neva ask her yet...,,ham,uci_sms_spam_collection,en
"Do whatever you want. You know what the rules are. We had a talk earlier this week about what had to start happening, you showing responsibility. Yet, every week it's can i bend the rule this way? What about that way? Do whatever. I'm tired of having thia same argument with you every week. And a  &lt;#&gt;  movie DOESNT inlude the previews. You're still getting in after 1.",,ham,uci_sms_spam_collection,en
"Beautiful Truth against Gravity.. Read carefully: \Our heart feels light when someone is in it.. But it feels very heavy when someone leaves it..\"" GOODMORNING""",,ham,uci_sms_spam_collection,en
Great News! Call FREEFONE 08006344447 to claim your guaranteed å£1000 CASH or å£2000 gift. Speak to a live operator NOW!,,spam,uci_sms_spam_collection,en
Ambrith..madurai..met u in arun dha marrge..remembr?,,ham,uci_sms_spam_collection,en
Just re read it and I have no shame but tell me how he takes it and if he runs I will blame u 4 ever!! Not really 4 ever just a long time ,,ham,uci_sms_spam_collection,en
"Princess, is your kitty shaved or natural?",,ham,uci_sms_spam_collection,en
"Better than bb. If he wont use it, his wife will or them doctor",,ham,uci_sms_spam_collection,en
Ya it came a while ago,,ham,uci_sms_spam_collection,en
From tomorrow onwards eve 6 to 3 work.,,ham,uci_sms_spam_collection,en
Anything lor but toa payoh got place 2 walk meh...,,ham,uci_sms_spam_collection,en
"I don't have anybody's number, I still haven't thought up a tactful way to ask alex",,ham,uci_sms_spam_collection,en
"U can WIN å£100 of Music Gift Vouchers every week starting NOW Txt the word DRAW to 87066 TsCs www.ldew.com SkillGame,1Winaweek, age16.150ppermessSubscription",,spam,uci_sms_spam_collection,en
Is there any movie theatre i can go to and watch unlimited movies and just pay once?,,ham,uci_sms_spam_collection,en
U having lunch alone? I now so bored...,,ham,uci_sms_spam_collection,en
"Yes obviously, but you are the eggs-pert and the potato headÛ_ Speak soon! ",,ham,uci_sms_spam_collection,en
"Nah man, my car is meant to be crammed full of people",,ham,uci_sms_spam_collection,en
No got new job at bar in airport on satsgettin 4.47per hour but means no lie in! keep in touch,,ham,uci_sms_spam_collection,en
Kallis is ready for bat in 2nd innings,,ham,uci_sms_spam_collection,en
Thanx but my birthday is over already.,,ham,uci_sms_spam_collection,en
"Ugh y can't u just apologize, admit u were wrong and ask me to take u back?",,ham,uci_sms_spam_collection,en
"I noe la... U wana pei bf oso rite... K lor, other days den...",,ham,uci_sms_spam_collection,en
"Yes, i'm small kid.. And boost is the secret of my energy..",,ham,uci_sms_spam_collection,en
IM GONNA MISS U SO MUCH,,ham,uci_sms_spam_collection,en
Is avatar supposed to have subtoitles,,ham,uci_sms_spam_collection,en
Simply sitting and watching match in office..,,ham,uci_sms_spam_collection,en
You can jot down things you want to remember later.,,ham,uci_sms_spam_collection,en
Oh sorry please its over,,ham,uci_sms_spam_collection,en
Hey are we going for the lo lesson or gym? ,,ham,uci_sms_spam_collection,en
"Dont pack what you can buy at any store.like cereals. If you must pack food, pack gari or something 9ja that you will miss.",,ham,uci_sms_spam_collection,en
You always make things bigger than they are,,ham,uci_sms_spam_collection,en
ÌÏ dun wan to watch infernal affair?,,ham,uci_sms_spam_collection,en
"Me not waking up until 4 in the afternoon, sup",,ham,uci_sms_spam_collection,en
I can send you a pic if you like :),,ham,uci_sms_spam_collection,en
Okay... I booked all already... Including the one at bugis.,,ham,uci_sms_spam_collection,en
"Aight fuck it, I'll get it later",,ham,uci_sms_spam_collection,en
No de. But call me after some time. Ill tell you k,,ham,uci_sms_spam_collection,en
So dont use hook up any how,,ham,uci_sms_spam_collection,en
How much is blackberry bold2 in nigeria.,,ham,uci_sms_spam_collection,en
Hi where you. You in home or calicut?,,ham,uci_sms_spam_collection,en
Hey darlin.. i can pick u up at college if u tell me wen & where 2 mt.. love Pete xx,,ham,uci_sms_spam_collection,en
"Call 09094100151 to use ur mins! Calls cast 10p/min (mob vary). Service provided by AOM, just GBP5/month. AOM Box61,M60 1ER until u stop. Ages 18+ only!",,spam,uci_sms_spam_collection,en
"Oh... I was thkin of goin yogasana at 10 den no nd to go at 3 den can rush to parco 4 nb... Okie lor, u call me when ready...",,ham,uci_sms_spam_collection,en
Y so late but i need to go n get da laptop...,,ham,uci_sms_spam_collection,en
"Sir, I am waiting for your mail.",,ham,uci_sms_spam_collection,en
.Please charge my mobile when you get up in morning.,,ham,uci_sms_spam_collection,en
"Nothing, i got msg frm tht unknown no..",,ham,uci_sms_spam_collection,en
Ugh fuck it I'm resubbing to eve,,ham,uci_sms_spam_collection,en
He didn't see his shadow. We get an early spring yay,,ham,uci_sms_spam_collection,en
I did. One slice and one breadstick. Lol,,ham,uci_sms_spam_collection,en
"Hey ! I want you ! I crave you ! I miss you ! I need you ! I love you, Ahmad Saeed al Hallaq ...",,ham,uci_sms_spam_collection,en
Is there any training tomorrow?,,ham,uci_sms_spam_collection,en
"URGENT! Your mobile No *********** WON a å£2,000 Bonus Caller Prize on 02/06/03! This is the 2nd attempt to reach YOU! Call 09066362220 ASAP! BOX97N7QP, 150ppm",,spam,uci_sms_spam_collection,en
Pass dis to all ur contacts n see wat u get! Red;i'm in luv wid u. Blue;u put a smile on my face. Purple;u r realy hot. Pink;u r so swt. Orange;i thnk i lyk u. Green;i realy wana go out wid u. Yelow;i wnt u bck. Black;i'm jealous of u. Brown;i miss you Nw plz giv me one color,,ham,uci_sms_spam_collection,en
Cos daddy arranging time c wat time fetch Ì_ mah...,,ham,uci_sms_spam_collection,en
Then. You are eldest know.,,ham,uci_sms_spam_collection,en
Who's there say hi to our drugdealer,,ham,uci_sms_spam_collection,en
Its hard to believe things like this. All can say lie but think twice before saying anything to me.,,ham,uci_sms_spam_collection,en
"Eerie Nokia tones 4u, rply TONE TITLE to 8007 eg TONE DRACULA to 8007 Titles: GHOST, ADDAMSFA, MUNSTERS, EXORCIST, TWILIGHT www.getzed.co.uk POBox36504W45WQ 150p ",,spam,uci_sms_spam_collection,en
Sexy Singles are waiting for you! Text your AGE followed by your GENDER as wither M or F E.G.23F. For gay men text your AGE followed by a G. e.g.23G.,,spam,uci_sms_spam_collection,en
Good night my dear.. Sleepwell&amp;Take care,,ham,uci_sms_spam_collection,en
That is wondarfull song,,ham,uci_sms_spam_collection,en
"FreeMsg: Claim ur 250 SMS messages-Text OK to 84025 now!Use web2mobile 2 ur mates etc. Join Txt250.com for 1.50p/wk. T&C BOX139, LA32WU. 16 . Remove txtX or stop",,spam,uci_sms_spam_collection,en
Yar lor actually we quite fast... Cos da ge slow wat... Haha...,,ham,uci_sms_spam_collection,en
Must come later.. I normally bathe him in da afternoon mah..,,ham,uci_sms_spam_collection,en
"Trust me. Even if isn't there, its there.",,ham,uci_sms_spam_collection,en
Hey hun-onbus goin 2 meet him. He wants 2go out 4a meal but I donyt feel like it cuz have 2 get last bus home!But hes sweet latelyxxx,,ham,uci_sms_spam_collection,en
85233 FREE>Ringtone!Reply REAL,,spam,uci_sms_spam_collection,en
I can take you at like noon,,ham,uci_sms_spam_collection,en
Where is it. Is there any opening for mca.,,ham,uci_sms_spam_collection,en
I'm aight. Wat's happening on your side.,,ham,uci_sms_spam_collection,en
I'm done oredi...,,ham,uci_sms_spam_collection,en
"you are sweet as well, princess. Please tell me your likes and dislikes in bed...",,ham,uci_sms_spam_collection,en
How are you. Wish you a great semester,,ham,uci_sms_spam_collection,en
Moji i love you more than words. Have a rich day,,ham,uci_sms_spam_collection,en
Dude how do you like the buff wind.,,ham,uci_sms_spam_collection,en
\alright babe,,ham,uci_sms_spam_collection,en
Well done ENGLAND! Get the official poly ringtone or colour flag on yer mobile! text TONE or FLAG to 84199 NOW! Opt-out txt ENG STOP. Box39822 W111WX å£1.50,,spam,uci_sms_spam_collection,en
"No i'm not. I can't give you everything you want and need. You actually could do better for yourself on yor own--you've got more money than i do. I can't get work, i can't get a man, i can't pay the rent, i can't even fill my fucking gas tank. yes, i'm stressed and depressed. I didn't even call home for thanksgiving cuz i'll have to tell them i,m up to nothing.",,ham,uci_sms_spam_collection,en
S:-)kallis wont play in first two odi:-),,ham,uci_sms_spam_collection,en
Then get some cash together and I'll text jason,,ham,uci_sms_spam_collection,en
"Oh, my love, it's soooo good to hear from you. Omg I missed you so much today. I'm sorry your having problems with the provider but thank you for tming me",,ham,uci_sms_spam_collection,en
"Final Chance! Claim ur å£150 worth of discount vouchers today! Text YES to 85023 now! SavaMob, member offers mobile! T Cs SavaMob POBOX84, M263UZ. å£3.00 Subs 16",,spam,uci_sms_spam_collection,en
"Probably, want to pick up more?",,ham,uci_sms_spam_collection,en
I'm done...,,ham,uci_sms_spam_collection,en
Are you the cutest girl in the world or what,,ham,uci_sms_spam_collection,en
"No dice, art class 6 thru 9 :( thanks though. Any idea what time I should come tomorrow?",,ham,uci_sms_spam_collection,en
"SMS SERVICES. for your inclusive text credits, pls goto www.comuk.net login= ***** unsubscribe with STOP. no extra charge. help:08700469649. PO BOX420. IP4 5WE",,spam,uci_sms_spam_collection,en
Oh Howda gud gud.. Mathe en samachara chikku:-),,ham,uci_sms_spam_collection,en
I thk 530 lor. But dunno can get tickets a not. Wat u doing now?,,ham,uci_sms_spam_collection,en
Audrie lousy autocorrect,,ham,uci_sms_spam_collection,en
Its a site to simulate the test. It just gives you very tough questions to test your readiness.,,ham,uci_sms_spam_collection,en
Anyway seriously hit me up when you're back because otherwise I have to light up with armand and he always has shit and/or is vomiting,,ham,uci_sms_spam_collection,en
I fetch yun or u fetch?,,ham,uci_sms_spam_collection,en
Thank you. I like you as well...,,ham,uci_sms_spam_collection,en
"Hmmm ... And imagine after you've come home from that having to rub my feet, make me dinner and help me get ready for my date ! Are you sure your ready for that kind of life ?",,ham,uci_sms_spam_collection,en
Lara said she can loan me  &lt;#&gt; .,,ham,uci_sms_spam_collection,en
Do we have any spare power supplies,,ham,uci_sms_spam_collection,en
Yar he quite clever but aft many guesses lor. He got ask me 2 bring but i thk darren not so willing 2 go. Aiya they thk leona still not attach wat.,,ham,uci_sms_spam_collection,en
You are a winner you have been specially selected to receive å£1000 cash or a å£2000 award. Speak to a live operator to claim call 087123002209am-7pm. Cost 10p,,spam,uci_sms_spam_collection,en
"Yeah, don't go to bed, I'll be back before midnight",,ham,uci_sms_spam_collection,en
"Sunshine Hols. To claim ur med holiday send a stamped self address envelope to Drinks on Us UK, PO Box 113, Bray, Wicklow, Eire. Quiz Starts Saturday! Unsub Stop",,spam,uci_sms_spam_collection,en
Well I wasn't available as I washob nobbing with last night so they had to ask Nickey Platt instead of me!;,,ham,uci_sms_spam_collection,en
"It's that time of the week again, ryan",,ham,uci_sms_spam_collection,en
Wish u many many returns of the day.. Happy birthday vikky..,,ham,uci_sms_spam_collection,en
"U can WIN å£100 of Music Gift Vouchers every week starting NOW Txt the word DRAW to 87066 TsCs www.Idew.com SkillGame, 1Winaweek, age16. 150ppermessSubscription",,spam,uci_sms_spam_collection,en
I hope you know I'm still mad at you.,,ham,uci_sms_spam_collection,en
"Argh my 3g is spotty, anyway the only thing I remember from the research we did was that province and sterling were the only problem-free places we looked at",,ham,uci_sms_spam_collection,en
In xam hall boy asked girl Tell me the starting term for dis answer I can den manage on my own After lot of hesitation n lookin around silently she said THE! intha ponnungale ipaditan;),,ham,uci_sms_spam_collection,en
Do you know when the result.,,ham,uci_sms_spam_collection,en
"Sorry im getting up now, feel really bad- totally rejected that kinda me thing.",,ham,uci_sms_spam_collection,en
You do got a shitload of diamonds though,,ham,uci_sms_spam_collection,en
Tessy..pls do me a favor. Pls convey my birthday wishes to Nimya..pls dnt forget it. Today is her birthday Shijas,,ham,uci_sms_spam_collection,en
Well I'm going to be an aunty!,,ham,uci_sms_spam_collection,en
Mine here like all fr china then so noisy.,,ham,uci_sms_spam_collection,en
Later i guess. I needa do mcat study too.,,ham,uci_sms_spam_collection,en
S...from the training manual it show there is no tech process:)its all about password reset and troubleshooting:),,ham,uci_sms_spam_collection,en
Your B4U voucher w/c 27/03 is MARSMS. Log onto www.B4Utele.com for discount credit. To opt out reply stop. Customer care call 08717168528,,spam,uci_sms_spam_collection,en
"Spoke with uncle john today. He strongly feels that you need to sacrifice to keep me here. He's going to call you. When he does, i beg you to just listen. Dont make any promises or make it clear things are not easy. And i need you to please let us work things out. As long as i keep expecting help, my creativity will be stifled so pls just keep him happy, no promises on your part.",,ham,uci_sms_spam_collection,en
"Carlos took a while (again), we leave in a minute",,ham,uci_sms_spam_collection,en
Well done and ! luv ya all ,,ham,uci_sms_spam_collection,en
Then why you came to hostel.,,ham,uci_sms_spam_collection,en
K still are you loving me.,,ham,uci_sms_spam_collection,en
But i juz remembered i gotta bathe my dog today..,,ham,uci_sms_spam_collection,en
After the drug she will be able to eat.,,ham,uci_sms_spam_collection,en
Alright took the morphine. Back in yo.,,ham,uci_sms_spam_collection,en
You see the requirements please,,ham,uci_sms_spam_collection,en
You stayin out of trouble stranger!!saw Dave the other day heåÕs sorted now!still with me bloke when u gona get a girl MR!ur mum still Thinks we will get 2GETHA! ,,ham,uci_sms_spam_collection,en
FreeMsg: Hey - I'm Buffy. 25 and love to satisfy men. Home alone feeling randy. Reply 2 C my PIX! QlynnBV Help08700621170150p a msg Send stop to stop txts,,spam,uci_sms_spam_collection,en
So can collect ur laptop?,,ham,uci_sms_spam_collection,en
"Ok. Can be later showing around 8-8:30 if you want + cld have drink before. Wld prefer not to spend money on nosh if you don't mind, as doing that nxt wk.",,ham,uci_sms_spam_collection,en
I will once i get home,,ham,uci_sms_spam_collection,en
Waaaat?? Lololo ok next time then!,,ham,uci_sms_spam_collection,en
"The table's occupied, I'm waiting by the tree",,ham,uci_sms_spam_collection,en
I surely dont forgot to come:)i will always be in touch in with you:-),,ham,uci_sms_spam_collection,en
Hi kindly give us back our documents which we submitted for loan from STAPATI,,ham,uci_sms_spam_collection,en
I dont have i shall buy one dear,,ham,uci_sms_spam_collection,en
Oh god i am happy to see your message after 3 days,,ham,uci_sms_spam_collection,en
What year. And how many miles.,,ham,uci_sms_spam_collection,en
Hey cutie. How goes it? Here in WALES its kinda ok. There is like hills and shit but i still avent killed myself. ,,ham,uci_sms_spam_collection,en
"Sad story of a Man - Last week was my b'day. My Wife did'nt wish me. My Parents forgot n so did my Kids . I went to work. Even my Colleagues did not wish. As I entered my cabin my PA said, '' Happy B'day Boss !!''. I felt special. She askd me 4 lunch. After lunch she invited me to her apartment. We went there. She said,'' do u mind if I go into the bedroom for a minute ? '' ''OK'', I sed in a sexy mood. She came out 5 minuts latr wid a cake...n My Wife, My Parents, My Kidz, My Friends n My Colleagues. All screaming.. SURPRISE !! and I was waiting on the sofa.. ... ..... ' NAKED...!",,ham,uci_sms_spam_collection,en
I think you should go the honesty road. Call the bank tomorrow. Its the tough decisions that make us great people.,,ham,uci_sms_spam_collection,en
FREE for 1st week! No1 Nokia tone 4 ur mob every week just txt NOKIA to 87077 Get txting and tell ur mates. zed POBox 36504 W45WQ norm150p/tone 16+,,spam,uci_sms_spam_collection,en
No. Its not specialisation. Can work but its slave labor. Will look for it this month sha cos no shakara 4 beggar.,,ham,uci_sms_spam_collection,en
Is she replying. Has boye changed his phone number,,ham,uci_sms_spam_collection,en
hi my darlin im on my way to London and we have just been smashed into by another driver! and have a big dent! im really missing u what have u been up to? xxx,,ham,uci_sms_spam_collection,en
"Nothing really, just making sure everybody's up to speed",,ham,uci_sms_spam_collection,en
I'm not coming home 4 dinner.,,ham,uci_sms_spam_collection,en
"Thank you. And by the way, I just lost.",,ham,uci_sms_spam_collection,en
Yes.he have good crickiting mind,,ham,uci_sms_spam_collection,en
Thx. All will be well in a few months,,ham,uci_sms_spam_collection,en
\CAN I PLEASE COME UP NOW IMIN TOWN.DONTMATTER IF URGOIN OUTL8R,,ham,uci_sms_spam_collection,en
I wont. So wat's wit the guys,,ham,uci_sms_spam_collection,en
Yavnt tried yet and never played original either,,ham,uci_sms_spam_collection,en
"Hiya, had a good day? Have you spoken to since the weekend?",,ham,uci_sms_spam_collection,en
See? I thought it all through,,ham,uci_sms_spam_collection,en
get ready to moan and scream :),,ham,uci_sms_spam_collection,en
Oh k :)why you got job then whats up?,,ham,uci_sms_spam_collection,en
"I don,t think so. You don't need to be going out that late on a school night. ESPECIALLY when the one class you have is the one you missed last wednesday and probably failed a test in on friday",,ham,uci_sms_spam_collection,en
And popping &lt;#&gt; ibuprofens was no help.,,ham,uci_sms_spam_collection,en
"Babe ! How goes that day ? What are you doing ? Where are you ? I sip my cappuccino and think of you, my love ... I send a kiss to you from across the sea",,ham,uci_sms_spam_collection,en
Ok.,,ham,uci_sms_spam_collection,en
PS U no ur a grown up now right?,,ham,uci_sms_spam_collection,en
"Chinatown got porridge, claypot rice, yam cake, fishhead beehoon... Either we eat cheap den go cafe n tok or go nydc or somethin...",,ham,uci_sms_spam_collection,en
I know a few people I can hit up and fuck to the yes,,ham,uci_sms_spam_collection,en
Purity of friendship between two is not about smiling after reading the forwarded message..Its about smiling just by seeing the name. Gud evng,,ham,uci_sms_spam_collection,en
So is there anything specific I should be doing with regards to jaklin or what because idk what the fuck,,ham,uci_sms_spam_collection,en
Oh god. I'm gonna Google nearby cliffs now.,,ham,uci_sms_spam_collection,en
FREE camera phones with linerental from 4.49/month with 750 cross ntwk mins. 1/2 price txt bundle deals also avble. Call 08001950382 or call2optout/J MF,,spam,uci_sms_spam_collection,en
Yup i shd haf ard 10 pages if i add figures... ÌÏ all got how many pages?,,ham,uci_sms_spam_collection,en
"Ooh, 4got, i'm gonna start belly dancing in moseley weds 6.30 if u want 2 join me, they have a cafe too. ",,ham,uci_sms_spam_collection,en
Thankyou so much for the call. I appreciate your care.,,ham,uci_sms_spam_collection,en
Congrats ! Treat pending.i am not on mail for 2 days.will mail once thru.Respect mother at home.check mails.,,ham,uci_sms_spam_collection,en
I called but no one pick up e phone. I ask both of them already they said ok.,,ham,uci_sms_spam_collection,en
Hi my email address has changed now it is ,,ham,uci_sms_spam_collection,en
"V-aluable. A-ffectionate. L-oveable. E-ternal. N-oble. T-ruthful. I-ntimate. N-atural. E-namous. Happy \VALENTINES DAY\"" in advance""",,ham,uci_sms_spam_collection,en
"Not much, just some textin'. How bout you?",,ham,uci_sms_spam_collection,en
Bring it if you got it,,ham,uci_sms_spam_collection,en
I'm in a movie. Call me 4 wat?,,ham,uci_sms_spam_collection,en
Not sure I have the stomach for it ...,,ham,uci_sms_spam_collection,en
Haha... can... But i'm having dinner with my cousin...,,ham,uci_sms_spam_collection,en
"A boy was late 2 home. His father: \POWER OF FRNDSHIP\""""",,ham,uci_sms_spam_collection,en
"(And my man carlos is definitely coming by mu tonight, no excuses)",,ham,uci_sms_spam_collection,en
soon you will have the real thing princess! Do i make you wet? :),,ham,uci_sms_spam_collection,en
Raji..pls do me a favour. Pls convey my Birthday wishes to Nimya. Pls. Today is her birthday.,,ham,uci_sms_spam_collection,en
"Haha, my legs and neck are killing me and my amigos are hoping to end the night with a burn, think I could swing by in like an hour?",,ham,uci_sms_spam_collection,en
"URGENT! Your mobile No 07xxxxxxxxx won a å£2,000 bonus caller prize on 02/06/03! this is the 2nd attempt to reach YOU! call 09066362231 ASAP! BOX97N7QP, 150PPM",,spam,uci_sms_spam_collection,en
Usually the body takes care of it buy making sure it doesnt progress. Can we pls continue this talk on saturday.,,ham,uci_sms_spam_collection,en
"URGENT!! Your 4* Costa Del Sol Holiday or å£5000 await collection. Call 09050090044 Now toClaim. SAE, TC s, POBox334, Stockport, SK38xh, Costå£1.50/pm, Max10mins",,spam,uci_sms_spam_collection,en
"Hmm well, night night ",,ham,uci_sms_spam_collection,en
Just wanted to say holy shit you guys weren't kidding about this bud,,ham,uci_sms_spam_collection,en
"Just gettin a bit arty with my collages at the mo, well tryin 2 ne way! Got a roast in a min lovely i shall enjoy that!",,ham,uci_sms_spam_collection,en
"This is one of the days you have a billion classes, right?",,ham,uci_sms_spam_collection,en
"Goodmorning, today i am late for 2hrs. Because of back pain.",,ham,uci_sms_spam_collection,en
Ok then i'll let him noe later n ask him call u tmr...,,ham,uci_sms_spam_collection,en
OK i'm waliking ard now... Do u wan me 2 buy anything go ur house?,,ham,uci_sms_spam_collection,en
* Will have two more cartons off u and is very pleased with shelves,,ham,uci_sms_spam_collection,en
Nice talking to you! please dont forget my pix :) i want to see all of you...,,ham,uci_sms_spam_collection,en
You have WON a guaranteed å£1000 cash or a å£2000 prize. To claim yr prize call our customer service representative on 08714712379 between 10am-7pm Cost 10p,,spam,uci_sms_spam_collection,en
But really quite funny lor wat... Then u shd haf run shorter distance wat...,,ham,uci_sms_spam_collection,en
I notice you like looking in the shit mirror youre turning into a right freak,,ham,uci_sms_spam_collection,en
Great. I was getting worried about you. Just know that a wonderful and caring person like you will have only the best in life. Know that u r wonderful and God's love is yours.,,ham,uci_sms_spam_collection,en
"Thanks for your ringtone order, ref number K718. Your mobile will be charged å£4.50. Should your tone not arrive please call customer services on 09065069120",,spam,uci_sms_spam_collection,en
"I prefer my free days... Tues, wed, fri oso can... ÌÏ ask those workin lor...",,ham,uci_sms_spam_collection,en
Alrite jod hows the revision goin? Keris bin doin a smidgin. N e way u wanna cum over after college?xx,,ham,uci_sms_spam_collection,en
If you have belive me. Come to my home.,,ham,uci_sms_spam_collection,en
Oh k.k..where did you take test?,,ham,uci_sms_spam_collection,en
Those were my exact intentions,,ham,uci_sms_spam_collection,en
haha but no money leh... Later got to go for tuition... Haha and looking for empty slots for driving lessons,,ham,uci_sms_spam_collection,en
"Hey... Thk we juz go accordin to wat we discussed yest lor, except no kb on sun... Cos there's nt much lesson to go if we attend kb on sat...",,ham,uci_sms_spam_collection,en
"K, wen ur free come to my home and also tel vikky i hav sent mail to him also.. Better come evening il be free today aftr 6pm..:-)",,ham,uci_sms_spam_collection,en
Nothing just getting msgs by dis name wit different no's..,,ham,uci_sms_spam_collection,en
What's your room number again? Wanna make sure I'm knocking on the right door,,ham,uci_sms_spam_collection,en
\Si.como no?!listened2the plaid album-quite gd&the new air1 which is hilarious-also boughtåÓbraindanceåÓa comp.ofstuff on aphexåÕs ;abel,,ham,uci_sms_spam_collection,en
Pls tell nelson that the bb's are no longer comin. The money i was expecting aint coming,,ham,uci_sms_spam_collection,en
"Give her something to drink, if she takes it and doesn't vomit then you her temp might drop. If she unmits however let me know.",,ham,uci_sms_spam_collection,en
Think you sent the text to the home phone. That cant display texts. If you still want to send it his number is,,ham,uci_sms_spam_collection,en
Every day i use to sleep after  &lt;#&gt;  so only.,,ham,uci_sms_spam_collection,en
K I'll call you when I'm close,,ham,uci_sms_spam_collection,en
U buy newspapers already?,,ham,uci_sms_spam_collection,en
Nope wif my sis lor... Aft bathing my dog then i can bathe... Looks like it's going 2 rain soon.,,ham,uci_sms_spam_collection,en
Boo I'm on my way to my moms. She's making tortilla soup. Yummmm,,ham,uci_sms_spam_collection,en
No management puzzeles.,,ham,uci_sms_spam_collection,en
How did you find out in a way that didn't include all of these details,,ham,uci_sms_spam_collection,en
"Hi ya babe x u 4goten bout me?' scammers getting smart..Though this is a regular vodafone no, if you respond you get further prem rate msg/subscription. Other nos used also. Beware!",,spam,uci_sms_spam_collection,en
Back 2 work 2morro half term over! Can U C me 2nite 4 some sexy passion B4 I have 2 go back? Chat NOW 09099726481 Luv DENA Calls å£1/minMobsmoreLKPOBOX177HP51FL,,spam,uci_sms_spam_collection,en
will you like to be spoiled? :),,ham,uci_sms_spam_collection,en
"Thanks for your ringtone order, ref number R836. Your mobile will be charged å£4.50. Should your tone not arrive please call customer services on 09065069154",,spam,uci_sms_spam_collection,en
I am getting threats from your sales executive Shifad as i raised complaint against him. Its an official message.,,ham,uci_sms_spam_collection,en
hope things went well at 'doctors' ;) reminds me i still need 2go.did u c d little thing i left in the lounge?,,ham,uci_sms_spam_collection,en
Den wat will e schedule b lk on sun?,,ham,uci_sms_spam_collection,en
Lol enjoy role playing much?,,ham,uci_sms_spam_collection,en
Ok. Me watching tv too.,,ham,uci_sms_spam_collection,en
I just lov this line: \Hurt me with the truth,,ham,uci_sms_spam_collection,en
"Just checked out, heading out to drop off my stuff now",,ham,uci_sms_spam_collection,en
Here got lots of hair dresser fr china.,,ham,uci_sms_spam_collection,en
Sad story of a Man - Last week was my b'day. My Wife did'nt wish me. My Parents forgot n so did my Kids . I went to work. Even my Colleagues did not wish.,,ham,uci_sms_spam_collection,en
Ill call you evening ill some ideas.,,ham,uci_sms_spam_collection,en
SplashMobile: Choose from 1000s of gr8 tones each wk! This is a subscrition service with weekly tones costing 300p. U have one credit - kick back and ENJOY,,spam,uci_sms_spam_collection,en
Did you show him and wot did he say or could u not c him 4 dust?,,ham,uci_sms_spam_collection,en
It should take about  &lt;#&gt;  min,,ham,uci_sms_spam_collection,en
Not heard from U4 a while. Call 4 rude chat private line 01223585334 to cum. Wan 2C pics of me gettin shagged then text PIX to 8552. 2End send STOP 8552 SAM xxx,,spam,uci_sms_spam_collection,en
<Forwarded from 88877>FREE entry into our å£250 weekly comp just send the word ENTER to 88877 NOW. 18 T&C www.textcomp.com,,spam,uci_sms_spam_collection,en
Finish liao... U?,,ham,uci_sms_spam_collection,en
88066 FROM 88066 LOST 3POUND HELP,,spam,uci_sms_spam_collection,en
Haha i think i did too,,ham,uci_sms_spam_collection,en
U know we watchin at lido?,,ham,uci_sms_spam_collection,en
Life spend with someone for a lifetime may be meaningless but a few moments spent with someone who really love you means more than life itself..,,ham,uci_sms_spam_collection,en
"Haha awesome, I've been to 4u a couple times. Who all's coming?",,ham,uci_sms_spam_collection,en
Cold. Dont be sad dear,,ham,uci_sms_spam_collection,en
Think I could stop by in like an hour or so? My roommate's looking to stock up for a trip,,ham,uci_sms_spam_collection,en
Is that on the telly? No its Brdget Jones!,,ham,uci_sms_spam_collection,en
Hello! How r u? Im bored. Inever thought id get bored with the tv but I am. Tell me something exciting has happened there? Anything! =/,,ham,uci_sms_spam_collection,en
Hmm...Bad news...Hype park plaza $700 studio taken...Only left 2 bedrm-$900...,,ham,uci_sms_spam_collection,en
"Sorry, I'll call later in meeting",,ham,uci_sms_spam_collection,en
R Ì_ comin back for dinner?,,ham,uci_sms_spam_collection,en
"I hav almost reached. Call, i m unable to connect u.",,ham,uci_sms_spam_collection,en
Whom you waited for yesterday,,ham,uci_sms_spam_collection,en
I reach home safe n sound liao...,,ham,uci_sms_spam_collection,en
"Velly good, yes please!",,ham,uci_sms_spam_collection,en
"Hi, wkend ok but journey terrible. Wk not good as have huge back log of marking to do",,ham,uci_sms_spam_collection,en
I have had two more letters from . I will copy them for you cos one has a message for you. Speak soon,,ham,uci_sms_spam_collection,en
Alex knows a guy who sells mids but he's down in south tampa and I don't think I could set it up before like 8,,ham,uci_sms_spam_collection,en
Dont you have message offer,,ham,uci_sms_spam_collection,en
Had your mobile 11mths ? Update for FREE to Oranges latest colour camera mobiles & unlimited weekend calls. Call Mobile Upd8 on freefone 08000839402 or 2StopTx,,spam,uci_sms_spam_collection,en
"HEY THERE BABE, HOW U DOIN? WOT U UP 2 2NITE LOVE ANNIE X.",,ham,uci_sms_spam_collection,en
Remind me how to get there and I shall do so,,ham,uci_sms_spam_collection,en
:-( that's not v romantic!,,ham,uci_sms_spam_collection,en
Hello. Damn this christmas thing. I think i have decided to keep this mp3 that doesnt work.,,ham,uci_sms_spam_collection,en
You have 1 new message. Please call 08718738034.,,spam,uci_sms_spam_collection,en
HI DARLIN IM MISSIN U HOPE YOU ARE HAVING A GOOD TIME. WHEN ARE U BACK AND WHAT TIME IF U CAN GIVE ME A CALL AT HOME. JESS XX,,ham,uci_sms_spam_collection,en
<Forwarded from 21870000>Hi - this is your Mailbox Messaging SMS alert. You have 4 messages. You have 21 matches. Please call back on 09056242159 to retrieve your messages and matches,,spam,uci_sms_spam_collection,en
Draw va?i dont think so:),,ham,uci_sms_spam_collection,en
Dont pick up d call when something important is There to tell. Hrishi,,ham,uci_sms_spam_collection,en
Nothin comes to my mind. ÌÏ help me buy hanger lor. Ur laptop not heavy?,,ham,uci_sms_spam_collection,en
"&lt;#&gt; , that's all? Guess that's easy enough",,ham,uci_sms_spam_collection,en
We can make a baby in yo tho,,ham,uci_sms_spam_collection,en
Should I tell my friend not to come round til like  &lt;#&gt; ish?,,ham,uci_sms_spam_collection,en
Friendship poem: Dear O Dear U R Not Near But I Can Hear Dont Get Fear Live With Cheer No More Tear U R Always my Dear. Gud ni8,,ham,uci_sms_spam_collection,en
Still in the area of the restaurant. Ill try to come back soon,,ham,uci_sms_spam_collection,en
"Aight that'll work, thanks",,ham,uci_sms_spam_collection,en
Moby Pub Quiz.Win a å£100 High Street prize if u know who the new Duchess of Cornwall will be? Txt her first name to 82277.unsub STOP å£1.50 008704050406 SP Arrow,,spam,uci_sms_spam_collection,en
"I have 2 sleeping bags, 1 blanket and paper and  phone details. Anything else?",,ham,uci_sms_spam_collection,en
You have won a Nokia 7250i. This is what you get when you win our FREE auction. To take part send Nokia to 86021 now. HG/Suite342/2Lands Row/W1JHL 16+ ,,spam,uci_sms_spam_collection,en
"Congratulations! Thanks to a good friend U have WON the å£2,000 Xmas prize. 2 claim is easy, just call 08718726971 NOW! Only 10p per minute. BT-national-rate.",,spam,uci_sms_spam_collection,en
"tddnewsletter@emc1.co.uk (More games from TheDailyDraw) Dear Helen, Dozens of Free Games - with great prizesWith..",,spam,uci_sms_spam_collection,en
So what do you guys do.,,ham,uci_sms_spam_collection,en
Also that chat was awesome but don't make it regular unless you can see her in person,,ham,uci_sms_spam_collection,en
That's significant but dont worry.,,ham,uci_sms_spam_collection,en
That's cause your old. I live to be high.,,ham,uci_sms_spam_collection,en
"Waqt se pehle or naseeb se zyada kisi ko kuch nahi milta,Zindgi wo nahi he jo hum sochte hai Zindgi wo hai jo ham jeetey hai..........",,ham,uci_sms_spam_collection,en
On the way to office da..,,ham,uci_sms_spam_collection,en
In which place do you want da.,,ham,uci_sms_spam_collection,en
This pain couldn't have come at a worse time.,,ham,uci_sms_spam_collection,en
Should I be stalking u?,,ham,uci_sms_spam_collection,en
Sorry dude. Dont know how i forgot. Even after Dan reminded me. Sorry. Hope you guys had fun.,,ham,uci_sms_spam_collection,en
Ok lor.,,ham,uci_sms_spam_collection,en
Apps class varaya elaya.,,ham,uci_sms_spam_collection,en
"URGENT! Your mobile number *************** WON a å£2000 Bonus Caller prize on 10/06/03! This is the 2nd attempt to reach you! Call 09066368753 ASAP! Box 97N7QP, 150ppm",,spam,uci_sms_spam_collection,en
That day you asked about anand number. Why:-),,ham,uci_sms_spam_collection,en
Am surfing online store. For offers do you want to buy any thing.,,ham,uci_sms_spam_collection,en
Long beach lor. Expected... U having dinner now?,,ham,uci_sms_spam_collection,en
At home by the way,,ham,uci_sms_spam_collection,en
We are both fine. Thanks,,ham,uci_sms_spam_collection,en
What happen to her tell the truth,,ham,uci_sms_spam_collection,en
Do you like Italian food?,,ham,uci_sms_spam_collection,en
Which is weird because I know I had it at one point,,ham,uci_sms_spam_collection,en
"\Aww you must be nearly dead!Well Jez isComing over toDo some workAnd that whillTake forever!\""""",,ham,uci_sms_spam_collection,en
Tell your friends what you plan to do on Valentines day @ &lt;URL&gt;,,ham,uci_sms_spam_collection,en
"Alright, see you in a bit",,ham,uci_sms_spam_collection,en
Cheers for the message Zogtorius. IåÕve been staring at my phone for an age deciding whether to text or not.,,ham,uci_sms_spam_collection,en
I will take care of financial problem.i will help:),,ham,uci_sms_spam_collection,en
Tell dear what happen to you. Why you talking to me like an alian,,ham,uci_sms_spam_collection,en
Double your mins & txts on Orange or 1/2 price linerental - Motorola and SonyEricsson with B/Tooth FREE-Nokia FREE Call MobileUpd8 on 08000839402 or2optout/HV9D,,spam,uci_sms_spam_collection,en
"Hi this is yijue, can i meet u at 11 tmr?",,ham,uci_sms_spam_collection,en
Its posible dnt live in  &lt;#&gt; century cm frwd n thnk different,,ham,uci_sms_spam_collection,en
But i dint slept in afternoon.,,ham,uci_sms_spam_collection,en
That seems unnecessarily affectionate,,ham,uci_sms_spam_collection,en
Yar else i'll thk of all sorts of funny things.,,ham,uci_sms_spam_collection,en
"Download as many ringtones as u like no restrictions, 1000s 2 choose. U can even send 2 yr buddys. Txt Sir to 80082 å£3 ",,spam,uci_sms_spam_collection,en
Thats cool. How was your day?,,ham,uci_sms_spam_collection,en
Please CALL 08712402902 immediately as there is an urgent message waiting for you.,,spam,uci_sms_spam_collection,en
R we going with the  &lt;#&gt;  bus?,,ham,uci_sms_spam_collection,en
"Hello, my love ! How went your day ? Are you alright ? I think of you, my sweet and send a jolt to your heart to remind you ... I LOVE YOU! Can you hear it ? I screamed it across the sea for all the world to hear. Ahmad al Hallaq is loved ! and owned ! *possessive passionate kiss*",,ham,uci_sms_spam_collection,en
No..he joined today itself.,,ham,uci_sms_spam_collection,en
Okay same with me. Well thanks for the clarification,,ham,uci_sms_spam_collection,en
I'll talk to the others and probably just come early tomorrow then,,ham,uci_sms_spam_collection,en
"Spook up your mob with a Halloween collection of a logo & pic message plus a free eerie tone, txt CARD SPOOK to 8007 zed 08701417012150p per logo/pic",,spam,uci_sms_spam_collection,en
"Had the money issue weigh me down but thanks to you, I can breathe easier now. I.ll make sure you dont regret it. Thanks.",,ham,uci_sms_spam_collection,en
Hi. I'm sorry i missed your call. Can you pls call back.,,ham,uci_sms_spam_collection,en
"Fantasy Football is back on your TV. Go to Sky Gamestar on Sky Active and play å£250k Dream Team. Scoring starts on Saturday, so register now!SKY OPT OUT to 88088",,spam,uci_sms_spam_collection,en
Ok then no need to tell me anything i am going to sleep good night,,ham,uci_sms_spam_collection,en
Ok try to do week end course in coimbatore.,,ham,uci_sms_spam_collection,en
Tone Club: Your subs has now expired 2 re-sub reply MONOC 4 monos or POLYC 4 polys 1 weekly @ 150p per week Txt STOP 2 stop This msg free Stream 0871212025016,,spam,uci_sms_spam_collection,en
V nice! Off 2 sheffield tom 2 air my opinions on categories 2 b used 2 measure ethnicity in next census. Busy transcribing. :-),,ham,uci_sms_spam_collection,en
If you r @ home then come down within 5 min,,ham,uci_sms_spam_collection,en
"A Boy loved a gal. He propsd bt she didnt mind. He gv lv lttrs, Bt her frnds threw thm. Again d boy decided 2 aproach d gal , dt time a truck was speeding towards d gal. Wn it was about 2 hit d girl,d boy ran like hell n saved her. She asked 'hw cn u run so fast?' D boy replied \Boost is d secret of my energy\"" n instantly d girl shouted \""our energy\"" n Thy lived happily 2gthr drinking boost evrydy Moral of d story:- I hv free msgs:D;): gud ni8""",,ham,uci_sms_spam_collection,en
"That day Ì_ say Ì_ cut ur hair at paragon, is it called hair sense? Do Ì_ noe how much is a hair cut? ",,ham,uci_sms_spam_collection,en
"Hmm, too many of them unfortunately... Pics obviously arent hot cakes. Its kinda fun tho",,ham,uci_sms_spam_collection,en
Watching tv lor... Y she so funny we bluff her 4 wat. Izzit because she thk it's impossible between us?,,ham,uci_sms_spam_collection,en
XMAS Prize draws! We are trying to contact U. Todays draw shows that you have won a å£2000 prize GUARANTEED. Call 09058094565 from land line. Valid 12hrs only,,spam,uci_sms_spam_collection,en
Dunno lei he neva say...,,ham,uci_sms_spam_collection,en
Thanx 4 2day! U r a goodmate I THINK UR RITE SARY! ASUSUAL!1 U CHEERED ME UP! LOVE U FRANYxxxxx,,ham,uci_sms_spam_collection,en
I'm on my way home. Went to change batt 4 my watch then go shop a bit lor.,,ham,uci_sms_spam_collection,en
YES! The only place in town to meet exciting adult singles is now in the UK. Txt CHAT to 86688 now! 150p/Msg.,,spam,uci_sms_spam_collection,en
"Hi, Mobile no.  &lt;#&gt;  has added you in their contact list on www.fullonsms.com It s a great place to send free sms to people For more visit fullonsms.com",,ham,uci_sms_spam_collection,en
"Good evening Sir, hope you are having a nice day. I wanted to bring it to your notice that I have been late in paying rent for the past few months and have had to pay a $ &lt;#&gt;  charge. I felt it would be inconsiderate of me to nag about something you give at great cost to yourself and that's why i didnt speak up. I however am in a recession and wont be able to pay the charge this month hence my askin well ahead of month's end. Can you please help. Thank you for everything.",,ham,uci_sms_spam_collection,en
"If i let you do this, i want you in the house by 8am.",,ham,uci_sms_spam_collection,en
"Best line said in Love: . \I will wait till the day I can forget u Or The day u realize that u cannot forget me.\""... Gn""",,ham,uci_sms_spam_collection,en
I will reach before ten morning,,ham,uci_sms_spam_collection,en
Your pussy is perfect!,,ham,uci_sms_spam_collection,en
"Someone has contacted our dating service and entered your phone becausethey fancy you! To find out who it is call from a landline 09058098002. PoBox1, W14RG 150p",,spam,uci_sms_spam_collection,en
No message..no responce..what happend?,,ham,uci_sms_spam_collection,en
Also where's the piece,,ham,uci_sms_spam_collection,en
"wiskey Brandy Rum Gin Beer Vodka Scotch Shampain Wine \KUDI\""yarasu dhina vaazhthukkal. ..""",,ham,uci_sms_spam_collection,en
Boo. How's things? I'm back at home and a little bored already :-(,,ham,uci_sms_spam_collection,en
First has she gained more than  &lt;#&gt; kg since she took in. Second has she done the blood sugar tests. If she has and its ok and her blood pressure is within normal limits then no worries,,ham,uci_sms_spam_collection,en
PICK UR FONE UP NOW U DUMB?,,ham,uci_sms_spam_collection,en
"Thanks da thangam, i feel very very happy dear. I also miss you da.",,ham,uci_sms_spam_collection,en
"Okey doke. I'm at home, but not dressed cos laying around ill! Speak to you later bout times and stuff. ",,ham,uci_sms_spam_collection,en
I don't run away frm u... I walk slowly &amp; it kills me that u don't care enough to stop me...,,ham,uci_sms_spam_collection,en
"Babe, I'm back ... Come back to me ...",,ham,uci_sms_spam_collection,en
Well you told others you'd marry them...,,ham,uci_sms_spam_collection,en
Neshanth..tel me who r u?,,ham,uci_sms_spam_collection,en
YO YO YO BYATCH WHASSUP?,,ham,uci_sms_spam_collection,en
Oh... Kay... On sat right?,,ham,uci_sms_spam_collection,en
Hi! This is Roger from CL. How are you?,,ham,uci_sms_spam_collection,en
Babe: U want me dont u baby! Im nasty and have a thing 4 filthyguys. Fancy a rude time with a sexy bitch. How about we go slo n hard! Txt XXX SLO(4msgs),,spam,uci_sms_spam_collection,en
Oh oh... Wasted... Den muz chiong on sat n sun liao...,,ham,uci_sms_spam_collection,en
Jesus christ bitch I'm trying to give you drugs answer your fucking phone,,ham,uci_sms_spam_collection,en
Please give it 2  or i will pick it up on Tuesday evening about 8 if that is ok.,,ham,uci_sms_spam_collection,en
I'm meeting Darren...,,ham,uci_sms_spam_collection,en
One of best dialogue in cute reltnship..!! \Wen i Die,,ham,uci_sms_spam_collection,en
"Solve d Case : A Man Was Found Murdered On  &lt;DECIMAL&gt; . &lt;#&gt;  AfterNoon. 1,His wife called Police. 2,Police questioned everyone. 3,Wife: Sir,I was sleeping, when the murder took place. 4.Cook: I was cooking. 5.Gardener: I was picking vegetables. 6.House-Maid: I went 2 d post office. 7.Children: We went 2 play. 8.Neighbour: We went 2 a marriage. Police arrested d murderer Immediately. Who's It? Reply With Reason, If U r Brilliant.",,ham,uci_sms_spam_collection,en
Dear where you will be when i reach there,,ham,uci_sms_spam_collection,en
Aww that's the first time u said u missed me without asking if I missed u first. You DO love me! :),,ham,uci_sms_spam_collection,en
Ok... Thanx... Gd nite 2 Ì_ too...,,ham,uci_sms_spam_collection,en
"Come to me right now, Ahmad",,ham,uci_sms_spam_collection,en
Lol please do. Actually send a pic of yourself right now. I wanna see. Pose with a comb and hair dryer or something.,,ham,uci_sms_spam_collection,en
O was not into fps then.,,ham,uci_sms_spam_collection,en
Huh means computational science... Y they like dat one push here n there...,,ham,uci_sms_spam_collection,en
"Could you not read me, my Love ? I answered you",,ham,uci_sms_spam_collection,en
Oh... Lk tt den we take e one tt ends at cine lor... Dun wan yogasana oso can... ,,ham,uci_sms_spam_collection,en
"Madam,regret disturbance.might receive a reference check from DLF Premarica.kindly be informed.Rgds,Rakhesh,Kerala.",,ham,uci_sms_spam_collection,en
SMS SERVICES For your inclusive text credits pls gotto www.comuk.net login 3qxj9 unsubscribe with STOP no extra charge help 08702840625 comuk.220cm2 9AE,,spam,uci_sms_spam_collection,en
Oic... Then better quickly go bathe n settle down...,,ham,uci_sms_spam_collection,en
Err... Cud do. I'm going to  at 8pm. I haven't got a way to contact him until then.,,ham,uci_sms_spam_collection,en
A bloo bloo bloo I'll miss the first bowl,,ham,uci_sms_spam_collection,en
Lmao but its so fun...,,ham,uci_sms_spam_collection,en
Oh k k:)but he is not a big hitter.anyway good,,ham,uci_sms_spam_collection,en
Hey!!! I almost forgot ... Happy B-day babe ! I love ya!!,,ham,uci_sms_spam_collection,en
Valentines Day Special! Win over å£1000 in our quiz and take your partner on the trip of a lifetime! Send GO to 83600 now. 150p/msg rcvd. CustCare:08718720201,,spam,uci_sms_spam_collection,en
Do you think i can move  &lt;#&gt;  in a week,,ham,uci_sms_spam_collection,en
She.s find. I sent you an offline message to know how anjola's now.,,ham,uci_sms_spam_collection,en
Guess who am I?This is the first time I created a web page WWW.ASJESUS.COM read all I wrote. I'm waiting for your opinions. I want to be your friend 1/1,,spam,uci_sms_spam_collection,en
How was txting and driving,,ham,uci_sms_spam_collection,en
That's good. Lets thank God. Please complete the drug. Have lots of water. And have a beautiful day.,,ham,uci_sms_spam_collection,en
Really dun bluff me leh... U sleep early too. Nite...,,ham,uci_sms_spam_collection,en
"Indians r poor but India is not a poor country. Says one of the swiss bank directors. He says that \ &lt;#&gt;  lac crore\"" of Indian money is deposited in swiss banks which can be used for 'taxless' budget for  &lt;#&gt;  yrs. Can give  &lt;#&gt;  crore jobs to all Indians. From any village to Delhi 4 lane roads. Forever free power suply to more than  &lt;#&gt;  social projects. Every citizen can get monthly  &lt;#&gt; /- for  &lt;#&gt;  yrs. No need of World Bank &amp; IMF loan. Think how our money is blocked by rich politicians. We have full rights against corrupt politicians. Itna forward karo ki pura INDIA padhe.g.m.\""""",,ham,uci_sms_spam_collection,en
Uncle boye. I need movies oh. Guide me. Plus you know torrents are not particularly legal here. And the system is slowing down. What should i do. Have a gr8 day. Plus have you started cos i dont meet you online. How was the honey moon.,,ham,uci_sms_spam_collection,en
Oh ya ya. I remember da. .,,ham,uci_sms_spam_collection,en
Btw regarding that we should really try to see if anyone else can be our 4th guy before we commit to a random dude,,ham,uci_sms_spam_collection,en
"For ur chance to win å£250 cash every wk TXT: PLAY to 83370. T's&C's www.music-trivia.net custcare 08715705022, 1x150p/wk.",,spam,uci_sms_spam_collection,en
I not busy juz dun wan 2 go so early.. Hee.. ,,ham,uci_sms_spam_collection,en
Rightio. 11.48 it is then. Well arent we all up bright and early this morning.,,ham,uci_sms_spam_collection,en
"Great. I'm in church now, will holla when i get out",,ham,uci_sms_spam_collection,en
Back in brum! Thanks for putting us up and keeping us all and happy. See you soon ,,ham,uci_sms_spam_collection,en
I donno if they are scorable,,ham,uci_sms_spam_collection,en
&lt;#&gt;  great loxahatchee xmas tree burning update: you can totally see stars here,,ham,uci_sms_spam_collection,en
"Yes but i dont care! I need you bad, princess!",,ham,uci_sms_spam_collection,en
"The guy (kadeem) hasn't been selling since the break, I know one other guy but he's paranoid as fuck and doesn't like selling without me there and I can't be up there til late tonight",,ham,uci_sms_spam_collection,en
Tmr then Ì_ brin lar... Aiya later i come n c lar... Mayb Ì_ neva set properly Ì_ got da help sheet wif Ì_...,,ham,uci_sms_spam_collection,en
Do u knw dis no. &lt;#&gt; ?,,ham,uci_sms_spam_collection,en
Then she dun believe wat?,,ham,uci_sms_spam_collection,en
K..give back my thanks.,,ham,uci_sms_spam_collection,en
I know complain num only..bettr directly go to bsnl offc nd apply for it..,,ham,uci_sms_spam_collection,en
Okay. I've seen it. So i should pick it on friday?,,ham,uci_sms_spam_collection,en
How much she payed. Suganya.,,ham,uci_sms_spam_collection,en
Left dessert. U wan me 2 go suntec look 4 u?,,ham,uci_sms_spam_collection,en
"Abeg, make profit. But its a start. Are you using it to get sponsors for the next event?",,ham,uci_sms_spam_collection,en
Onum ela pa. Normal than.,,ham,uci_sms_spam_collection,en
K.k..how is your sister kids?,,ham,uci_sms_spam_collection,en
"Cool, I'll text you when I'm on the way",,ham,uci_sms_spam_collection,en
Nope. Meanwhile she talk say make i greet you.,,ham,uci_sms_spam_collection,en
i cant talk to you now.i will call when i can.dont keep calling.,,ham,uci_sms_spam_collection,en
Anything lar...,,ham,uci_sms_spam_collection,en
"Rose needs water, season needs change, poet needs imagination..My phone needs ur sms and i need ur lovely frndship forever....",,ham,uci_sms_spam_collection,en
"Good afternoon, babe. How goes that day ? Any job prospects yet ? I miss you, my love ... *sighs* ... :-(",,ham,uci_sms_spam_collection,en
They will pick up and drop in car.so no problem..,,ham,uci_sms_spam_collection,en
S.i think he is waste for rr..,,ham,uci_sms_spam_collection,en
He is world famamus....,,ham,uci_sms_spam_collection,en
Is there coming friday is leave for pongal?do you get any news from your work place.,,ham,uci_sms_spam_collection,en
Lol well don't do it without me. We could have a big sale together.,,ham,uci_sms_spam_collection,en
* Am on my way,,ham,uci_sms_spam_collection,en
Eat at old airport road... But now 630 oredi... Got a lot of pple...,,ham,uci_sms_spam_collection,en
"sry can't talk on phone, with parents",,ham,uci_sms_spam_collection,en
Ok lor wat time Ì_ finish?,,ham,uci_sms_spam_collection,en
"Princess, i like to make love  &lt;#&gt;  times per night. Hope thats not a problem!",,ham,uci_sms_spam_collection,en
Mm i am on the way to railway,,ham,uci_sms_spam_collection,en
"I'm done. I'm sorry. I hope your next space gives you everything you want. Remember all the furniture is yours. If i'm not around when you move it, just lock all the locks and leave the key with jenne.",,ham,uci_sms_spam_collection,en
Not yet. Just i'd like to keep in touch and it will be the easiest way to do that from barcelona. By the way how ru and how is the house?,,ham,uci_sms_spam_collection,en
"Sppok up ur mob with a Halloween collection of nokia logo&pic message plus a FREE eerie tone, txt CARD SPOOK to 8007",,spam,uci_sms_spam_collection,en
"Urgent! call 09066612661 from landline. Your complementary 4* Tenerife Holiday or å£10,000 cash await collection SAE T&Cs PO Box 3 WA14 2PX 150ppm 18+ Sender: Hol Offer",,spam,uci_sms_spam_collection,en
K.:)do it at evening da:)urgent:),,ham,uci_sms_spam_collection,en
Pansy! You've been living in a jungle for two years! Its my driving you should be more worried about!,,ham,uci_sms_spam_collection,en
Mm have some kanji dont eat anything heavy ok,,ham,uci_sms_spam_collection,en
Only if you promise your getting out as SOON as you can. And you'll text me in the morning to let me know you made it in ok.,,ham,uci_sms_spam_collection,en
Lol that's different. I don't go trying to find every real life photo you ever took.,,ham,uci_sms_spam_collection,en
I dont thnk its a wrong calling between us,,ham,uci_sms_spam_collection,en
K ill drink.pa then what doing. I need srs model pls send it to my mail id pa.,,ham,uci_sms_spam_collection,en
Aiyah e rain like quite big leh. If drizzling i can at least run home.,,ham,uci_sms_spam_collection,en
I have 2 docs appointments next week.:/ I'm tired of them shoving stuff up me. Ugh why couldn't I have had a normal body?,,ham,uci_sms_spam_collection,en
Dun b sad.. It's over.. Dun thk abt it already. Concentrate on ur other papers k.,,ham,uci_sms_spam_collection,en
"Greetings me, ! Consider yourself excused.",,ham,uci_sms_spam_collection,en
No drama Pls.i have had enough from you and family while i am struggling in the hot sun in a strange place.No reason why there should be an ego of not going 'IF NOT INVITED' when actually its necessity to go.wait for very serious reppurcussions.,,ham,uci_sms_spam_collection,en
they released another Italian one today and it has a cosign option,,ham,uci_sms_spam_collection,en
"You at mu? You should try to figure out how much money everyone has for gas and alcohol, jay and I are trying to figure out our weed budget",,ham,uci_sms_spam_collection,en
WINNER! As a valued network customer you hvae been selected to receive a å£900 reward! To collect call 09061701444. Valid 24 hours only. ACL03530150PM,,spam,uci_sms_spam_collection,en
HCL chennai requires FRESHERS for voice process.Excellent english needed.Salary upto  &lt;#&gt; .Call Ms.Suman  &lt;#&gt;  for Telephonic interview -via Indyarocks.com,,ham,uci_sms_spam_collection,en
Dai what this da.. Can i send my resume to this id.,,ham,uci_sms_spam_collection,en
"I know where the  &lt;#&gt;  is, I'll be there around 5",,ham,uci_sms_spam_collection,en
Yup i've finished c Ì_ there...,,ham,uci_sms_spam_collection,en
Remember to ask alex about his pizza,,ham,uci_sms_spam_collection,en
No da..today also i forgot..,,ham,uci_sms_spam_collection,en
"Ola would get back to you maybe not today but I ve told him you can be his direct link in the US in getting cars he bids for online, you arrange shipping and you get a cut. Or U????? For a partnership where U????? Invest money for shipping and he takes care of the rest!U??Wud b self reliant soon dnt worry",,ham,uci_sms_spam_collection,en
Fwiw the reason I'm only around when it's time to smoke is that because of gas I can only afford to be around when someone tells me to be and that apparently only happens when somebody wants to light up,,ham,uci_sms_spam_collection,en
"Hello, my boytoy! I made it home and my constant thought is of you, my love. I hope your having a nice visit but I can't wait till you come home to me ...*kiss*",,ham,uci_sms_spam_collection,en
Congrats kano..whr s the treat maga?,,ham,uci_sms_spam_collection,en
Who u talking about?,,ham,uci_sms_spam_collection,en
Yup...,,ham,uci_sms_spam_collection,en
"U wake up already? Wat u doing? U picking us up later rite? I'm taking sq825, reaching ard 7 smth 8 like dat. U can check e arrival time. C ya soon...",,ham,uci_sms_spam_collection,en
Yunny i'm walking in citylink now Ì_ faster come down... Me very hungry...,,ham,uci_sms_spam_collection,en
Er yep sure. Props?,,ham,uci_sms_spam_collection,en
"Hiya , have u been paying money into my account? If so, thanks. Got a pleasant surprise when i checked my balance -u c, i don't get statements 4 that acc",,ham,uci_sms_spam_collection,en
U have won a nokia 6230 plus a free digital camera. This is what u get when u win our FREE auction. To take part send NOKIA to 83383 now. POBOX114/14TCR/W1 16,,spam,uci_sms_spam_collection,en
Ok ill send you with in  &lt;DECIMAL&gt;  ok.,,ham,uci_sms_spam_collection,en
Bognor it is! Should be splendid at this time of year.,,ham,uci_sms_spam_collection,en
Yes.i'm in office da:),,ham,uci_sms_spam_collection,en
Ok. I only ask abt e movie. U wan ktv oso?,,ham,uci_sms_spam_collection,en
Misplaced your number and was sending texts to your old number. Wondering why i've not heard from you this year. All the best in your mcat. Got this number from my atlanta friends,,ham,uci_sms_spam_collection,en
Dunno lei... I might b eatin wif my frens... If Ì_ wan to eat then i wait 4 Ì_ lar,,ham,uci_sms_spam_collection,en
FREE entry into our å£250 weekly comp just send the word WIN to 80086 NOW. 18 T&C www.txttowin.co.uk,,spam,uci_sms_spam_collection,en
Do u noe how 2 send files between 2 computers?,,ham,uci_sms_spam_collection,en
"Mmmmm ... I loved waking to your words this morning ! I miss you too, my Love. I hope your day goes well and you are happy. I wait for us to be together again",,ham,uci_sms_spam_collection,en
jay says he'll put in  &lt;#&gt;,,ham,uci_sms_spam_collection,en
Can you just come in for a sec? There's somebody here I want you to see,,ham,uci_sms_spam_collection,en
So the sun is anti sleep medicine.,,ham,uci_sms_spam_collection,en
What's happening with you. Have you gotten a job and have you begun registration for permanent residency,,ham,uci_sms_spam_collection,en
Yup ok...,,ham,uci_sms_spam_collection,en
Glad it went well :) come over at 11 then we'll have plenty of time before claire goes to work.,,ham,uci_sms_spam_collection,en
Ok enjoy . R u there in home.,,ham,uci_sms_spam_collection,en
"Can you pls pls send me a mail on all you know about relatives coming to deliver here? All you know about costs, risks, benefits and anything else. Thanks.",,ham,uci_sms_spam_collection,en
You do what all you like,,ham,uci_sms_spam_collection,en
That's y we haf to combine n c how lor...,,ham,uci_sms_spam_collection,en
The monthly amount is not that terrible and you will not pay anything till 6months after finishing school.,,ham,uci_sms_spam_collection,en
Hmmm:)how many players selected?,,ham,uci_sms_spam_collection,en
"They said if its gonna snow, it will start around 8 or 9 pm tonite! They are predicting an inch of accumulation.",,ham,uci_sms_spam_collection,en
I dont. Can you send it to me. Plus how's mode.,,ham,uci_sms_spam_collection,en
Aiyo please Ì_ got time meh.,,ham,uci_sms_spam_collection,en
Package all your programs well,,ham,uci_sms_spam_collection,en
"She is our sister.. She belongs 2 our family.. She is d hope of tomorrow.. Pray 4 her,who was fated 4 d Shoranur train incident. Lets hold our hands together &amp; fuelled by love &amp; concern prior 2 her grief &amp; pain. Pls join in dis chain &amp; pass it. STOP VIOLENCE AGAINST WOMEN.",,ham,uci_sms_spam_collection,en
So are you guys asking that i get that slippers again or its gone with last year,,ham,uci_sms_spam_collection,en
Company is very good.environment is terrific and food is really nice:),,ham,uci_sms_spam_collection,en
"Text82228>> Get more ringtones, logos and games from www.txt82228.com. Questions: info@txt82228.co.uk",,spam,uci_sms_spam_collection,en
Honestly i've just made a lovely cup of tea and promptly dropped my keys in it and then burnt my fingers getting them out!,,ham,uci_sms_spam_collection,en
Yup but not studying surfing lor. I'm in e lazy mode today.,,ham,uci_sms_spam_collection,en
Please sen :)my kind advice :-)please come here and try:-),,ham,uci_sms_spam_collection,en
I'm done. C Ì_ there.,,ham,uci_sms_spam_collection,en
"Oh fine, I'll be by tonight",,ham,uci_sms_spam_collection,en
ÌÏ give me some time to walk there.,,ham,uci_sms_spam_collection,en
I'll reach in ard 20 mins ok...,,ham,uci_sms_spam_collection,en
"FreeMSG You have been awarded a FREE mini DIGITAL CAMERA, just reply SNAP to collect your prize! (quizclub Opt out? Stop 80122300p/wk SP:RWM Ph:08704050406)",,spam,uci_sms_spam_collection,en
Fuck babe ... What happened to you ? How come you never came back?,,ham,uci_sms_spam_collection,en
This message is brought to you by GMW Ltd. and is not connected to the,,spam,uci_sms_spam_collection,en
"Some friends want me to drive em someplace, probably take a while",,ham,uci_sms_spam_collection,en
I also thk too fast... Xy suggest one not me. U dun wan it's ok. Going 2 rain leh where got gd.,,ham,uci_sms_spam_collection,en
Are you still getting the goods.,,ham,uci_sms_spam_collection,en
And maybe some pressies,,ham,uci_sms_spam_collection,en
"Yeah I am, so I'll leave maybe 7ish?",,ham,uci_sms_spam_collection,en
I told her I had a Dr appt next week. She thinks I'm gonna die. I told her its just a check. Nothing to be worried about. But she didn't listen.,,ham,uci_sms_spam_collection,en
You in your room? I need a few,,ham,uci_sms_spam_collection,en
I dont want to hear anything,,ham,uci_sms_spam_collection,en
Hey. For me there is no leave on friday. Wait i will ask my superior and tell you..,,ham,uci_sms_spam_collection,en
Ultimately tor motive tui achieve korli.,,ham,uci_sms_spam_collection,en
From 5 to 2 only my work timing.,,ham,uci_sms_spam_collection,en
Û_ and donÛ÷t worry weÛ÷ll have finished by march Û_ ish!,,ham,uci_sms_spam_collection,en
"The house is on the water with a dock, a boat rolled up with a newscaster who dabbles in jazz flute behind the wheel",,ham,uci_sms_spam_collection,en
"Congrats 2 mobile 3G Videophones R yours. call 09063458130 now! videochat wid ur mates, play java games, Dload polypH music, noline rentl. bx420. ip4. 5we. 150p",,spam,uci_sms_spam_collection,en
Your next amazing xxx PICSFREE1 video will be sent to you enjoy! If one vid is not enough for 2day text back the keyword PICSFREE1 to get the next video.,,spam,uci_sms_spam_collection,en
Now thats going to ruin your thesis!,,ham,uci_sms_spam_collection,en
In sch but neva mind u eat 1st lor..,,ham,uci_sms_spam_collection,en
Hey whats up? U sleeping all morning?,,ham,uci_sms_spam_collection,en
Erm. I thought the contract ran out the4th of october.,,ham,uci_sms_spam_collection,en
I dunno until when... Lets go learn pilates...,,ham,uci_sms_spam_collection,en
U are subscribed to the best Mobile Content Service in the UK for å£3 per ten days until you send STOP to 83435. Helpline 08706091795.,,spam,uci_sms_spam_collection,en
Yup i'm elaborating on the safety aspects and some other issues..,,ham,uci_sms_spam_collection,en
"3 FREE TAROT TEXTS! Find out about your love life now! TRY 3 FOR FREE! Text CHANCE to 85555 16 only! After 3 Free, Msgs å£1.50 each",,spam,uci_sms_spam_collection,en
"Goodmorning, today i am late for 1hr.",,ham,uci_sms_spam_collection,en
Hi happy birthday. Hi hi hi hi hi hi hi,,ham,uci_sms_spam_collection,en
I will be outside office take all from there,,ham,uci_sms_spam_collection,en
If you don't respond imma assume you're still asleep and imma start calling n shit,,ham,uci_sms_spam_collection,en
"Aight, see you in a bit",,ham,uci_sms_spam_collection,en
My superior telling that friday is leave for all other department except ours:)so it will be leave for you:)any way call waheed fathima hr and conform it:),,ham,uci_sms_spam_collection,en
Join the UK's horniest Dogging service and u can have sex 2nite!. Just sign up and follow the instructions. Txt ENTRY to 69888 now! Nyt.EC2A.3LP.msg@150p,,spam,uci_sms_spam_collection,en
Lol I have to take it. member how I said my aunt flow didn't visit for 6 months? It's cause I developed ovarian cysts. Bc is the only way to shrink them.,,ham,uci_sms_spam_collection,en
Still work going on:)it is very small house.,,ham,uci_sms_spam_collection,en
"My friend just got here and says he's upping his order by a few grams (he's got $ &lt;#&gt; ), when can you get here?",,ham,uci_sms_spam_collection,en
Tmr timin still da same wat cos i got lesson until 6...,,ham,uci_sms_spam_collection,en
"ThatÛ÷s the thing with apes, u can fight to the death to keep something, but the minute they have it when u let go, thats it!",,ham,uci_sms_spam_collection,en
No i'm not gonna be able to. || too late notice. || i'll be home in a few weeks anyway. || what are the plans,,ham,uci_sms_spam_collection,en
"Got fujitsu, ibm, hp, toshiba... Got a lot of model how to say...",,ham,uci_sms_spam_collection,en
Okie... Thanx...,,ham,uci_sms_spam_collection,en
"Gosh that , what a pain. Spose I better come then.",,ham,uci_sms_spam_collection,en
"As usual..iam fine, happy &amp; doing well..:)",,ham,uci_sms_spam_collection,en
Okie,,ham,uci_sms_spam_collection,en
So when you gonna get rimac access ,,ham,uci_sms_spam_collection,en
"\Im at arestaurant eating squid! i will be out about 10:30 wanna dosomething or is that to late?\""""",,ham,uci_sms_spam_collection,en
You call times job today ok umma and ask them to speed up,,ham,uci_sms_spam_collection,en
"\HELLO U.CALL WEN U FINISH WRK.I FANCY MEETIN UP WIV U ALL TONITE AS I NEED A BREAK FROM DABOOKS. DID 4 HRS LAST NITE+2 TODAY OF WRK!\""""",,ham,uci_sms_spam_collection,en
R U &SAM P IN EACHOTHER. IF WE MEET WE CAN GO 2 MY HOUSE,,ham,uci_sms_spam_collection,en
:-) yeah! Lol. Luckily i didn't have a starring role like you!,,ham,uci_sms_spam_collection,en
Hello madam how are you ?,,ham,uci_sms_spam_collection,en
"Awesome, text me when you're restocked",,ham,uci_sms_spam_collection,en
Knock Knock Txt whose there to 80082 to enter r weekly draw 4 a å£250 gift voucher 4 a store of yr choice. T&Cs www.tkls.com age16 to stoptxtstopå£1.50/week,,spam,uci_sms_spam_collection,en
Yes. It's all innocent fun. O:-),,ham,uci_sms_spam_collection,en
Thanks for sending this mental ability question..,,ham,uci_sms_spam_collection,en
"Sir, hope your day is going smoothly. i really hoped i wont have to bother you about this. I have some bills that i can't settle this month. I am out of all extra cash. I know this is a challenging time for you also but i have to let you know.",,ham,uci_sms_spam_collection,en
2marrow only. Wed at  &lt;#&gt;  to 2 aha.,,ham,uci_sms_spam_collection,en
I went to ur hon lab but no one is there.,,ham,uci_sms_spam_collection,en
Hey pple...$700 or $900 for 5 nights...Excellent location wif breakfast hamper!!!,,ham,uci_sms_spam_collection,en
<Forwarded from 21870000>Hi - this is your Mailbox Messaging SMS alert. You have 40 matches. Please call back on 09056242159 to retrieve your messages and matches cc100p/min,,spam,uci_sms_spam_collection,en
How come?,,ham,uci_sms_spam_collection,en
Lol! Nah wasn't too bad thanks. Its good to b home but its been quite a reality check. Hows ur day been? Did u do anything with website?,,ham,uci_sms_spam_collection,en
Ok lor...,,ham,uci_sms_spam_collection,en
I'm coming home 4 dinner.,,ham,uci_sms_spam_collection,en
S da..al r above  &lt;#&gt;,,ham,uci_sms_spam_collection,en
"FREE RING TONE just text \POLYS\"" to 87131. Then every week get a new tone. 0870737910216yrs only å£1.50/wk.""",,spam,uci_sms_spam_collection,en
Unni thank you dear for the recharge..Rakhesh,,ham,uci_sms_spam_collection,en
I know I'm lacking on most of this particular dramastorm's details but for the most part I'm not worried about that,,ham,uci_sms_spam_collection,en
Haha... They cant what... At the most tmr forfeit... haha so how?,,ham,uci_sms_spam_collection,en
"Hey there! Glad u r better now. I hear u treated urself to a digi cam, is it good? We r off at 9pm. Have a fab new year, c u in coupla wks!",,ham,uci_sms_spam_collection,en
No way I'm going back there!,,ham,uci_sms_spam_collection,en
"URGENT! Your mobile No 077xxx WON a å£2,000 Bonus Caller Prize on 02/06/03! This is the 2nd attempt to reach YOU! Call 09066362206 ASAP! BOX97N7QP, 150ppm",,spam,uci_sms_spam_collection,en
I WILL CAL YOU SIR. In meeting,,ham,uci_sms_spam_collection,en
"That's what I love to hear :V see you sundayish, then",,ham,uci_sms_spam_collection,en
"Sorry da thangam, very very sorry i am held up with prasad.",,ham,uci_sms_spam_collection,en
Tiwary to rcb.battle between bang and kochi.,,ham,uci_sms_spam_collection,en
Thank god they are in bed!,,ham,uci_sms_spam_collection,en
No I don't have cancer. Moms making a big deal out of a regular checkup aka pap smear,,ham,uci_sms_spam_collection,en
Am in gobi arts college,,ham,uci_sms_spam_collection,en
Why she wants to talk to me,,ham,uci_sms_spam_collection,en
Pandy joined 4w technologies today.he got job..,,ham,uci_sms_spam_collection,en
"You are guaranteed the latest Nokia Phone, a 40GB iPod MP3 player or a å£500 prize! Txt word: COLLECT to No: 83355! IBHltd LdnW15H 150p/Mtmsgrcvd18",,spam,uci_sms_spam_collection,en
"They can try! They can get lost, in fact. Tee hee",,ham,uci_sms_spam_collection,en
My friends use to call the same.,,ham,uci_sms_spam_collection,en
"Em, its olowoyey@ usc.edu have a great time in argentina. Not sad about secretary, everything is a blessing",,ham,uci_sms_spam_collection,en
"It,,s a taxt massage....tie-pos argh ok! Lool!",,ham,uci_sms_spam_collection,en
"Hi, can i please get a  &lt;#&gt;  dollar loan from you. I.ll pay you back by mid february. Pls.",,ham,uci_sms_spam_collection,en
"You might want to pull out more just in case and just plan on not spending it if you can, I don't have much confidence in derek and taylor's money management",,ham,uci_sms_spam_collection,en
Do you like shaking your booty on the dance floor?,,ham,uci_sms_spam_collection,en
"Text me when you get off, don't call, my phones having problems",,ham,uci_sms_spam_collection,en
No need for the drug anymore.,,ham,uci_sms_spam_collection,en
Sorry da:)i was thought of calling you lot of times:)lil busy.i will call you at noon..,,ham,uci_sms_spam_collection,en
Its sarcasm.. .nt scarcasim,,ham,uci_sms_spam_collection,en
Great! I have to run now so ttyl!,,ham,uci_sms_spam_collection,en
Feel like trying kadeem again? :V,,ham,uci_sms_spam_collection,en
Dai  &lt;#&gt;  naal eruku.,,ham,uci_sms_spam_collection,en
Not yet chikku..wat abt u?,,ham,uci_sms_spam_collection,en
Want to finally have lunch today?,,ham,uci_sms_spam_collection,en
Do you know when dad will be back?,,ham,uci_sms_spam_collection,en
"Hello darling how are you today? I would love to have a chat, why dont you tell me what you look like and what you are in to sexy?",,spam,uci_sms_spam_collection,en
8007 FREE for 1st week! No1 Nokia tone 4 ur mob every week just txt NOKIA to 8007 Get txting and tell ur mates www.getzed.co.uk POBox 36504 W4 5WQ norm 150p/tone 16+,,spam,uci_sms_spam_collection,en
He remains a bro amongst bros,,ham,uci_sms_spam_collection,en
R u meeting da ge at nite tmr?,,ham,uci_sms_spam_collection,en
"* Was a nice day and, impressively, i was sensible, went home early and now feel fine. Or am i just boring?! When's yours, i can't remember.",,ham,uci_sms_spam_collection,en
Why de. You looking good only:-)..,,ham,uci_sms_spam_collection,en
Wanna get laid 2nite? Want real Dogging locations sent direct to ur mobile? Join the UK's largest Dogging Network. Txt PARK to 69696 now! Nyt. ec2a. 3lp å£1.50/msg,,spam,uci_sms_spam_collection,en
we tried to contact you re your response to our offer of a new nokia fone and camcorder hit reply or call 08000930705 for delivery,,spam,uci_sms_spam_collection,en
Yes. They replied my mail. I'm going to the management office later. Plus will in to bank later also.or on wednesday.,,ham,uci_sms_spam_collection,en
"That's cool, I'll come by like  &lt;#&gt; ish",,ham,uci_sms_spam_collection,en
Super msg da:)nalla timing.,,ham,uci_sms_spam_collection,en
"Good afternoon, my boytoy ... How are you feeling today ? Better I hope? Are you being my good boy? Are you my obedient, slave? Do you please your Queen?",,ham,uci_sms_spam_collection,en
I am 6 ft. We will be a good combination!,,ham,uci_sms_spam_collection,en
I'm sick !! I'm needy !! I want you !! *pouts* *stomps feet* Where are you ?! *pouts* *stomps feet* I want my slave !! I want him now !!,,ham,uci_sms_spam_collection,en
* Am on a train back from northampton so i'm afraid not!,,ham,uci_sms_spam_collection,en
Where in abj are you serving. Are you staying with dad or alone.,,ham,uci_sms_spam_collection,en
Was playng 9 doors game and gt racing on phone lol,,ham,uci_sms_spam_collection,en
"New Tones This week include: 1)McFly-All Ab.., 2) Sara Jorge-Shock.. 3) Will Smith-Switch.. To order follow instructions on next message",,spam,uci_sms_spam_collection,en
I'm on da bus going home...,,ham,uci_sms_spam_collection,en
I got a call from a landline number. . . I am asked to come to anna nagar . . . I will go in the afternoon,,ham,uci_sms_spam_collection,en
I'm okay. Chasing the dream. What's good. What are you doing next.,,ham,uci_sms_spam_collection,en
Yupz... I've oredi booked slots 4 my weekends liao... ,,ham,uci_sms_spam_collection,en
URGENT! We are trying to contact U. Todays draw shows that you have won a å£800 prize GUARANTEED. Call 09050003091 from land line. Claim C52. Valid 12hrs only,,spam,uci_sms_spam_collection,en
There r many model..sony ericson also der.. &lt;#&gt; ..it luks good bt i forgot modl no,,ham,uci_sms_spam_collection,en
Yes I know the cheesy songs from frosty the snowman :),,ham,uci_sms_spam_collection,en
"Ya ok, vikky vl c witin  &lt;#&gt; mins and il reply u..",,ham,uci_sms_spam_collection,en
sports fans - get the latest sports news str* 2 ur mobile 1 wk FREE PLUS a FREE TONE Txt SPORT ON to 8007 www.getzed.co.uk 0870141701216+ norm 4txt/120p ,,spam,uci_sms_spam_collection,en
Hey tmr meet at bugis 930 ?,,ham,uci_sms_spam_collection,en
"Urgent Urgent! We have 800 FREE flights to Europe to give away, call B4 10th Sept & take a friend 4 FREE. Call now to claim on 09050000555. BA128NNFWFLY150ppm",,spam,uci_sms_spam_collection,en
All these nice new shirts and the only thing I can wear them to is nudist themed ;_; you in mu?,,ham,uci_sms_spam_collection,en
Hey sexy buns! What of that day? No word from you this morning on YM ... :-( ... I think of you,,ham,uci_sms_spam_collection,en
And whenever you and i see we can still hook up too.,,ham,uci_sms_spam_collection,en
Nope but i'm going home now then go pump petrol lor... Like going 2 rain soon...,,ham,uci_sms_spam_collection,en
Can you use foreign stamps for whatever you send them off for? ,,ham,uci_sms_spam_collection,en
FROM 88066 LOST å£12 HELP,,spam,uci_sms_spam_collection,en
Oh baby of the house. How come you dont have any new pictures on facebook,,ham,uci_sms_spam_collection,en
"Feb  &lt;#&gt;  is \I LOVE U\"" day. Send dis to all ur \""VALUED FRNDS\"" evn me. If 3 comes back u'll gt married d person u luv! If u ignore dis u will lose ur luv 4 Evr""",,ham,uci_sms_spam_collection,en
"Hiya, sorry didn't hav signal. I haven't seen or heard from and neither has, which is unusual in itself! I'll put on the case and get him to sort it out! Hugs and snogs.",,ham,uci_sms_spam_collection,en
"Omw back to tampa from west palm, you hear what happened?",,ham,uci_sms_spam_collection,en
Yup no more already... Thanx 4 printing n handing it up.,,ham,uci_sms_spam_collection,en
FreeMsg: Fancy a flirt? Reply DATE now & join the UKs fastest growing mobile dating service. Msgs rcvd just 25p to optout txt stop to 83021. Reply DATE now!,,spam,uci_sms_spam_collection,en
What i mean is do they come chase you out when its over or is it stated you can watch as many movies as you want.,,ham,uci_sms_spam_collection,en
S now only i took tablets . Reaction morning only.,,ham,uci_sms_spam_collection,en
Great NEW Offer - DOUBLE Mins & DOUBLE Txt on best Orange tariffs AND get latest camera phones 4 FREE! Call MobileUpd8 free on 08000839402 NOW! or 2stoptxt T&Cs,,spam,uci_sms_spam_collection,en
"Nah, I'm a perpetual DD",,ham,uci_sms_spam_collection,en
Sorry de i went to shop.,,ham,uci_sms_spam_collection,en
Hope you enjoyed your new content. text stop to 61610 to unsubscribe. help:08712400602450p Provided by tones2you.co.uk,,spam,uci_sms_spam_collection,en
Hey you still want to go for yogasana? Coz if we end at cine then can go bathe and hav the steam bath,,ham,uci_sms_spam_collection,en
Nope i'm not drivin... I neva develop da photos lei...,,ham,uci_sms_spam_collection,en
I am thinking of going down to reg for pract lessons.. Flung my advance.. Haha wat time u going?,,ham,uci_sms_spam_collection,en
Cool. I am  &lt;#&gt;  inches long. hope you like them big!,,ham,uci_sms_spam_collection,en
"House-Maid is the murderer, coz the man was murdered on  &lt;#&gt; th January.. As public holiday all govt.instituitions are closed,including post office..understand?",,ham,uci_sms_spam_collection,en
Okie.. Thanx..,,ham,uci_sms_spam_collection,en
Go where n buy? Juz buy when we get there lar.,,ham,uci_sms_spam_collection,en
I'm working technical support :)voice process.,,ham,uci_sms_spam_collection,en
It's justbeen overa week since we broke up and already our brains are going to mush!,,ham,uci_sms_spam_collection,en
"Tunde, how are you doing. This is just wishing you a great day. Abiola.",,ham,uci_sms_spam_collection,en
Nope... C Ì_ then...,,ham,uci_sms_spam_collection,en
No. But we'll do medical missions to nigeria,,ham,uci_sms_spam_collection,en
No i am not having not any movies in my laptop,,ham,uci_sms_spam_collection,en
Urgent Please call 09066612661 from landline. å£5000 cash or a luxury 4* Canary Islands Holiday await collection. T&Cs SAE award. 20M12AQ. 150ppm. 16+ ÛÏ,,spam,uci_sms_spam_collection,en
"Urgent! Please call 09066612661 from your landline, your complimentary 4* Lux Costa Del Sol holiday or å£1000 CASH await collection. ppm 150 SAE T&Cs James 28, EH74RR",,spam,uci_sms_spam_collection,en
I havent lei.. Next mon can?,,ham,uci_sms_spam_collection,en
Mm feeling sleepy. today itself i shall get that dear,,ham,uci_sms_spam_collection,en
How dare you stupid. I wont tell anything to you. Hear after i wont talk to you:-.,,ham,uci_sms_spam_collection,en
Do Ì_ noe if ben is going?,,ham,uci_sms_spam_collection,en
Can you do a mag meeting this avo at some point?,,ham,uci_sms_spam_collection,en
I meant middle left or right?,,ham,uci_sms_spam_collection,en
Really? I crashed out cuddled on my sofa.,,ham,uci_sms_spam_collection,en
Hi Chachi tried calling u now unable to reach u .. Pl give me a missed cal once u c tiz msg  Kanagu,,ham,uci_sms_spam_collection,en
"I sent you the prices and do you mean the  &lt;#&gt; g,",,ham,uci_sms_spam_collection,en
Nothing. Can...,,ham,uci_sms_spam_collection,en
No * am working on the ringing u thing but have whole houseful of screaming brats so * am pulling my hair out! Loving u,,ham,uci_sms_spam_collection,en
But my family not responding for anything. Now am in room not went to home for diwali but no one called me and why not coming. It makes me feel like died.,,ham,uci_sms_spam_collection,en
"Tick, tick, tick ... Babe",,ham,uci_sms_spam_collection,en
R Ì_ going 4 today's meeting?,,ham,uci_sms_spam_collection,en
K da:)how many page you want?,,ham,uci_sms_spam_collection,en
Ya had just now.onion roast.,,ham,uci_sms_spam_collection,en
Send his number and give reply tomorrow morning for why you said that to him like that ok,,ham,uci_sms_spam_collection,en
You said not now. No problem. When you can. Let me know.,,ham,uci_sms_spam_collection,en
Ok but tell me half an hr b4 u come i need 2 prepare.,,ham,uci_sms_spam_collection,en
Play w computer? Aiyah i tok 2 u lor?,,ham,uci_sms_spam_collection,en
Sat right? Okay thanks... ,,ham,uci_sms_spam_collection,en
"Derp. Which is worse, a dude who always wants to party or a dude who files a complaint about the three drug abusers he lives with",,ham,uci_sms_spam_collection,en
Ok Chinese food on its way. When I get fat you're paying for my lipo.,,ham,uci_sms_spam_collection,en
We r outside already.,,ham,uci_sms_spam_collection,en
Have a good trip. Watch out for . Remember when you get back we must decide about easter.,,ham,uci_sms_spam_collection,en
Yo we are watching a movie on netflix,,ham,uci_sms_spam_collection,en
What time. IÛ÷m out until prob 3 or so,,ham,uci_sms_spam_collection,en
"Can meh? Thgt some will clash... Really ah, i dun mind... I dun seen to have lost any weight... Gee...",,ham,uci_sms_spam_collection,en
ARR birthday today:) i wish him to get more oscar.,,ham,uci_sms_spam_collection,en
"Open rebtel with firefox. When it loads just put plus sign in the user name place, and it will show you two numbers. The lower number is my number. Once you pick that number the pin will display okay!",,ham,uci_sms_spam_collection,en
 and  picking them up from various points,,ham,uci_sms_spam_collection,en
Married local women looking for discreet action now! 5 real matches instantly to your phone. Text MATCH to 69969 Msg cost 150p 2 stop txt stop BCMSFWC1N3XX,,spam,uci_sms_spam_collection,en
Wow v v impressed. Have funs shopping!,,ham,uci_sms_spam_collection,en
I am on the way to ur home,,ham,uci_sms_spam_collection,en
Burger King - Wanna play footy at a top stadium? Get 2 Burger King before 1st Sept and go Large or Super with Coca-Cola and walk out a winner,,spam,uci_sms_spam_collection,en
No problem. Talk to you later,,ham,uci_sms_spam_collection,en
Then ur sis how?,,ham,uci_sms_spam_collection,en
Still in customer place,,ham,uci_sms_spam_collection,en
How come it takes so little time for a child who is afraid of the dark to become a teenager who wants to stay out all night?,,spam,uci_sms_spam_collection,en
"Dude u knw also telugu..thts gud..k, gud nyt..",,ham,uci_sms_spam_collection,en
We confirm eating at esplanade?,,ham,uci_sms_spam_collection,en
Send me your id and password,,ham,uci_sms_spam_collection,en
Kind of. Took it to garage. Centre part of exhaust needs replacing. Part ordered n taking it to be fixed tomo morning.,,ham,uci_sms_spam_collection,en
"For ur chance to win a å£250 cash every wk TXT: ACTION to 80608. T's&C's www.movietrivia.tv custcare 08712405022, 1x150p/wk.",,spam,uci_sms_spam_collection,en
Well I might not come then...,,ham,uci_sms_spam_collection,en
Long after I quit. I get on only like 5 minutes a day as it is.,,ham,uci_sms_spam_collection,en
Then its most likely called Mittelschmertz. Google it. If you dont have paracetamol dont worry it will go.,,ham,uci_sms_spam_collection,en
Well at this right I'm gonna have to get up and check today's steam sales/pee so text me when you want me to come get you,,ham,uci_sms_spam_collection,en
"Just arrived, see you in a couple days &lt;3",,ham,uci_sms_spam_collection,en
"K, wat s tht incident?",,ham,uci_sms_spam_collection,en
Yeah get the unlimited,,ham,uci_sms_spam_collection,en
cThen i thk shd b enuff.. Still got conclusion n contents pg n references.. I'll b doing da contents pg n cover pg..,,ham,uci_sms_spam_collection,en
"Forgot it takes me 3 years to shower, sorry. Where you at/your phone dead yet?",,ham,uci_sms_spam_collection,en
ÌÏ got wat to buy tell us then Ì_ no need to come in again.,,ham,uci_sms_spam_collection,en
When you are big..| God will bring success.,,ham,uci_sms_spam_collection,en
UÛªve Bin Awarded å£50 to Play 4 Instant Cash. Call 08715203028 To Claim. EVERY 9th Player Wins Min å£50-å£500. OptOut 08718727870,,spam,uci_sms_spam_collection,en
"Û_ we r stayin here an extra week, back next wed. How did we do in the rugby this weekend? Hi to and and , c u soon \""ham""",,ham,uci_sms_spam_collection,en
Not from this campus. Are you in the library?,,ham,uci_sms_spam_collection,en
"The affidavit says  &lt;#&gt;  E Twiggs St, division g, courtroom  &lt;#&gt; , &lt;TIME&gt;  AM. I'll double check and text you again tomorrow",,ham,uci_sms_spam_collection,en
How will I creep on you now? ;_;,,ham,uci_sms_spam_collection,en
If I get there before you after your ten billion calls and texts so help me god,,ham,uci_sms_spam_collection,en
I've told him that i've returned it. That should i re order it.,,ham,uci_sms_spam_collection,en
"House-Maid is the murderer, coz the man was murdered on  &lt;#&gt; th January.. As public holiday all govt.instituitions are closed,including post office..",,ham,uci_sms_spam_collection,en
Depends on where u going lor.,,ham,uci_sms_spam_collection,en
And smile for me right now as you go and the world will wonder what you are smiling about and think your crazy and keep away from you ... *grins*,,ham,uci_sms_spam_collection,en
FreeMsg>FAV XMAS TONES!Reply REAL,,spam,uci_sms_spam_collection,en
Lil fever:) now fine:),,ham,uci_sms_spam_collection,en
I think it's all still in my car,,ham,uci_sms_spam_collection,en
Can a not?,,ham,uci_sms_spam_collection,en
December only! Had your mobile 11mths+? You are entitled to update to the latest colour camera mobile for Free! Call The Mobile Update Co FREE on 08002986906 ,,spam,uci_sms_spam_collection,en
Yes princess! I want to catch you with my big strong hands...,,ham,uci_sms_spam_collection,en
Oh yeah I forgot. U can only take 2 out shopping at once.,,ham,uci_sms_spam_collection,en
Mm so you asked me not to call radio,,ham,uci_sms_spam_collection,en
Thinkin about someone is all good. No drugs for that,,ham,uci_sms_spam_collection,en
"Enjoy the showers of possessiveness poured on u by ur loved ones, bcoz in this world of lies, it is a golden gift to be loved truly..",,ham,uci_sms_spam_collection,en
"Alright if you're sure, let me know when you're leaving",,ham,uci_sms_spam_collection,en
Some are lasting as much as 2 hours. You might get lucky.,,ham,uci_sms_spam_collection,en
Genius what's up. How your brother. Pls send his number to my skype.,,ham,uci_sms_spam_collection,en
"Gr8 Poly tones 4 ALL mobs direct 2u rply with POLY TITLE to 8007 eg POLY BREATHE1 Titles: CRAZYIN, SLEEPINGWITH, FINEST, YMCA :getzed.co.uk POBox365O4W45WQ 300p",,spam,uci_sms_spam_collection,en
Thk some of em find wtc too far... Weiyi not goin... E rest i dunno yet... R ur goin 4 dinner den i might b able to join...,,ham,uci_sms_spam_collection,en
Don't forget who owns you and who's private property you are ... And be my good boy always .. *passionate kiss*,,ham,uci_sms_spam_collection,en
INTERFLORA - åÒIt's not too late to order Interflora flowers for christmas call 0800 505060 to place your order before Midnight tomorrow.,,spam,uci_sms_spam_collection,en
Oh god..taken the teeth?is it paining,,ham,uci_sms_spam_collection,en
ROMCAPspam Everyone around should be responding well to your presence since you are so warm and outgoing. You are bringing in a real breath of sunshine.,,spam,uci_sms_spam_collection,en
Then u ask darren go n pick u lor... But i oso sian tmr haf 2 meet lect...,,ham,uci_sms_spam_collection,en
No need to buy lunch for me.. I eat maggi mee..,,ham,uci_sms_spam_collection,en
"Congratulations - Thanks to a good friend U have WON the å£2,000 Xmas prize. 2 claim is easy, just call 08712103738 NOW! Only 10p per minute. BT-national-rate",,spam,uci_sms_spam_collection,en
"Oh right, ok. I'll make sure that i do loads of work during the day!  got a really nasty cough today and is dry n shot so that should really help it!",,ham,uci_sms_spam_collection,en
Send a logo 2 ur lover - 2 names joined by a heart. Txt LOVE NAME1 NAME2 MOBNO eg LOVE ADAM EVE 07123456789 to 87077 Yahoo! POBox36504W45WQ TxtNO 4 no ads 150p.,,spam,uci_sms_spam_collection,en
Thanx 4 sending me home...,,ham,uci_sms_spam_collection,en
Its normally hot mail. Com you see!,,ham,uci_sms_spam_collection,en
"You've won tkts to the EURO2004 CUP FINAL or å£800 CASH, to collect CALL 09058099801 b4190604, POBOX 7876150ppm",,spam,uci_sms_spam_collection,en
U sick still can go shopping?,,ham,uci_sms_spam_collection,en
"Ya they are well and fine., BBD(pooja) full pimples..even she become quite black..and ur rite here its too cold, wearing sweatter..",,ham,uci_sms_spam_collection,en
Nice.nice.how is it working?,,ham,uci_sms_spam_collection,en
1's reach home call me.,,ham,uci_sms_spam_collection,en
Were trying to find a Chinese food place around here,,ham,uci_sms_spam_collection,en
"Easy mate, * guess the quick drink was bit ambitious.",,ham,uci_sms_spam_collection,en
BABE !!! I miiiiiiissssssssss you ! I need you !!! I crave you !!! :-( ... Geeee ... I'm so sad without you babe ... I love you ...,,ham,uci_sms_spam_collection,en
Ok thanx...,,ham,uci_sms_spam_collection,en
"Tunji, how's the queen? how are you doing. This is just wishing you a great day. Abiola.",,ham,uci_sms_spam_collection,en
Today iZ Yellow rose day. If u love my frndship give me 1 misscall &amp; send this to ur frndZ &amp; See how many miss calls u get. If u get 6missed U marry ur Lover.,,ham,uci_sms_spam_collection,en
Will be out of class in a few hours. Sorry,,ham,uci_sms_spam_collection,en
Wat time u finish ur lect today?,,ham,uci_sms_spam_collection,en
"Free-message: Jamster!Get the crazy frog sound now! For poly text MAD1, for real text MAD2 to 88888. 6 crazy sounds for just 3 GBP/week! 16+only! T&C's apply",,spam,uci_sms_spam_collection,en
"YOUR CHANCE TO BE ON A REALITY FANTASY SHOW call now = 08707509020 Just 20p per min NTT Ltd, PO Box 1327 Croydon CR9 5WB 0870 is a national = rate call",,spam,uci_sms_spam_collection,en
She's fine. Good to hear from you. How are you my dear? Happy new year oh.,,ham,uci_sms_spam_collection,en
Are you going to wipro interview today?,,ham,uci_sms_spam_collection,en
how tall are you princess?,,ham,uci_sms_spam_collection,en
I doubt you could handle 5 times per night in any case...,,ham,uci_sms_spam_collection,en
Haha... Hope Ì_ can hear the receipt sound... Gd luck!,,ham,uci_sms_spam_collection,en
Your gonna be the death if me. I'm gonna leave a note that says its all robs fault. Avenge me.,,ham,uci_sms_spam_collection,en
"Japanese Proverb: If one Can do it, U too Can do it, If none Can do it,U must do it Indian version: If one Can do it, LET HIM DO it.. If none Can do it,LEAVE it!! And finally Kerala version: If one can do it, Stop him doing it.. If none can do it, Make a strike against it ...",,ham,uci_sms_spam_collection,en
Today i'm not workin but not free oso... Gee... Thgt u workin at ur fren's shop ? ,,ham,uci_sms_spam_collection,en
In life when you face choices Just toss a coin not becoz its settle the question But while the coin in the air U will know what your heart is hoping for. Gudni8,,ham,uci_sms_spam_collection,en
I want to be there so i can kiss you and feel you next to me,,ham,uci_sms_spam_collection,en
I am not at all happy with what you saying or doing,,ham,uci_sms_spam_collection,en
Adult 18 Content Your video will be with you shortly,,spam,uci_sms_spam_collection,en
"Ok that would b lovely, if u r sure. Think about wot u want to do, drinkin, dancin, eatin, cinema, in, out, about... Up to u! Wot about ? ",,ham,uci_sms_spam_collection,en
What I'm saying is if you haven't explicitly told nora I know someone I'm probably just not gonna bother,,ham,uci_sms_spam_collection,en
Smith waste da.i wanna gayle.,,ham,uci_sms_spam_collection,en
"Mum, i've sent you many many messages since i got here. I just want to know that you are actually getting them. Do enjoy the rest of your day.",,ham,uci_sms_spam_collection,en
"Aight, tomorrow around  &lt;#&gt;  it is",,ham,uci_sms_spam_collection,en
"YOUR CHANCE TO BE ON A REALITY FANTASY SHOW call now = 08707509020 Just 20p per min NTT Ltd, PO Box 1327 Croydon CR9 5WB 0870 is a national = rate call.",,spam,uci_sms_spam_collection,en
I actually did for the first time in a while. I went to bed not too long after i spoke with you. Woke up at 7. How was your night?,,ham,uci_sms_spam_collection,en
See you there! ,,ham,uci_sms_spam_collection,en
I dont understand your message.,,ham,uci_sms_spam_collection,en
Crucify is c not s. You should have told me earlier.,,ham,uci_sms_spam_collection,en
"Idk. You keep saying that you're not, but since he moved, we keep butting heads over freedom vs. responsibility. And i'm tired. I have so much other shit to deal with that i'm barely keeping myself together once this gets added to it.",,ham,uci_sms_spam_collection,en
Fuck cedar key and fuck her (come over anyway tho),,ham,uci_sms_spam_collection,en
twenty past five he said will this train have been to durham already or not coz i am in a reserved seat,,ham,uci_sms_spam_collection,en
"Hey Boys. Want hot XXX pics sent direct 2 ur phone? Txt PORN to 69855, 24Hrs free and then just 50p per day. To stop text STOPBCM SF WC1N3XX",,spam,uci_sms_spam_collection,en
U still painting ur wall?,,ham,uci_sms_spam_collection,en
Printer is cool. I mean groovy. Wine is groovying,,ham,uci_sms_spam_collection,en
Hi Harish's rent has been transfred to ur Acnt.,,ham,uci_sms_spam_collection,en
Anything lor is she coming?,,ham,uci_sms_spam_collection,en
Cbe is really good nowadays:)lot of shop and showrooms:)city is shaping good.,,ham,uci_sms_spam_collection,en
ÌÏ still attending da talks?,,ham,uci_sms_spam_collection,en
No probs hon! How u doinat the mo?,,ham,uci_sms_spam_collection,en
K I'll take care of it,,ham,uci_sms_spam_collection,en
I take it we didn't have the phone callon Friday. Can we assume we won't have it this year now?,,ham,uci_sms_spam_collection,en
My battery is low babe,,ham,uci_sms_spam_collection,en
Shuhui has bought ron's present it's a swatch watch...,,ham,uci_sms_spam_collection,en
"Yeah there's quite a bit left, I'll swing by tomorrow when I get up",,ham,uci_sms_spam_collection,en
Babe? You said 2 hours and it's been almost 4 ... Is your internet down ?,,ham,uci_sms_spam_collection,en
K I'll be sure to get up before noon and see what's what,,ham,uci_sms_spam_collection,en
K...k...yesterday i was in cbe .,,ham,uci_sms_spam_collection,en
Went to ganesh dress shop,,ham,uci_sms_spam_collection,en
"pdate_Now - Double mins and 1000 txts on Orange tariffs. Latest Motorola, SonyEricsson & Nokia & Bluetooth FREE! Call MobileUpd8 on 08000839402 or call2optout/!YHL",,spam,uci_sms_spam_collection,en
ÌÏ collecting ur laptop then going to configure da settings izzit?,,ham,uci_sms_spam_collection,en
"Aight, I should be there by 8 at the latest, probably closer to 7. Are jay and tyler down or should we just do two trips?",,ham,uci_sms_spam_collection,en
Come aftr  &lt;DECIMAL&gt; ..now i m cleaning the house,,ham,uci_sms_spam_collection,en
Ur cash-balance is currently 500 pounds - to maximize ur cash-in now send CASH to 86688 only 150p/msg. CC: 08718720201 PO BOX 114/14 TCR/W1,,spam,uci_sms_spam_collection,en
"Bill, as in: Are there any letters for me. iÛªm expecting one from orange that isnÛªt a bill but may still say orange on it.",,ham,uci_sms_spam_collection,en
Tell me pa. How is pain de.,,ham,uci_sms_spam_collection,en
HI DARLIN I HOPE YOU HAD A NICE NIGHT I WISH I HAD COME CANT WAIT TO SEE YOU LOVE FRAN PS I WANT DIRTY ANAL SEX AND I WANT A 10 MAN GANG BANG,,ham,uci_sms_spam_collection,en
"Ha. You donÛ÷t know either. I did a a clever but simple thing with pears the other day, perfect for christmas.",,ham,uci_sms_spam_collection,en
"Helloooo... Wake up..! \Sweet\"" \""morning\"" \""welcomes\"" \""You\"" \""Enjoy\"" \""This Day\"" \""with full of joy\"".. \""GUD MRNG\"".""",,ham,uci_sms_spam_collection,en
ALRITE,,ham,uci_sms_spam_collection,en
Why must we sit around and wait for summer days to celebrate. Such a magical sight when the worlds dressed in white. Oooooh let there be snow.,,ham,uci_sms_spam_collection,en
URGENT! Your Mobile number has been awarded with a å£2000 prize GUARANTEED. Call 09058094454 from land line. Claim 3030. Valid 12hrs only,,spam,uci_sms_spam_collection,en
How do you guys go to see movies on your side.,,ham,uci_sms_spam_collection,en
You didn't have to tell me that...now i'm thinking. Plus he's going to stop all your runs,,ham,uci_sms_spam_collection,en
Kindly send some one to our flat before  &lt;DECIMAL&gt;  today.,,ham,uci_sms_spam_collection,en
Sorry! U can not unsubscribe yet. THE MOB offer package has a min term of 54 weeks> pls resubmit request after expiry. Reply THEMOB HELP 4 more info,,spam,uci_sms_spam_collection,en
Nothing lor... A bit bored too... Then y dun u go home early 2 sleep today...,,ham,uci_sms_spam_collection,en
What time should I tell my friend to be around?,,ham,uci_sms_spam_collection,en
Yes. that will be fine. Love you. Be safe.,,ham,uci_sms_spam_collection,en
Thanks chikku..:-) gud nyt:-*,,ham,uci_sms_spam_collection,en
Is xy in ur car when u picking me up?,,ham,uci_sms_spam_collection,en
"Thanx 4 the time weåÕve spent 2geva, its bin mint! Ur my Baby and all I want is u!xxxx",,ham,uci_sms_spam_collection,en
"Yo, any way we could pick something up tonight?",,ham,uci_sms_spam_collection,en
I've not sent it. He can send me.,,ham,uci_sms_spam_collection,en
Fine am simply sitting.,,ham,uci_sms_spam_collection,en
Thts god's gift for birds as humans hav some natural gift frm god..,,ham,uci_sms_spam_collection,en
Are you coming to day for class.,,ham,uci_sms_spam_collection,en
Im done. Just studyn in library,,ham,uci_sms_spam_collection,en
Ok... U enjoy ur shows...,,ham,uci_sms_spam_collection,en
Anything...,,ham,uci_sms_spam_collection,en
Where wuld I be without my baby? The thought alone mite break me and I donåÕt wanna go crazy but everyboy needs his lady xxxxxxxx,,ham,uci_sms_spam_collection,en
Wat's my dear doing? Sleeping ah?,,ham,uci_sms_spam_collection,en
Hi' Test on  &lt;#&gt; rd ....,,ham,uci_sms_spam_collection,en
Only 2% students solved this CAT question in 'xam... 5+3+2= &lt;#&gt;  9+2+4= &lt;#&gt;  8+6+3= &lt;#&gt;  then 7+2+5=????? Tell me the answer if u r brilliant...1thing.i got d answr.,,ham,uci_sms_spam_collection,en
Yo do you know anyone  &lt;#&gt;  or otherwise able to buy liquor? Our guy flaked and right now if we don't get a hold of somebody its just 4 loko all night,,ham,uci_sms_spam_collection,en
Yup n her fren lor. I'm meeting my fren at 730.,,ham,uci_sms_spam_collection,en
"Yeah, we got one lined up for us",,ham,uci_sms_spam_collection,en
"And stop wondering \wow is she ever going to stop tm'ing me ?!\"" because I will tm you whenever I want because you are MINE ... *laughs*""",,ham,uci_sms_spam_collection,en
Lol yep did that yesterday. Already got my fireplace. Now its just another icon sitting there for me.,,ham,uci_sms_spam_collection,en
Hey i've booked the pilates and yoga lesson already... Haha,,ham,uci_sms_spam_collection,en
Are you ok. What happen to behave like this,,ham,uci_sms_spam_collection,en
You have 1 new message. Please call 08712400200.,,spam,uci_sms_spam_collection,en
My supervisor find 4 me one lor i thk his students. I havent ask her yet. Tell u aft i ask her.,,ham,uci_sms_spam_collection,en
"Hello. No news on job, they are making me wait a fifth week! Yeah im up for some woozles and weasels... In exeter still, but be home about 3. ",,ham,uci_sms_spam_collection,en
We currently have a message awaiting your collection. To collect your message just call 08718723815.,,spam,uci_sms_spam_collection,en
"Hey babe, sorry i didn't get sooner. Gary can come and fix it cause he thinks he knows what it is but he doesn't go as far a Ptbo and he says it will cost  &lt;#&gt;  bucks. I don't know if it might be cheaper to find someone there ? We don't have any second hand machines at all right now, let me know what you want to do babe",,ham,uci_sms_spam_collection,en
make that 3! 4 fucks sake?! x,,ham,uci_sms_spam_collection,en
Leave it. U will always be ignorant.,,ham,uci_sms_spam_collection,en
Nope but i'll b going 2 sch on fri quite early lor cos mys sis got paper in da morn :-),,ham,uci_sms_spam_collection,en
at bruce b downs &amp; fletcher now,,ham,uci_sms_spam_collection,en
Where are you ? You said you would be here when I woke ... :-(,,ham,uci_sms_spam_collection,en
Hey now am free you can call me.,,ham,uci_sms_spam_collection,en
Tell me whos this pls:-),,ham,uci_sms_spam_collection,en
"URGENT! Your mobile was awarded a å£1,500 Bonus Caller Prize on 27/6/03. Our final attempt 2 contact U! Call 08714714011",,spam,uci_sms_spam_collection,en
"Think i might have to give it a miss. Am teaching til twelve, then have lecture at two. Damn this working thing.",,ham,uci_sms_spam_collection,en
Id have to check but there's only like 1 bowls worth left,,ham,uci_sms_spam_collection,en
Yes there were many sweets,,ham,uci_sms_spam_collection,en
I would but I'm still cozy. And exhausted from last night.nobody went to school or work. Everything is closed.,,ham,uci_sms_spam_collection,en
Buzzzz! *grins* Did I buzz your ass? Buzz your chest ? Buzz your cock ? Where do you keep your phone ? Is the vibrator on ? Did you feel it shake ?,,ham,uci_sms_spam_collection,en
Sir send to group mail check it.,,ham,uci_sms_spam_collection,en
I'm doing da intro covers energy trends n pros n cons... Brief description of nuclear fusion n oso brief history of iter n jet got abt 7 n half pages..,,ham,uci_sms_spam_collection,en
"\NONE!NOWHERE IKNO DOESDISCOUNT!SHITINNIT\""""",,ham,uci_sms_spam_collection,en
You dont know you jabo me abi.,,ham,uci_sms_spam_collection,en
"Do you ever notice that when you're driving, anyone going slower than you is an idiot and everyone driving faster than you is a maniac?",,spam,uci_sms_spam_collection,en
Not yet had..ya sapna aunty manege y'day hogidhe..chinnu full weak and swalpa black agidhane..,,ham,uci_sms_spam_collection,en
"Are you being good, baby? :)",,ham,uci_sms_spam_collection,en
"Mostly sports type..lyk footbl,crckt..",,ham,uci_sms_spam_collection,en
Ma head dey swell oh. Thanks for making my day,,ham,uci_sms_spam_collection,en
U should make a fb list,,ham,uci_sms_spam_collection,en
Sary just need Tim in the bollox &it hurt him a lot so he tol me!,,ham,uci_sms_spam_collection,en
Happy New Year Princess!,,ham,uci_sms_spam_collection,en
"I'll text carlos and let you know, hang on",,ham,uci_sms_spam_collection,en
"Don't worry, * is easy once have ingredients!",,ham,uci_sms_spam_collection,en
I love u 2 my little pocy bell I am sorry but I love u,,ham,uci_sms_spam_collection,en
"Ok omw now, you at castor?",,ham,uci_sms_spam_collection,en
Yar lor... Keep raining non stop... Or u wan 2 go elsewhere?,,ham,uci_sms_spam_collection,en
"Xmas Offer! Latest Motorola, SonyEricsson & Nokia & FREE Bluetooth or DVD! Double Mins & 1000 Txt on Orange. Call MobileUpd8 on 08000839402 or call2optout/4QF2",,spam,uci_sms_spam_collection,en
What u mean u almost done? Done wif sleeping? But i tot u going to take a nap.. Yup i send her liao so i'm picking her up at ard 4 smth lor..,,ham,uci_sms_spam_collection,en
"Tonight? Yeah, I'd be down for that",,ham,uci_sms_spam_collection,en
What should i eat fo lunch senor,,ham,uci_sms_spam_collection,en
"He said that he had a right giggle when he saw u again! You would possibly be the first person2die from NVQ, but think how much you could for! ",,ham,uci_sms_spam_collection,en
No break time one... How... I come out n get my stuff fr Ì_?,,ham,uci_sms_spam_collection,en
Reply to win å£100 weekly! What professional sport does Tiger Woods play? Send STOP to 87239 to end service,,spam,uci_sms_spam_collection,en
"I'm there and I can see you, but you can't see me ? Maybe you should reboot ym ? I seen the buzz",,ham,uci_sms_spam_collection,en
Do you still have the grinder?,,ham,uci_sms_spam_collection,en
No 1 POLYPHONIC tone 4 ur mob every week! Just txt PT2 to 87575. 1st Tone FREE ! so get txtin now and tell ur friends. 150p/tone. 16 reply HL 4info,,spam,uci_sms_spam_collection,en
K.i did't see you.:)k:)where are you now?,,ham,uci_sms_spam_collection,en
So i'm doing a list of buyers.,,ham,uci_sms_spam_collection,en
"No idea, I guess we'll work that out an hour after we're supposed to leave since as usual nobody has any interest in figuring shit out before the last second",,ham,uci_sms_spam_collection,en
Mm not entirely sure i understood that text but hey. Ho. Which weekend?,,ham,uci_sms_spam_collection,en
They released vday shirts and when u put it on it makes your bottom half naked instead of those white underwear.,,ham,uci_sms_spam_collection,en
Don know..he is watching film in computer..,,ham,uci_sms_spam_collection,en
No b4 Thursday,,ham,uci_sms_spam_collection,en
"Oh, then your phone phoned me but it disconnected",,ham,uci_sms_spam_collection,en
Id onluy matters when getting on from offcampus,,ham,uci_sms_spam_collection,en
This message is free. Welcome to the new & improved Sex & Dogging club! To unsubscribe from this service reply STOP. msgs@150p 18+only,,spam,uci_sms_spam_collection,en
"Excellent, I'll see what riley's plans are",,ham,uci_sms_spam_collection,en
Ew are you one of them?,,ham,uci_sms_spam_collection,en
Also hi wesley how've you been,,ham,uci_sms_spam_collection,en
Ah you see. You have to be in the lingo. I will let you know wot on earth it is when has finished making it!,,ham,uci_sms_spam_collection,en
Update_Now - 12Mths Half Price Orange line rental: 400mins...Call MobileUpd8 on 08000839402 or call2optout=J5Q,,spam,uci_sms_spam_collection,en
Imagine Life WITHOUT ME... see.. How fast u are searching me?Don't worry.. l'm always there To disturb U.. Goodnoon..:),,ham,uci_sms_spam_collection,en
"Hm good morning, headache anyone? :-)",,ham,uci_sms_spam_collection,en
Yeah no probs - last night is obviously catching up with you... Speak soon ,,ham,uci_sms_spam_collection,en
FREE UNLIMITED HARDCORE PORN direct 2 your mobile Txt PORN to 69200 & get FREE access for 24 hrs then chrgd@50p per day txt Stop 2exit. This msg is free,,spam,uci_sms_spam_collection,en
I might go 2 sch. Yar at e salon now v boring.,,ham,uci_sms_spam_collection,en
 &lt;#&gt;  mins but i had to stop somewhere first.,,ham,uci_sms_spam_collection,en
"&lt;#&gt;  is fast approaching. So, Wish u a very Happy New Year Happy Sankranti Happy republic day Happy Valentines Day Happy Shivratri Happy Ugadi Happy Fools day Happy May Day Happy Independence Day, Happy Friendship,Mother,Father,Teachers,Childrens Day, &amp; HAPPY BIRTHDAY 4 U. Happy Ganesh festival Happy Dasara Happy Diwali Happy Christmas  &lt;#&gt;  Good Mornings Afternoons, Evenings Nights. RememberI AM the first to WISHING U ALL THESE...your's Raj",,ham,uci_sms_spam_collection,en
One of the joys in lifeis waking up each daywith thoughts that somewhereSomeone cares enough tosend a warm morning greeting.. -,,ham,uci_sms_spam_collection,en
I didn't get the second half of that message,,ham,uci_sms_spam_collection,en
Wat time do u wan 2 meet me later?,,ham,uci_sms_spam_collection,en
I thank you so much for all you do with selflessness. I love you plenty.,,ham,uci_sms_spam_collection,en
Am in film ill call you later.,,ham,uci_sms_spam_collection,en
How dare you change my ring,,ham,uci_sms_spam_collection,en
You are a very very very very bad girl. Or lady.,,ham,uci_sms_spam_collection,en
I love ya too but try and budget your money better babe. Gary would freak on me if he knew,,ham,uci_sms_spam_collection,en
"What part of \don't initiate\"" don't you understand""",,ham,uci_sms_spam_collection,en
I finished my lunch already. U wake up already?,,ham,uci_sms_spam_collection,en
You still at the game?,,ham,uci_sms_spam_collection,en
You have got tallent but you are wasting.,,ham,uci_sms_spam_collection,en
What is your record for one night? :),,ham,uci_sms_spam_collection,en
"Also sir, i sent you an email about how to log into the usc payment portal. I.ll send you another message that should explain how things are back home. Have a great weekend.",,ham,uci_sms_spam_collection,en
 gonna let me know cos comes bak from holiday that day.  is coming. Don't4get2text me  number. ,,ham,uci_sms_spam_collection,en
Jokin only lar... :-) depends on which phone my father can get lor...,,ham,uci_sms_spam_collection,en
"Aight, lemme know what's up",,ham,uci_sms_spam_collection,en
Get ready for  &lt;#&gt;  inches of pleasure...,,ham,uci_sms_spam_collection,en
;-) ok. I feel like john lennon.,,ham,uci_sms_spam_collection,en
Cos darren say Ì_ considering mah so i ask Ì_...,,ham,uci_sms_spam_collection,en
You are not bothering me but you have to trust my answers. Pls.,,ham,uci_sms_spam_collection,en
One day a crab was running on the sea shore..The waves came n cleared the footprints of the crab.. Crab asked: being my frnd y r u clearing my beautiful footprints? Waves replied: A fox was following ur footprints to catch you! thats y i cleared it off:) frndsship never lets u dwn :-) GUD nyt..,,ham,uci_sms_spam_collection,en
Aight what time you want me to come up?,,ham,uci_sms_spam_collection,en
Slaaaaave ! Where are you ? Must I summon you to me all the time now ? Don't you wish to come to me on your own anymore?,,ham,uci_sms_spam_collection,en
Your bill at 3 is å£33.65 so thats not bad!,,ham,uci_sms_spam_collection,en
Let me know how it changes in the next 6hrs. It can even be appendix but you are out of that age range. However its not impossible. So just chill and let me know in 6hrs,,ham,uci_sms_spam_collection,en
"Hello, yeah i've just got out of the bath and need to do my hair so i'll come up when i'm done, yeah?",,ham,uci_sms_spam_collection,en
So how's the weather over there?,,ham,uci_sms_spam_collection,en
"Ok. Not much to do here though. H&M Friday, cant wait. Dunno wot the hell im gonna do for another 3 weeks! Become a slob- oh wait, already done that! ",,ham,uci_sms_spam_collection,en
Die... Now i have e toot fringe again...,,ham,uci_sms_spam_collection,en
Lol they don't know about my awesome phone. I could click delete right now if I want.,,ham,uci_sms_spam_collection,en
"Awesome question with a cute answer: Someone asked a boy \how is ur life?\"" . . He smiled &amp; answered: . . \""She is fine!\"" Gudnite""",,ham,uci_sms_spam_collection,en
Please leave this topic..sorry for telling that..,,ham,uci_sms_spam_collection,en
Pls send me the correct name da.,,ham,uci_sms_spam_collection,en
What happened to our yo date?,,ham,uci_sms_spam_collection,en
Webpage s not available!,,ham,uci_sms_spam_collection,en
Just woke up. Yeesh its late. But I didn't fall asleep til &lt;#&gt; am :/,,ham,uci_sms_spam_collection,en
You are now unsubscribed all services. Get tons of sexy babes or hunks straight to your phone! go to http://gotbabes.co.uk. No subscriptions.,,spam,uci_sms_spam_collection,en
"Dear all, as we know  &lt;#&gt; th is the  &lt;#&gt; th birthday of our loving Gopalettan. We are planning to give a small gift on that day. Those who like to participate in that you are welcome. Please contact our admin team for more details",,ham,uci_sms_spam_collection,en
K..k...from tomorrow onwards started ah?,,ham,uci_sms_spam_collection,en
What u talking bout early morning? It's almost noon where your at!,,ham,uci_sms_spam_collection,en
Fine. Do you remember me.,,ham,uci_sms_spam_collection,en
"Hi babe its Jordan, how r u? Im home from abroad and lonely, text me back if u wanna chat xxSP visionsms.com Text stop to stopCost 150p 08712400603",,spam,uci_sms_spam_collection,en
Ok. How many should i buy.,,ham,uci_sms_spam_collection,en
"Sounds good, keep me posted",,ham,uci_sms_spam_collection,en
Get a brand new mobile phone by being an agent of The Mob! Plus loads more goodies! For more info just text MAT to 87021.,,spam,uci_sms_spam_collection,en
Ok. So april. Cant wait,,ham,uci_sms_spam_collection,en
Boy you best get yo ass out here quick,,ham,uci_sms_spam_collection,en
Ay wana meet on sat?Ì_ wkg on sat?,,ham,uci_sms_spam_collection,en
I'm now but have to wait till 2 for the bus to pick me.,,ham,uci_sms_spam_collection,en
Apart from the one i told you about yesterday?,,ham,uci_sms_spam_collection,en
Ok lor... But buy wat?,,ham,uci_sms_spam_collection,en
Somebody should go to andros and steal ice,,ham,uci_sms_spam_collection,en
Don know. I did't msg him recently.,,ham,uci_sms_spam_collection,en
Take us out shopping and Mark will distract Isaiah.=D,,ham,uci_sms_spam_collection,en
"Mum, hope you are having a great day. Hoping this text meets you well and full of life. Have a great day. Abiola",,ham,uci_sms_spam_collection,en
There is no sense in my foot and penis.,,ham,uci_sms_spam_collection,en
Okay but i thought you were the expert,,ham,uci_sms_spam_collection,en
*deep sigh* ... I miss you :-( ... I am really surprised you haven't gone to the net cafe yet to get to me ... Don't you miss me?,,ham,uci_sms_spam_collection,en
S.s:)i thinl role is like sachin.just standing. Others have to hit.,,ham,uci_sms_spam_collection,en
Have a great trip to India. And bring the light to everyone not just with the project but with everyone that is lucky to see you smile. Bye. Abiola,,ham,uci_sms_spam_collection,en
"And very importantly, all we discuss is between u and i only.",,ham,uci_sms_spam_collection,en
K..k:)how about your training process?,,ham,uci_sms_spam_collection,en
Ok lor. I ned 2 go toa payoh 4 a while 2 return smth u wan 2 send me there or wat?,,ham,uci_sms_spam_collection,en
In da car park ,,ham,uci_sms_spam_collection,en
I wish that I was with you. Holding you tightly. Making you see how important you are. How much you mean to me ... How much I need you ... In my life ...,,ham,uci_sms_spam_collection,en
So i asked how's anthony. Dad. And your bf,,ham,uci_sms_spam_collection,en
"'Wnevr i wana fal in luv vth my books, My bed fals in luv vth me..!'' . Yen madodu, nav pretsorginta, nammanna pretsovru important alwa....!!:) Gud eveB-).",,ham,uci_sms_spam_collection,en
Am going to take bath ill place the key in window:-),,ham,uci_sms_spam_collection,en
LORD OF THE RINGS:RETURN OF THE KING in store NOW!REPLY LOTR by 2 June 4 Chance 2 WIN LOTR soundtrack CDs StdTxtRate. Reply STOP to end txts,,spam,uci_sms_spam_collection,en
"Dear, take care. I am just reaching home.love u a lot.",,ham,uci_sms_spam_collection,en
staff.science.nus.edu.sg/~phyhcmk/teaching/pc1323,,ham,uci_sms_spam_collection,en
Have you emigrated or something? Ok maybe 5.30 was a bit hopeful...,,ham,uci_sms_spam_collection,en
Olol i printed out a forum post by a guy with the exact same  prob which was fixed with a gpu replacement. Hopefully they dont ignore that.,,ham,uci_sms_spam_collection,en
We walked from my moms. Right on stagwood pass right on winterstone left on victors hill. Address is &lt;#&gt;,,ham,uci_sms_spam_collection,en
"Yo, you at jp and hungry like a mofo?",,ham,uci_sms_spam_collection,en
This is all just creepy and crazy to me.,,ham,uci_sms_spam_collection,en
Ok... I din get ur msg...,,ham,uci_sms_spam_collection,en
Pathaya enketa maraikara pa',,ham,uci_sms_spam_collection,en
Even if he my friend he is a priest call him now,,ham,uci_sms_spam_collection,en
"U so lousy, run already come back then half dead... Hee...",,ham,uci_sms_spam_collection,en
That's y i said it's bad dat all e gals know u... Wat u doing now?,,ham,uci_sms_spam_collection,en
Or remind me in a few hrs.,,ham,uci_sms_spam_collection,en
"I had been hoping i would not have to send you this message. My rent is due and i dont have enough for it. My reserves are completely gone. Its a loan i need and was hoping you could her. The balance is  &lt;#&gt; . Is there a way i could get that from you, till mid march when i hope to pay back.",,ham,uci_sms_spam_collection,en
Hi. Happy New Year. I dont mean to intrude but can you pls let me know how much tuition you paid last semester and how much this semester is. Thanks,,ham,uci_sms_spam_collection,en
Hello hun how ru? Its here by the way. Im good. Been on 2 dates with that guy i met in walkabout so far. We have to meet up soon. Hows everyone else?,,ham,uci_sms_spam_collection,en
Lol I was gonna last month. I cashed some in but I left &lt;#&gt; just in case. I was collecting more during the week cause they announced it on the blog.,,ham,uci_sms_spam_collection,en
Good Luck! Draw takes place 28th Feb 06. Good Luck! For removal send STOP to 87239 customer services 08708034412,,spam,uci_sms_spam_collection,en
Short But Cute : \ Be a good person ,,ham,uci_sms_spam_collection,en
Just haven't decided where yet eh ?,,ham,uci_sms_spam_collection,en
"Wat time liao, where still got.",,ham,uci_sms_spam_collection,en
Yes watching footie but worried we're going to blow it - Phil Neville?,,ham,uci_sms_spam_collection,en
I wait 4 Ì_ inside da car park...,,ham,uci_sms_spam_collection,en
Uncle Abbey! Happy New Year. Abiola,,ham,uci_sms_spam_collection,en
Now am free call me pa.,,ham,uci_sms_spam_collection,en
R u saying i should re order the slippers cos i had to pay for returning it.,,ham,uci_sms_spam_collection,en
Stop knowing me so well!,,ham,uci_sms_spam_collection,en
Good evening! this is roger. How are you?,,ham,uci_sms_spam_collection,en
Small problem in auction:)punj now asking tiwary,,ham,uci_sms_spam_collection,en
He telling not to tell any one. If so treat for me hi hi hi,,ham,uci_sms_spam_collection,en
1st wk FREE! Gr8 tones str8 2 u each wk. Txt NOKIA ON to 8007 for Classic Nokia tones or HIT ON to 8007 for Polys. Nokia/150p Poly/200p 16+,,spam,uci_sms_spam_collection,en
U coming 2 pick me?,,ham,uci_sms_spam_collection,en
Thats cool. i liked your photos. You are very sexy!,,ham,uci_sms_spam_collection,en
would u fuckin believe it they didnt know i had thurs pre booked off so they re cancelled me AGAIN! that needs to b sacked,,ham,uci_sms_spam_collection,en
"Haha better late than ever, any way I could swing by?",,ham,uci_sms_spam_collection,en
Ok. But i finish at 6.,,ham,uci_sms_spam_collection,en
"LookAtMe!: Thanks for your purchase of a video clip from LookAtMe!, you've been charged 35p. Think you can do better? Why not send a video in a MMSto 32323.",,spam,uci_sms_spam_collection,en
I've been barred from all B and Q stores for life!?This twat in orange dungerees came up to me and asked if I wanted decking? So I got the first punch in!!,,ham,uci_sms_spam_collection,en
So no messages. Had food?,,ham,uci_sms_spam_collection,en
Ok going to sleep. Hope i can meet her.,,ham,uci_sms_spam_collection,en
Can you let me know details of fri when u find out cos I'm not in tom or fri. mentionned chinese. Thanks,,ham,uci_sms_spam_collection,en
You're right I have now that I think about it,,ham,uci_sms_spam_collection,en
Wat r u doing now?,,ham,uci_sms_spam_collection,en
Is ur lecture over?,,ham,uci_sms_spam_collection,en
sexy sexy cum and text me im wet and warm and ready for some porn! u up for some fun? THIS MSG IS FREE RECD MSGS 150P INC VAT 2 CANCEL TEXT STOP,,spam,uci_sms_spam_collection,en
Customer place i will call you,,ham,uci_sms_spam_collection,en
Not planned yet :)going to join company on jan 5 only.don know what will happen after that.,,ham,uci_sms_spam_collection,en
Boy; I love u Grl: Hogolo Boy: gold chain kodstini Grl: Agalla Boy: necklace madstini Grl: agalla Boy: Hogli 1 mutai eerulli kodthini! Grl: I love U kano;-),,ham,uci_sms_spam_collection,en
"Haha I heard that, text me when you're around",,ham,uci_sms_spam_collection,en
I.ll get there tomorrow and send it to you,,ham,uci_sms_spam_collection,en
\SHIT BABE.. THASA BIT MESSED UP.YEH,,ham,uci_sms_spam_collection,en
Oh thats late! Well have a good night and i will give u a call tomorrow. Iam now going to go to sleep night night,,ham,uci_sms_spam_collection,en
"\CHEERS U TEX MECAUSE U WEREBORED! YEAH OKDEN HUNNY R UIN WK SAT?SOUNDåÕS LIKEYOUR HAVIN GR8FUN J! KEEP UPDAT COUNTINLOTS OF LOVEME XXXXX.\""""",,ham,uci_sms_spam_collection,en
"Sorry,  in meeting I'll call you later",,ham,uci_sms_spam_collection,en
Yo! Howz u? girls never rang after india. L,,ham,uci_sms_spam_collection,en
Yeah but which is worse for i,,ham,uci_sms_spam_collection,en
I tagged MY friends that you seemed to count as YOUR friends.,,ham,uci_sms_spam_collection,en
Long time. You remember me today.,,ham,uci_sms_spam_collection,en
Havent shopping now lor i juz arrive only,,ham,uci_sms_spam_collection,en
Thank u. IT BETTER WORK OUT CAUSE I WILL FEEL USED OTHERWISE,,ham,uci_sms_spam_collection,en
Are you up for the challenge? I know i am :),,ham,uci_sms_spam_collection,en
How much did ur hdd casing cost.,,ham,uci_sms_spam_collection,en
Mystery solved! Just opened my email and he's sent me another batch! Isn't he a sweetie,,ham,uci_sms_spam_collection,en
I can't describe how lucky you are that I'm actually awake by noon,,ham,uci_sms_spam_collection,en
This is the 2nd time we have tried to contact u. U have won the å£1450 prize to claim just call 09053750005 b4 310303. T&Cs/stop SMS 08718725756. 140ppm,,spam,uci_sms_spam_collection,en
Cheers for the card ... Is it that time of year already?,,ham,uci_sms_spam_collection,en
Ugh hopefully the asus ppl dont randomly do a reformat.,,ham,uci_sms_spam_collection,en
"Haven't seen my facebook, huh? Lol!",,ham,uci_sms_spam_collection,en
"Mah b, I'll pick it up tomorrow",,ham,uci_sms_spam_collection,en
Still otside le..u come 2morrow maga..,,ham,uci_sms_spam_collection,en
Do u still have plumbers tape and a wrench we could borrow?,,ham,uci_sms_spam_collection,en
"Dear Voucher Holder, To claim this weeks offer, at you PC please go to http://www.e-tlp.co.uk/reward. Ts&Cs apply.",,spam,uci_sms_spam_collection,en
It vl bcum more difficult..,,ham,uci_sms_spam_collection,en
Havent still waitin as usual... ÌÏ come back sch oredi?,,ham,uci_sms_spam_collection,en
In meeting da. I will call you,,ham,uci_sms_spam_collection,en
K k :-):-) then watch some films.,,ham,uci_sms_spam_collection,en
Does cinema plus drink appeal tomo? * Is a fr thriller by director i like on at mac at 8.30.,,ham,uci_sms_spam_collection,en
There the size of elephant tablets & u shove um up ur ass!!,,ham,uci_sms_spam_collection,en
"So many people seems to be special at first sight, But only very few will remain special to you till your last sight.. Maintain them till life ends.. take cr da",,ham,uci_sms_spam_collection,en
"My Parents, My Kidz, My Friends n My Colleagues. All screaming.. SURPRISE !! and I was waiting on the sofa.. ... ..... ' NAKED...!",,ham,uci_sms_spam_collection,en
Dunno i juz askin cos i got a card got 20% off 4 a salon called hair sense so i tot it's da one Ì_ cut ur hair. ,,ham,uci_sms_spam_collection,en
Good morning pookie pie! Lol hope I didn't wake u up,,ham,uci_sms_spam_collection,en
MAYBE IF YOU WOKE UP BEFORE FUCKING 3 THIS WOULDN'T BE A PROBLEM.,,ham,uci_sms_spam_collection,en
Happy birthday to you....dear.with lots of love.rakhesh NRI,,ham,uci_sms_spam_collection,en
"This is the 2nd time we have tried 2 contact u. U have won the 750 Pound prize. 2 claim is easy, call 08712101358 NOW! Only 10p per min. BT-national-rate",,spam,uci_sms_spam_collection,en
X2  &lt;#&gt; . Are you going to get that,,ham,uci_sms_spam_collection,en
Hi neva worry bout da truth coz the truth will lead me 2 ur heart. ItåÕs the least a unique person like u deserve. Sleep tight or morning,,ham,uci_sms_spam_collection,en
UR awarded a City Break and could WIN a å£200 Summer Shopping spree every WK. Txt STORE to 88039.SkilGme.TsCs087147403231Winawk!Age16+å£1.50perWKsub,,spam,uci_sms_spam_collection,en
Is ur paper today in e morn or aft?,,ham,uci_sms_spam_collection,en
I will lick up every drop :) are you ready to use your mouth as well?,,ham,uci_sms_spam_collection,en
And you! Will expect you whenever you text! Hope all goes well tomo ,,ham,uci_sms_spam_collection,en
Great. P diddy is my neighbor and comes for toothpaste every morning,,ham,uci_sms_spam_collection,en
"I av a new number,  . Wil u only use this one,ta.",,ham,uci_sms_spam_collection,en
So its to be poking man everyday that they teach you in canada abi! How are you. Just saying hi.,,ham,uci_sms_spam_collection,en
7 lor... Change 2 suntec... Wat time u coming?,,ham,uci_sms_spam_collection,en
No de.am seeing in online shop so that i asked.,,ham,uci_sms_spam_collection,en
Just curious because my cuz asked what I was up to,,ham,uci_sms_spam_collection,en
Okay lor... Wah... like that def they wont let us go... Haha... What did they say in the terms and conditions?,,ham,uci_sms_spam_collection,en
Haha... Yup hopefully  we will lose a few kg by mon. after hip hop can go orchard and weigh again,,ham,uci_sms_spam_collection,en
She's good. How are you. Where r u working now,,ham,uci_sms_spam_collection,en
"Oh, yes, I've just been a little under the weather so i've kind of been coccooning at home",,ham,uci_sms_spam_collection,en
At home also.,,ham,uci_sms_spam_collection,en
This phone has the weirdest auto correct.,,ham,uci_sms_spam_collection,en
Oops my phone died and I didn't even know. Yeah I like it better.,,ham,uci_sms_spam_collection,en
Havent mus ask if u can 1st wat. Of meet 4 lunch den u n him meet can already lor. Or u wan 2 go ask da ge 1st then confirm w me asap?,,ham,uci_sms_spam_collection,en
"She said,'' do u mind if I go into the bedroom for a minute ? '' ''OK'', I sed in a sexy mood. She came out 5 minuts latr wid a cake...n My Wife,",,ham,uci_sms_spam_collection,en
"OH YEAH,AND HAV A GREAT TIME IN NEWQUAY-SEND ME A POSTCARD !1 LOOK AFTER ALL THE GIRLS WHILE IM GONE(U KNOW THE 1IM TALKIN BOUT!)xx",,ham,uci_sms_spam_collection,en
We got a divorce. Lol. She.s here,,ham,uci_sms_spam_collection,en
What's ur pin?,,ham,uci_sms_spam_collection,en
"Babe, have you got enough money to pick up bread and milk ? And I'll give you it back when you get home ?",,ham,uci_sms_spam_collection,en
I want snow. It's just freezing and windy.,,ham,uci_sms_spam_collection,en
URGENT! We are trying to contact U. Todays draw shows that you have won a å£2000 prize GUARANTEED. Call 09066358361 from land line. Claim Y87. Valid 12hrs only,,spam,uci_sms_spam_collection,en
Come to mahal bus stop.. &lt;DECIMAL&gt;,,ham,uci_sms_spam_collection,en
Don know:)this week i'm going to tirunelvai da.,,ham,uci_sms_spam_collection,en
Me too baby! I promise to treat you well! I bet you will take good care of me...,,ham,uci_sms_spam_collection,en
Its like that hotel dusk game i think. You solve puzzles in a area thing,,ham,uci_sms_spam_collection,en
"Thanks for your ringtone order, reference number X29. Your mobile will be charged 4.50. Should your tone not arrive please call customer services 09065989180",,spam,uci_sms_spam_collection,en
"Hi, my love! How goes that day? Fuck, this morning I woke and dropped my cell on the way down the stairs but it seems alright ... *phews* I miss you !",,ham,uci_sms_spam_collection,en
Well that must be a pain to catch,,ham,uci_sms_spam_collection,en
Sorry da thangam.it's my mistake.,,ham,uci_sms_spam_collection,en
I need... Coz i never go before ,,ham,uci_sms_spam_collection,en
"Rose for red,red for blood,blood for heart,heart for u. But u for me.... Send tis to all ur friends.. Including me.. If u like me.. If u get back, 1-u r poor in relation! 2-u need some 1 to support 3-u r frnd 2 many 4-some1 luvs u 5+- some1 is praying god to marry u.:-) try it....",,ham,uci_sms_spam_collection,en
Ur cash-balance is currently 500 pounds - to maximize ur cash-in now send COLLECT to 83600 only 150p/msg. CC: 08718720201 PO BOX 114/14 TCR/W1,,spam,uci_sms_spam_collection,en
"I feel like a dick because I keep sleeping through your texts and facebook messages. Sup, you in town?",,ham,uci_sms_spam_collection,en
No plm i will come da. On the way.,,ham,uci_sms_spam_collection,en
Guess he wants alone time. We could just show up and watch when they do..,,ham,uci_sms_spam_collection,en
Height of recycling: Read twice- People spend time for earning money and the same money is spent for spending time!;-) Good morning.. keep smiling:-),,ham,uci_sms_spam_collection,en
Yup Ì_ not comin :-(,,ham,uci_sms_spam_collection,en
"Yes, princess. Toledo.",,ham,uci_sms_spam_collection,en
"Aight text me when you're back at mu and I'll swing by, need somebody to get the door for me",,ham,uci_sms_spam_collection,en
Ron say fri leh. N he said ding tai feng cant make reservations. But he said wait lor.,,ham,uci_sms_spam_collection,en
Good. No swimsuit allowed :),,ham,uci_sms_spam_collection,en
Am okay. Will soon be over. All the best,,ham,uci_sms_spam_collection,en
A cute thought for friendship: \Its not necessary to share every secret with ur close Frnd,,ham,uci_sms_spam_collection,en
Ok i've sent u da latest version of da project.,,ham,uci_sms_spam_collection,en
Pls accept me for one day. Or am begging you change the number.,,ham,uci_sms_spam_collection,en
Squeeeeeze!! This is christmas hug.. If u lik my frndshp den hug me back.. If u get 3 u r cute:) 6 u r luvd:* 9 u r so lucky;) None? People hate u:,,ham,uci_sms_spam_collection,en
"Its ok, if anybody asks abt me, u tel them..:-P",,ham,uci_sms_spam_collection,en
"Funny fact Nobody teaches volcanoes 2 erupt, tsunamis 2 arise, hurricanes 2 sway aroundn no 1 teaches hw 2 choose a wife Natural disasters just happens",,ham,uci_sms_spam_collection,en
* You gonna ring this weekend or wot?,,ham,uci_sms_spam_collection,en
Also track down any lighters you can find,,ham,uci_sms_spam_collection,en
"Babe, I need your advice",,ham,uci_sms_spam_collection,en
"IÛ÷ll leave around four, ok?",,ham,uci_sms_spam_collection,en
Come to medical college at 7pm ......forward it da,,ham,uci_sms_spam_collection,en
K:)k..its good:)when are you going?,,ham,uci_sms_spam_collection,en
I can make lasagna for you... vodka...,,ham,uci_sms_spam_collection,en
HI ITS KATE CAN U GIVE ME A RING ASAP XXX,,ham,uci_sms_spam_collection,en
Who were those people ? Were you in a tour ? I thought you were doing that sofa thing you sent me ? Your curious sugar,,ham,uci_sms_spam_collection,en
"No, but you told me you were going, before you got drunk!",,ham,uci_sms_spam_collection,en
He fucking chickened out. He messaged me he would be late and woould buzz me and then I didn't hear a word from him,,ham,uci_sms_spam_collection,en
"Congratulations! Thanks to a good friend U have WON the å£2,000 Xmas prize. 2 claim is easy, just call 08718726978 NOW! Only 10p per minute. BT-national-rate",,spam,uci_sms_spam_collection,en
I'm always looking for an excuse to be in the city.,,ham,uci_sms_spam_collection,en
Yup i'm still having coffee wif my frens... My fren drove she'll give me a lift...,,ham,uci_sms_spam_collection,en
O shore are you takin the bus,,ham,uci_sms_spam_collection,en
So u gonna get deus ex?,,ham,uci_sms_spam_collection,en
I will send them to your email. Do you mind  &lt;#&gt;  times per night?,,ham,uci_sms_spam_collection,en
"44 7732584351, Do you want a New Nokia 3510i colour phone DeliveredTomorrow? With 300 free minutes to any mobile + 100 free texts + Free Camcorder reply or call 08000930705.",,spam,uci_sms_spam_collection,en
tap & spile at seven. * Is that pub on gas st off broad st by canal. Ok?,,ham,uci_sms_spam_collection,en
Ok then i come n pick u at engin?,,ham,uci_sms_spam_collection,en
Which is why i never wanted to tell you any of this. Which is why i'm so short with you and on-edge as of late.,,ham,uci_sms_spam_collection,en
Raviyog Peripherals bhayandar east,,ham,uci_sms_spam_collection,en
K actually can you guys meet me at the sunoco on howard? It should be right on the way,,ham,uci_sms_spam_collection,en
"MOON has come to color your dreams, STARS to make them musical and my SMS to give you warm and Peaceful Sleep. Good Night",,ham,uci_sms_spam_collection,en
Just finished eating. Got u a plate. NOT leftovers this time.,,ham,uci_sms_spam_collection,en
Thanx a lot...,,ham,uci_sms_spam_collection,en
Hurry home u big butt. Hang up on your last caller if u have to. Food is done and I'm starving. Don't ask what I cooked.,,ham,uci_sms_spam_collection,en
Lol your right. What diet? Everyday I cheat anyway. I'm meant to be a fatty :(,,ham,uci_sms_spam_collection,en
Its a great day. Do have yourself a beautiful one.,,ham,uci_sms_spam_collection,en
What happened in interview?,,ham,uci_sms_spam_collection,en
Badrith is only for chennai:)i will surely pick for us:)no competition for him.,,ham,uci_sms_spam_collection,en
I tot it's my group mate... Lucky i havent reply... Wat time do Ì_ need to leave... ,,ham,uci_sms_spam_collection,en
Hey you around? I've got enough for a half + the ten I owe you,,ham,uci_sms_spam_collection,en
Hey tmr maybe can meet you at yck,,ham,uci_sms_spam_collection,en
ALRITE SAM ITS NIC JUST CHECKIN THAT THIS IS UR NUMBER-SO IS IT?T.B*,,ham,uci_sms_spam_collection,en
They are just making it easy to pay back. I have  &lt;#&gt; yrs to say but i can pay back earlier. You get?,,ham,uci_sms_spam_collection,en
Not to worry. I'm sure you'll get it.,,ham,uci_sms_spam_collection,en
"The gas station is like a block away from my house, you'll drive right by it since armenia ends at swann and you have to take howard",,ham,uci_sms_spam_collection,en
"Someone U know has asked our dating service 2 contact you! Cant Guess who? CALL 09058097189 NOW all will be revealed. POBox 6, LS15HB 150p ",,spam,uci_sms_spam_collection,en
Camera - You are awarded a SiPix Digital Camera! call 09061221066 fromm landline. Delivery within 28 days,,spam,uci_sms_spam_collection,en
My tuition is at 330. Hm we go for the 1120 to 1205 one? Do you mind?,,ham,uci_sms_spam_collection,en
"I'm not smoking while people use \wylie smokes too much\"" to justify ruining my shit""",,ham,uci_sms_spam_collection,en
Dear good morning how you feeling dear,,ham,uci_sms_spam_collection,en
A little. Meds say take once every 8 hours. It's only been 5 but pain is back. So I took another. Hope I don't die,,ham,uci_sms_spam_collection,en
"Beautiful tomorrow never comes.. When it comes, it's already TODAY.. In the hunt of beautiful tomorrow don't waste your wonderful TODAY.. GOODMORNING:)",,ham,uci_sms_spam_collection,en
Dunno lei Ì_ all decide lor. How abt leona? Oops i tot ben is going n i msg him.,,ham,uci_sms_spam_collection,en
Hi there. We have now moved in2 our pub . Would be great 2 c u if u cud come up.,,ham,uci_sms_spam_collection,en
Todays Voda numbers ending 5226 are selected to receive a ?350 award. If you hava a match please call 08712300220 quoting claim code 1131 standard rates app ,,spam,uci_sms_spam_collection,en
This message is free. Welcome to the new & improved Sex & Dogging club! To unsubscribe from this service reply STOP. msgs@150p 18 only,,spam,uci_sms_spam_collection,en
Just do what ever is easier for you,,ham,uci_sms_spam_collection,en
RCT' THNQ Adrian for U text. Rgds Vatian,,spam,uci_sms_spam_collection,en
Stop calling everyone saying I might have cancer. My throat hurts to talk. I can't be answering everyones calls. If I get one more call I'm not babysitting on Monday,,ham,uci_sms_spam_collection,en
"It'll be tough, but I'll do what I have to",,ham,uci_sms_spam_collection,en
IM GONNAMISSU SO MUCH!!I WOULD SAY IL SEND U A POSTCARD BUTTHERES ABOUTAS MUCH CHANCE OF MEREMEMBERIN ASTHERE IS OFSI NOT BREAKIN HIS CONTRACT!! LUV Yaxx,,ham,uci_sms_spam_collection,en
Ee msg na poortiyagi odalebeku: Hanumanji 7 name 1-Hanuman 2-Bajarangabali 3-Maruti 4-Pavanaputra 5-Sankatmochan 6-Ramaduth 7-Mahaveer ee 7 name  &lt;#&gt;  janarige ivatte kalisidare next saturday olage ondu good news keluviri...! Maretare inde 1 dodda problum nalli siguviri idu matra  &lt;#&gt; % true.. Don't neglet.,,ham,uci_sms_spam_collection,en
HI DARLIN I FINISH AT 3 DO U 1 2 PICK ME UP OR MEET ME? TEXT BACK ON THIS NUMBER LUV KATE XXX,,ham,uci_sms_spam_collection,en
"Set a place for me in your heart and not in your mind, as the mind easily forgets but the heart will always remember. Wish you Happy Valentines Day!",,ham,uci_sms_spam_collection,en
But i'm surprised she still can guess right lor...,,ham,uci_sms_spam_collection,en
Okie Ì_ wan meet at bishan? Cos me at bishan now. I'm not driving today.,,ham,uci_sms_spam_collection,en
HI DARLIN HOW WAS WORK DID U GET INTO TROUBLE? IJUST TALKED TO YOUR MUM ALL MORNING! I HAD A REALLY GOOD TIME LAST NIGHT IM GOIN OUT SOON BUT CALL ME IF U CAN,,ham,uci_sms_spam_collection,en
I know you are serving. I mean what are you doing now.,,ham,uci_sms_spam_collection,en
"Huh... Hyde park not in mel ah, opps, got confused... Anyway, if tt's e best choice den we juz have to take it...",,ham,uci_sms_spam_collection,en
Oh gei. That happend to me in tron. Maybe ill dl it in 3d when its out,,ham,uci_sms_spam_collection,en
I know girls always safe and selfish know i got it pa. Thank you. good night.,,ham,uci_sms_spam_collection,en
"No worries, hope photo shoot went well. have a spiffing fun at workage. ",,ham,uci_sms_spam_collection,en
I'm freezing and craving ice. Fml,,ham,uci_sms_spam_collection,en
Kay... Since we are out already ,,ham,uci_sms_spam_collection,en
Eh sorry leh... I din c ur msg. Not sad already lar. Me watching tv now. U still in office?,,ham,uci_sms_spam_collection,en
Yo im right by yo work,,ham,uci_sms_spam_collection,en
Ok darlin i supose it was ok i just worry too much.i have to do some film stuff my mate and then have to babysit again! But you can call me there.xx,,ham,uci_sms_spam_collection,en
I don wake since. I checked that stuff and saw that its true no available spaces. Pls call the embassy or send a mail to them.,,ham,uci_sms_spam_collection,en
Nope... Juz off from work...,,ham,uci_sms_spam_collection,en
Huh so fast... Dat means u havent finished painting?,,ham,uci_sms_spam_collection,en
 what number do u live at? Is it 11?,,ham,uci_sms_spam_collection,en
"No we put party 7 days a week and study lightly, I think we need to draw in some custom checkboxes so they know we're hardcore",,ham,uci_sms_spam_collection,en
Sac will score big hundred.he is set batsman:-),,ham,uci_sms_spam_collection,en
Send me yetty's number pls.,,ham,uci_sms_spam_collection,en
How much it will cost approx . Per month.,,ham,uci_sms_spam_collection,en
Ok... The theory test? when are Ì_ going to book? I think it's on 21 may. Coz thought wanna go out with jiayin. But she isnt free,,ham,uci_sms_spam_collection,en
"You are being contacted by our dating service by someone you know! To find out who it is, call from a land line 09050000928. PoBox45W2TG150P",,spam,uci_sms_spam_collection,en
"That's fine, have him give me a call if he knows what he wants or has any questions",,ham,uci_sms_spam_collection,en
"Sorry, got a late start, we're on the way",,ham,uci_sms_spam_collection,en
Then u go back urself lor...,,ham,uci_sms_spam_collection,en
I AM AT THE GAS STATION. GO THERE.,,ham,uci_sms_spam_collection,en
"K, if u bored up just come to my home..",,ham,uci_sms_spam_collection,en
Babe !!!! I LOVE YOU !!!! *covers your face in kisses*,,ham,uci_sms_spam_collection,en
"Like I made him throw up when we were smoking in our friend's car one time, it was awesome",,ham,uci_sms_spam_collection,en
Still i have not checked it da. . .,,ham,uci_sms_spam_collection,en
You will go to walmart. I.ll stay.,,ham,uci_sms_spam_collection,en
"I haven't forgotten you, i might have a couple bucks to send you tomorrow, k? I love ya too",,ham,uci_sms_spam_collection,en
Oh great. I.ll disturb him more so that we can talk.,,ham,uci_sms_spam_collection,en
Reverse is cheating. That is not mathematics.,,ham,uci_sms_spam_collection,en
U're welcome... Caught u using broken english again...,,ham,uci_sms_spam_collection,en
No problem baby. Is this is a good time to talk? I called and left a message.,,ham,uci_sms_spam_collection,en
Oh is it! Which brand?,,ham,uci_sms_spam_collection,en
Sorry i cant take your call right now. It so happens that there r 2waxsto do wat you want. She can come and ill get her medical insurance. And she'll be able to deliver and have basic care. I'm currently shopping for the right medical insurance for her. So just give me til friday morning. Thats when i.ll see the major person that can guide me to the right insurance.,,ham,uci_sms_spam_collection,en
At what time are you coming.,,ham,uci_sms_spam_collection,en
Call him and say you not coming today ok and tell them not to fool me like this ok,,ham,uci_sms_spam_collection,en
I emailed yifeng my part oredi.. Can Ì_ get it fr him..,,ham,uci_sms_spam_collection,en
R u sure they'll understand that! Wine * good idea just had a slurp!,,ham,uci_sms_spam_collection,en
Minimum walk is 3miles a day.,,ham,uci_sms_spam_collection,en
Ok not a problem will get them a taxi. C ing  tomorrow and tuesday. On tuesday think we r all going to the cinema. ,,ham,uci_sms_spam_collection,en
"Brainless Baby Doll..:-D;-), vehicle sariyag drive madoke barolla..",,ham,uci_sms_spam_collection,en
Sorry I missed your call let's talk when you have the time. I'm on 07090201529,,spam,uci_sms_spam_collection,en
Please attend the phone:),,ham,uci_sms_spam_collection,en
You only hate me. You can call any but you didnt accept even a single call of mine. Or even you messaged,,ham,uci_sms_spam_collection,en
No messages on her phone. I'm holding it now,,ham,uci_sms_spam_collection,en
Can... I'm free...,,ham,uci_sms_spam_collection,en
"Yo my trip got postponed, you still stocked up?",,ham,uci_sms_spam_collection,en
I am waiting for your call sir.,,ham,uci_sms_spam_collection,en
Hey what are you doing. Y no reply pa..,,ham,uci_sms_spam_collection,en
"Hey elaine, is today's meeting still on?",,ham,uci_sms_spam_collection,en
Sorry i've not gone to that place. I.ll do so tomorrow. Really sorry.,,ham,uci_sms_spam_collection,en
Most of the tiime when i don't let you hug me it's so i don't break into tears.,,ham,uci_sms_spam_collection,en
Tomorrow i am not going to theatre. . . So i can come wherever u call me. . . Tell me where and when to come tomorrow,,ham,uci_sms_spam_collection,en
And now electricity just went out fml.,,ham,uci_sms_spam_collection,en
"Looks like you found something to do other than smoke, great job!",,ham,uci_sms_spam_collection,en
Also andros ice etc etc,,ham,uci_sms_spam_collection,en
:) ,,ham,uci_sms_spam_collection,en
"Good afternon, my love. How are today? I hope your good and maybe have some interviews. I wake and miss you babe. A passionate kiss from across the sea",,ham,uci_sms_spam_collection,en
Yup. Wun believe wat? U really neva c e msg i sent shuhui?,,ham,uci_sms_spam_collection,en
Hows that watch resizing,,ham,uci_sms_spam_collection,en
Dear umma she called me now :-),,ham,uci_sms_spam_collection,en
Just finished. Missing you plenty,,ham,uci_sms_spam_collection,en
"complimentary 4 STAR Ibiza Holiday or å£10,000 cash needs your URGENT collection. 09066364349 NOW from Landline not to lose out! Box434SK38WP150PPM18+",,spam,uci_sms_spam_collection,en
"Well, I meant as opposed to my drunken night of before",,ham,uci_sms_spam_collection,en
K... Must book a not huh? so going for yoga basic on sunday?,,ham,uci_sms_spam_collection,en
FREE MSG:We billed your mobile number by mistake from shortcode 83332.Please call 08081263000 to have charges refunded.This call will be free from a BT landline,,spam,uci_sms_spam_collection,en
Ok can...,,ham,uci_sms_spam_collection,en
"Oops - am at my mum's in somerset... Bit far! Back tomo, see you soon x",,ham,uci_sms_spam_collection,en
So u workin overtime nigpun?,,ham,uci_sms_spam_collection,en
Same as kallis dismissial in 2nd test:-).,,ham,uci_sms_spam_collection,en
O. Guess they both got screwd,,ham,uci_sms_spam_collection,en
Please CALL 08712402972 immediately as there is an urgent message waiting for you,,spam,uci_sms_spam_collection,en
What r u cooking me for dinner?,,ham,uci_sms_spam_collection,en
Bull. Your plan was to go floating off to IKEA with me without a care in the world. So i have to live with your mess another day.,,ham,uci_sms_spam_collection,en
Then i buy.,,ham,uci_sms_spam_collection,en
URGENT! Your Mobile number has been awarded with a å£2000 Bonus Caller Prize. Call 09058095201 from land line. Valid 12hrs only,,spam,uci_sms_spam_collection,en
Heehee that was so funny tho,,ham,uci_sms_spam_collection,en
It only does simple arithmetic not percentages.,,ham,uci_sms_spam_collection,en
"Yeah we wouldn't leave for an hour at least, how's 4 sound?",,ham,uci_sms_spam_collection,en
Thanks honey. Have a great day.,,ham,uci_sms_spam_collection,en
"'An Amazing Quote'' - \Sometimes in life its difficult to decide whats wrong!! a lie that brings a smile or the truth that brings a tear....\""""",,ham,uci_sms_spam_collection,en
Then Ì_ ask dad to pick Ì_ up lar... ÌÏ wan 2 stay until 6 meh...,,ham,uci_sms_spam_collection,en
"Jus chillaxin, what up",,ham,uci_sms_spam_collection,en
"\HEY DAS COOL... IKNOW ALL 2 WELLDA PERIL OF STUDENTFINANCIAL CRISIS!SPK 2 U L8R.\""""",,ham,uci_sms_spam_collection,en
Do you want a New Nokia 3510i colour phone DeliveredTomorrow? With 300 free minutes to any mobile + 100 free texts + Free Camcorder reply or call 08000930705,,spam,uci_sms_spam_collection,en
"Whats that coming over the hill..... Is it a monster! Hope you have a great day. Things r going fine here, busy though! ",,ham,uci_sms_spam_collection,en
Joy's father is John. Then John is the ____ of Joy's father. If u ans ths you hav  &lt;#&gt;  IQ. Tis s IAS question try to answer.,,ham,uci_sms_spam_collection,en
Only once then after ill obey all yours.,,ham,uci_sms_spam_collection,en
No she didnt. I will search online and let you know.,,ham,uci_sms_spam_collection,en
Where do you need to go to get it?,,ham,uci_sms_spam_collection,en
No pic. Please re-send.,,ham,uci_sms_spam_collection,en
Uhhhhrmm isnt having tb test bad when youre sick,,ham,uci_sms_spam_collection,en
But i haf enuff space got like 4 mb...,,ham,uci_sms_spam_collection,en
LIFE has never been this much fun and great until you came in. You made it truly special for me. I won't forget you! enjoy @ one gbp/sms,,spam,uci_sms_spam_collection,en
Do you want a new Video phone? 600 anytime any network mins 400 Inclusive Video calls AND downloads 5 per week Free delTOMORROW call 08002888812 or reply NOW,,spam,uci_sms_spam_collection,en
"As a valued customer, I am pleased to advise you that following recent review of your Mob No. you are awarded with a å£1500 Bonus Prize, call 09066368470",,spam,uci_sms_spam_collection,en
Welcome! Please reply with your AGE and GENDER to begin. e.g 24M,,spam,uci_sms_spam_collection,en
Freemsg: 1-month unlimited free calls! Activate SmartCall Txt: CALL to No: 68866. Subscriptn3gbp/wk unlimited calls Help: 08448714184 Stop?txt stop landlineonly,,spam,uci_sms_spam_collection,en
Had your mobile 10 mths? Update to latest Orange camera/video phones for FREE. Save å£s with Free texts/weekend calls. Text YES for a callback orno to opt out,,spam,uci_sms_spam_collection,en
Am new 2 club & dont fink we met yet Will B gr8 2 C U Please leave msg 2day wiv ur area 09099726553 reply promised CARLIE x Callså£1/minMobsmore LKPOBOX177HP51FL,,spam,uci_sms_spam_collection,en
True. Its easier with her here.,,ham,uci_sms_spam_collection,en
Sure but since my parents will be working on Tuesday I don't really need a cover story,,ham,uci_sms_spam_collection,en
Haha okay... Today weekend leh... ,,ham,uci_sms_spam_collection,en
"\Hi darlin did youPhone me? Im atHome if youwanna chat.\""""",,ham,uci_sms_spam_collection,en
I don't know jack shit about anything or i'd say/ask something helpful but if you want you can pretend that I did and just text me whatever in response to the hypotheticalhuagauahahuagahyuhagga,,ham,uci_sms_spam_collection,en
You've always been the brainy one.,,ham,uci_sms_spam_collection,en
Yeah if we do have to get a random dude we need to change our info sheets to PARTY  &lt;#&gt; /7 NEVER STUDY just to be safe,,ham,uci_sms_spam_collection,en
Camera - You are awarded a SiPix Digital Camera! call 09061221066 fromm landline. Delivery within 28 days.,,spam,uci_sms_spam_collection,en
"Christmas is An occasion that is Celebrated as a Reflection of UR... Values..., Desires..., Affections...&amp; Traditions.... Have an ideal Christmas...",,ham,uci_sms_spam_collection,en
Sending you greetings of joy and happiness. Do have a gr8 evening,,ham,uci_sms_spam_collection,en
"\Hi darlin i cantdo anythingtomorrow as myparents aretaking me outfor a meal. when are u free? Katexxx\""""",,ham,uci_sms_spam_collection,en
If india win or level series means this is record:),,ham,uci_sms_spam_collection,en
Then what about further plan?,,ham,uci_sms_spam_collection,en
Its good to hear from you,,ham,uci_sms_spam_collection,en
"awesome, how do I deal with the gate? Charles told me last night but, uh, yeah",,ham,uci_sms_spam_collection,en
What time you thinkin of goin?,,ham,uci_sms_spam_collection,en
Get a FREE mobile video player FREE movie. To collect text GO to 89105. Its free! Extra films can be ordered t's and c's apply. 18 yrs only,,spam,uci_sms_spam_collection,en
Save money on wedding lingerie at www.bridal.petticoatdreams.co.uk Choose from a superb selection with national delivery. Brought to you by WeddingFriend,,spam,uci_sms_spam_collection,en
Your board is working fine. The issue of overheating is also reslove. But still software inst is pending. I will come around 8'o clock.,,ham,uci_sms_spam_collection,en
Yes but I don't care cause I know its there!,,ham,uci_sms_spam_collection,en
"Mon okie lor... Haha, best is cheap n gd food la, ex oso okie... Depends on whether wana eat western or chinese food... Den which u prefer... ",,ham,uci_sms_spam_collection,en
Sitting ard nothing to do lor. U leh busy w work?,,ham,uci_sms_spam_collection,en
Its  &lt;#&gt; k here oh. Should i send home for sale.,,ham,uci_sms_spam_collection,en
Sorry. || mail? || ,,ham,uci_sms_spam_collection,en
Ya just telling abt tht incident..,,ham,uci_sms_spam_collection,en
Yes we were outside for like 2 hours. And I called my whole family to wake them up cause it started at 1 am,,ham,uci_sms_spam_collection,en
Ugh just got outta class,,ham,uci_sms_spam_collection,en
"Nowadays people are notixiquating the laxinorficated opportunity for bambling of entropication.... Have you ever oblisingately opted ur books for the masteriastering amplikater of fidalfication? It is very champlaxigating, i think it is atrocious.. Wotz Ur Opinion???? Junna",,ham,uci_sms_spam_collection,en
No need lar. Jus testing e phone card. Dunno network not gd i thk. Me waiting 4 my sis 2 finish bathing so i can bathe. Dun disturb u liao u cleaning ur room.,,ham,uci_sms_spam_collection,en
Ok. I.ll do you right later.,,ham,uci_sms_spam_collection,en
Have your lunch and come quickly and open the door:),,ham,uci_sms_spam_collection,en
Not heard from U4 a while. Call me now am here all night with just my knickers on. Make me beg for it like U did last time 01223585236 XX Luv Nikiyu4.net,,spam,uci_sms_spam_collection,en
I am back. Bit long cos of accident on a30. Had to divert via wadebridge.I had a brilliant weekend thanks. Speak soon. Lots of love,,ham,uci_sms_spam_collection,en
"K.. I yan jiu liao... Sat we can go 4 bugis vill one frm 10 to 3 den hop to parco 4 nb. Sun can go cine frm 1030 to 2, den hop to orc mrt 4 hip hop at 4...",,ham,uci_sms_spam_collection,en
Bloomberg -Message center +447797706009 Why wait? Apply for your future http://careers. bloomberg.com,,spam,uci_sms_spam_collection,en
i am seeking a lady in the street and a freak in the sheets. Is that you?,,ham,uci_sms_spam_collection,en
My phone,,ham,uci_sms_spam_collection,en
"Haha figures, well I found the piece and priscilla's bowl",,ham,uci_sms_spam_collection,en
"Actually fuck that, just do whatever, do find an excuse to be in tampa at some point before january though",,ham,uci_sms_spam_collection,en
yay! finally lol. i missed our cinema trip last week :-(,,ham,uci_sms_spam_collection,en
All day working day:)except saturday and sunday..,,ham,uci_sms_spam_collection,en
Heart is empty without love.. Mind is empty without wisdom.. Eyes r empty without dreams &amp; Life is empty without frnds.. So Alwys Be In Touch. Good night &amp; sweet dreams,,ham,uci_sms_spam_collection,en
"I think IÛ÷m waiting for the same bus! Inform me when you get there, if you ever get there.",,ham,uci_sms_spam_collection,en
You getting back any time soon?,,ham,uci_sms_spam_collection,en
", how's things? Just a quick question.",,ham,uci_sms_spam_collection,en
"I can probably come by, everybody's done around  &lt;#&gt;  right?",,ham,uci_sms_spam_collection,en
I got it before the new year cos yetunde said she wanted to surprise you with it but when i didnt see money i returned it mid january before the  &lt;#&gt; day return period ended.,,ham,uci_sms_spam_collection,en
I can ask around but there's not a lot in terms of mids up here,,ham,uci_sms_spam_collection,en
Be sure to check your yahoo email. We sent photos yesterday,,ham,uci_sms_spam_collection,en
What was she looking for?,,ham,uci_sms_spam_collection,en
Wherre's my boytoy ? :-(,,ham,uci_sms_spam_collection,en
Do you want a NEW video phone750 anytime any network mins 150 text for only five pounds per week call 08000776320 now or reply for delivery tomorrow,,spam,uci_sms_spam_collection,en
"Hello, my love! How goes that day ? I wish your well and fine babe and hope that you find some job prospects. I miss you, boytoy ... *a teasing kiss*",,ham,uci_sms_spam_collection,en
Tell my  bad character which u Dnt lik in me. I'll try to change in  &lt;#&gt; . I ll add tat 2 my new year resolution. Waiting for ur reply.Be frank...good morning.,,ham,uci_sms_spam_collection,en
"Yeah, probably earlier than that",,ham,uci_sms_spam_collection,en
Change windows logoff sound..,,ham,uci_sms_spam_collection,en
I'm also came to room.,,ham,uci_sms_spam_collection,en
Huh but i got lesson at 4 lei n i was thinkin of going to sch earlier n i tot of parkin at kent vale...  ,,ham,uci_sms_spam_collection,en
I will reach office around  &lt;DECIMAL&gt; . &amp; my mobile have problem. You cann't get my voice. So call you asa i'll free,,ham,uci_sms_spam_collection,en
"Cool, text me when you head out",,ham,uci_sms_spam_collection,en
"You are being contacted by our dating service by someone you know! To find out who it is, call from a land line 09050000878. PoBox45W2TG150P",,spam,uci_sms_spam_collection,en
"Wan2 win a Meet+Greet with Westlife 4 U or a m8? They are currently on what tour? 1)Unbreakable, 2)Untamed, 3)Unkempt. Text 1,2 or 3 to 83049. Cost 50p +std text",,spam,uci_sms_spam_collection,en
Happy birthday... May u find ur prince charming soon n dun work too hard...,,ham,uci_sms_spam_collection,en
"Oh, the grand is having a bit of a party but it doesn't mention any cover charge so it's probably first come first served",,ham,uci_sms_spam_collection,en
You said to me before i went back to bed that you can't sleep for anything.,,ham,uci_sms_spam_collection,en
I hope you arnt pissed off but id would really like to see you tomorrow. Love me xxxxxxxxxxxxxX,,ham,uci_sms_spam_collection,en
Dorothy@kiefer.com (Bank of Granite issues Strong-Buy) EXPLOSIVE PICK FOR OUR MEMBERS *****UP OVER 300% *********** Nasdaq Symbol CDGT That is a $5.00 per..,,spam,uci_sms_spam_collection,en
says the  &lt;#&gt;  year old with a man and money. I'm down to my last  &lt;#&gt; . Still waiting for that check.,,ham,uci_sms_spam_collection,en
I will come to ur home now,,ham,uci_sms_spam_collection,en
Free any day but i finish at 6 on mon n thurs...,,ham,uci_sms_spam_collection,en
Will you be here for food,,ham,uci_sms_spam_collection,en
"life alle mone,eppolum oru pole allalo",,ham,uci_sms_spam_collection,en
Nite...,,ham,uci_sms_spam_collection,en
Two fundamentals of cool life: \Walk,,ham,uci_sms_spam_collection,en
"Camera quite good, 10.1mega pixels, 3optical and 5digital dooms. Have a lovely holiday, be safe and i hope you hav a good journey! Happy new year to you both! See you in a couple of weeks! ",,ham,uci_sms_spam_collection,en
Hi Petey!noiåÕm ok just wanted 2 chat coz avent spoken 2 u 4 a long time-hope ur doin alrite.have good nit at js love ya am.x,,ham,uci_sms_spam_collection,en
I just saw ron burgundy captaining a party boat so yeah,,ham,uci_sms_spam_collection,en
I'm serious. You are in the money base,,ham,uci_sms_spam_collection,en
Already one guy loving you:-.,,ham,uci_sms_spam_collection,en
Staff of placement training in Amrita college.,,ham,uci_sms_spam_collection,en
I always chat with you. In fact i need money can you raise me?,,ham,uci_sms_spam_collection,en
I'm job profile seems like bpo..,,ham,uci_sms_spam_collection,en
"Well, I was about to give up cos they all said no they didnÛ÷t do one nighters. I persevered and found one but it is very cheap so i apologise in advance. It is just somewhere to sleep isnt it?",,ham,uci_sms_spam_collection,en
"So you think i should actually talk to him? Not call his boss in the morning? I went to this place last year and he told me where i could go and get my car fixed cheaper. He kept telling me today how much he hoped i would come back in, how he always regretted not getting my number, etc.",,ham,uci_sms_spam_collection,en
Are you willing to go for apps class.,,ham,uci_sms_spam_collection,en
Hanging out with my brother and his family,,ham,uci_sms_spam_collection,en
No it will reach by 9 only. She telling she will be there. I dont know,,ham,uci_sms_spam_collection,en
Hey... are you going to quit soon? Xuhui and i working till end of the month ,,ham,uci_sms_spam_collection,en
"Im sorry bout last nite it wasnåÕt ur fault it was me, spouse it was pmt or sumthin! U 4give me? I think u shldxxxx",,ham,uci_sms_spam_collection,en
Try neva mate!!,,ham,uci_sms_spam_collection,en
Yeah that'd pretty much be the best case scenario,,ham,uci_sms_spam_collection,en
I not free today i haf 2 pick my parents up tonite...,,ham,uci_sms_spam_collection,en
\HEY BABE! FAR 2 SPUN-OUT 2 SPK AT DA MO... DEAD 2 DA WRLD. BEEN SLEEPING ON DA SOFA ALL DAY,,ham,uci_sms_spam_collection,en
Should i send you naughty pix? :),,ham,uci_sms_spam_collection,en
"You are a å£1000 winner or Guaranteed Caller Prize, this is our Final attempt to contact you! To Claim Call 09071517866 Now! 150ppmPOBox10183BhamB64XE",,spam,uci_sms_spam_collection,en
"Xmas & New Years Eve tickets are now on sale from the club, during the day from 10am till 8pm, and on Thurs, Fri & Sat night this week. They're selling fast!",,spam,uci_sms_spam_collection,en
"Tyler (getting an 8th) has to leave not long after 9, can you get here in like an hour?",,ham,uci_sms_spam_collection,en
Prepare to be pounded every night...,,ham,uci_sms_spam_collection,en
"Actually, my mobile is full of msg. And i m doing a work online, where i need to send them  &lt;#&gt;  sent msg i wil explain u later.",,ham,uci_sms_spam_collection,en
Good evening! How are you?,,ham,uci_sms_spam_collection,en
I'm at home. Please call,,ham,uci_sms_spam_collection,en
Oic cos me n my sis got no lunch today my dad went out... So dunno whether 2 eat in sch or wat...,,ham,uci_sms_spam_collection,en
"Mmmmm ... It was sooooo good to wake to your words this morning, my Love!! Mmmm fuck ... I love you too, my Lion ... *devouring kiss from across the sea*",,ham,uci_sms_spam_collection,en
We are pleased to inform that your application for Airtel Broadband is processed successfully. Your installation will happen within 3 days.,,ham,uci_sms_spam_collection,en
What happen dear. Why you silent. I am tensed,,ham,uci_sms_spam_collection,en
"I'll get there at 3, unless you guys want me to come some time sooner",,ham,uci_sms_spam_collection,en
If you are not coughing then its nothing,,ham,uci_sms_spam_collection,en
ÌÏ come lt 25 n pass to me lar,,ham,uci_sms_spam_collection,en
I'm e person who's doing e sms survey...,,ham,uci_sms_spam_collection,en
Lol ok ill try to send. Be warned Sprint is dead slow. You'll prolly get it tomorrow,,ham,uci_sms_spam_collection,en
Thank You meet you monday,,ham,uci_sms_spam_collection,en
SO IS TH GOWER MATE WHICH IS WHERE I AM!?! HOW R U MAN? ALL IS GOOD IN WALES ILL B BACK åÔMORROW. C U THIS WK? WHO WAS THE MSG 4? åÐ RANDOM!,,ham,uci_sms_spam_collection,en
"Rock yr chik. Get 100's of filthy films &XXX pics on yr phone now. rply FILTH to 69669. Saristar Ltd, E14 9YT 08701752560. 450p per 5 days. Stop2 cancel",,spam,uci_sms_spam_collection,en
"I got like $ &lt;#&gt; , I can get some more later though. Get whatever you feel like",,ham,uci_sms_spam_collection,en
"Dad wanted to talk about the apartment so I got a late start, omw now",,ham,uci_sms_spam_collection,en
I love you both too :-),,ham,uci_sms_spam_collection,en
Lol u still feeling sick?,,ham,uci_sms_spam_collection,en
Din i tell u jus now 420,,ham,uci_sms_spam_collection,en
am up to my eyes in philosophy,,ham,uci_sms_spam_collection,en
From next month get upto 50% More Calls 4 Ur standard network charge 2 activate Call 9061100010 C Wire3.net 1st4Terms PoBox84 M26 3UZ Cost å£1.50 min MobcudB more,,spam,uci_sms_spam_collection,en
Ok lor. I'm in town now lei.,,ham,uci_sms_spam_collection,en
I had it already..sabarish asked me to go..,,ham,uci_sms_spam_collection,en
No da. . Vijay going to talk in jaya tv,,ham,uci_sms_spam_collection,en
URGENT! We are trying to contact U Todays draw shows that you have won a å£800 prize GUARANTEED. Call 09050000460 from land line. Claim J89. po box245c2150pm,,spam,uci_sms_spam_collection,en
Lol I know! Hey someone did a great inpersonation of flea on the forums. I love it!,,ham,uci_sms_spam_collection,en
Text BANNEDUK to 89555 to see! cost 150p textoperator g696ga 18+ XXX,,spam,uci_sms_spam_collection,en
Still chance there. If you search hard you will get it..let have a try :),,ham,uci_sms_spam_collection,en
"Auction round 4. The highest bid is now å£54. Next maximum bid is å£71. To bid, send BIDS e. g. 10 (to bid å£10) to 83383. Good luck.",,spam,uci_sms_spam_collection,en
Do you always celebrate NY's with your family ?,,ham,uci_sms_spam_collection,en
"We know TAJ MAHAL as symbol of love. But the other lesser known facts 1. Mumtaz was Shahjahan's 4th wife, out of his 7 wifes. 2. Shahjahan killed Mumtaz's husband to marry her. 3. Mumtaz died in her  &lt;#&gt; th delivery. 4. He then married Mumtaz's sister. Question arises where the Hell is the LOVE?:-| -The Great Hari-",,ham,uci_sms_spam_collection,en
Its ok..come to my home it vl nice to meet and v can chat..,,ham,uci_sms_spam_collection,en
Collect your VALENTINE'S weekend to PARIS inc Flight & Hotel + å£200 Prize guaranteed! Text: PARIS to No: 69101. www.rtf.sphosting.com,,spam,uci_sms_spam_collection,en
Sent me de webadres for geting salary slip,,ham,uci_sms_spam_collection,en
She's fine. Sends her greetings,,ham,uci_sms_spam_collection,en
Customer Loyalty Offer:The NEW Nokia6650 Mobile from ONLY å£10 at TXTAUCTION! Txt word: START to No: 81151 & get yours Now! 4T&Ctxt TC 150p/MTmsg,,spam,uci_sms_spam_collection,en
But you dint in touch with me.,,ham,uci_sms_spam_collection,en
"Yup, leaving right now, be back soon",,ham,uci_sms_spam_collection,en
You won't believe it but it's true. It's Incredible Txts! Reply G now to learn truly amazing things that will blow your mind. From O2FWD only 18p/txt,,spam,uci_sms_spam_collection,en
Yeah sure I'll leave in a min,,ham,uci_sms_spam_collection,en
And do you have any one that can teach me how to ship cars.,,ham,uci_sms_spam_collection,en
"The sign of maturity is not when we start saying big things.. But actually it is, when we start understanding small things... *HAVE A NICE EVENING* BSLVYL",,ham,uci_sms_spam_collection,en
Yeah confirmed for you staying at  that weekend,,ham,uci_sms_spam_collection,en
They said Ì_ dun haf passport or smth like dat.. Or Ì_ juz send to my email account..  ,,ham,uci_sms_spam_collection,en
"Multiply the numbers independently and count decimal points then, for the division, push the decimal places like i showed you.",,ham,uci_sms_spam_collection,en
"Have a lovely night and when you wake up to see this message, i hope you smile knowing all is as should be. Have a great morning",,ham,uci_sms_spam_collection,en
Ard 4 lor...,,ham,uci_sms_spam_collection,en
You are right. Meanwhile how's project twins comin up,,ham,uci_sms_spam_collection,en
I sent your maga that money yesterday oh.,,ham,uci_sms_spam_collection,en
I am hot n horny and willing I live local to you - text a reply to hear strt back from me 150p per msg Netcollex LtdHelpDesk: 02085076972 reply Stop to end,,spam,uci_sms_spam_collection,en
Our ride equally uneventful - not too many of those pesky cyclists around at that time of night ;).,,ham,uci_sms_spam_collection,en
If you were/are free i can give. Otherwise nalla adi entey nattil kittum,,ham,uci_sms_spam_collection,en
I've sent my wife your text. After we buy them she'll tell you what to do. So just relax. We should go get them this wkend.,,ham,uci_sms_spam_collection,en
I am in escape theatre now. . Going to watch KAVALAN in a few minutes,,ham,uci_sms_spam_collection,en
How much would it cost to hire a hitman,,ham,uci_sms_spam_collection,en
I anything lor...,,ham,uci_sms_spam_collection,en
Do you want a New Nokia 3510i Colour Phone Delivered Tomorrow? With 200 FREE minutes to any mobile + 100 FREE text + FREE camcorder Reply or Call 08000930705,,spam,uci_sms_spam_collection,en
Huh but i cant go 2 ur house empty handed right?,,ham,uci_sms_spam_collection,en
Good morning princess! Happy New Year!,,ham,uci_sms_spam_collection,en
Congratulations YOU'VE Won. You're a Winner in our August å£1000 Prize Draw. Call 09066660100 NOW. Prize Code 2309.,,spam,uci_sms_spam_collection,en
"Aight, we'll head out in a few",,ham,uci_sms_spam_collection,en
Then wat r u doing now? Busy wif work?,,ham,uci_sms_spam_collection,en
I know you mood off today,,ham,uci_sms_spam_collection,en
"Jay told me already, will do",,ham,uci_sms_spam_collection,en
Cps is causing the outages to conserve energy.,,ham,uci_sms_spam_collection,en
"I'm not sure, I was just checking out what was happening around the area",,ham,uci_sms_spam_collection,en
Hey morning what you come to ask:-) pa...,,ham,uci_sms_spam_collection,en
Jordan got voted out last nite!,,ham,uci_sms_spam_collection,en
"That means you got an A in epi, she.s fine. She.s here now.",,ham,uci_sms_spam_collection,en
I have no idea where you are,,ham,uci_sms_spam_collection,en
Pls come quick cant bare this.,,ham,uci_sms_spam_collection,en
"Call me. I m unable to cal. Lets meet bhaskar, and deep",,ham,uci_sms_spam_collection,en
No. I.ll meet you in the library,,ham,uci_sms_spam_collection,en
"K, my roommate also wants a dubsack and another friend may also want some so plan on bringing extra, I'll tell you when they know for sure",,ham,uci_sms_spam_collection,en
Depends on individual lor e hair dresser say pretty but my parents say look gong. U kaypoh.. I also dunno wat she collecting.,,ham,uci_sms_spam_collection,en
Ok c Ì_ then.,,ham,uci_sms_spam_collection,en
I enjoy watching and playing football and basketball. Anything outdoors. And you?,,ham,uci_sms_spam_collection,en
"Can you please ask macho what his price range is, does he want something new or used plus it he only interfued in the blackberry bold  &lt;#&gt;  or any bb",,ham,uci_sms_spam_collection,en
Sorry sent blank msg again. Yup but trying 2 do some serious studying now.,,ham,uci_sms_spam_collection,en
Hey check it da. I have listed da.,,ham,uci_sms_spam_collection,en
8007 25p 4 Alfie Moon's Children in Need song on ur mob. Tell ur m8s. Txt TONE CHARITY to 8007 for nokias or POLY CHARITY for polys :zed 08701417012 profit 2 charity ,,spam,uci_sms_spam_collection,en
I meant as an apology from me for texting you to get me drugs at  &lt;#&gt; at night,,ham,uci_sms_spam_collection,en
That means from february to april i'll be getting a place to stay down there so i don't have to hustle back and forth during audition season as i have since my sister moved away from harlem.,,ham,uci_sms_spam_collection,en
Goin to workout lor... Muz lose e fats... ,,ham,uci_sms_spam_collection,en
"Damn, poor zac doesn't stand a chance",,ham,uci_sms_spam_collection,en
I want to tel u one thing u should not mistake me k THIS IS THE MESSAGE THAT YOU SENT:),,ham,uci_sms_spam_collection,en
Yeah right! I'll bring my tape measure fri!,,ham,uci_sms_spam_collection,en
Should I head straight there or what,,ham,uci_sms_spam_collection,en
Get the official ENGLAND poly ringtone or colour flag on yer mobile for tonights game! Text TONE or FLAG to 84199. Optout txt ENG STOP Box39822 W111WX å£1.50,,spam,uci_sms_spam_collection,en
Thank you princess! You are so sexy...,,ham,uci_sms_spam_collection,en
Oooh I got plenty of those!,,ham,uci_sms_spam_collection,en
Hui xin is in da lib.,,ham,uci_sms_spam_collection,en
Its a big difference.  &lt;#&gt;  versus  &lt;#&gt;  every  &lt;#&gt; hrs,,ham,uci_sms_spam_collection,en
"It's not that you make me cry. It's just that when all our stuff happens on top of everything else, it pushes me over the edge. You don't underdtand how often i cry over my sorry, sorry life.",,ham,uci_sms_spam_collection,en
"\ME 2 BABE I FEEL THE SAME LETS JUST 4GET ABOUT IT+BOTH TRY +CHEER UP+NOT FIT SOO MUCHXXLOVE U LOCAXX\""""",,ham,uci_sms_spam_collection,en
You know what hook up means right?,,ham,uci_sms_spam_collection,en
"Customer service announcement. We recently tried to make a delivery to you but were unable to do so, please call 07090298926 to re-schedule. Ref:9307622",,spam,uci_sms_spam_collection,en
Wat's da model num of ur phone?,,ham,uci_sms_spam_collection,en
He's really into skateboarding now despite the fact that he gets thrown off of it and winds up with bandages and shit all over his arms every five minutes,,ham,uci_sms_spam_collection,en
"You can stop further club tones by replying \STOP MIX\"" See my-tone.com/enjoy. html for terms. Club tones cost GBP4.50/week. MFL",,spam,uci_sms_spam_collection,en
My house here e sky quite dark liao... If raining then got excuse not 2 run already rite... Hee...,,ham,uci_sms_spam_collection,en
"Sorry, left phone upstairs. OK, might be hectic but would be all my birds with one fell swoop. It's a date.",,ham,uci_sms_spam_collection,en
* Thought I didn't see you.,,ham,uci_sms_spam_collection,en
wamma get laid?want real doggin locations sent direct to your mobile? join the UKs largest dogging network. txt dogs to 69696 now!nyt. ec2a. 3lp å£1.50/msg.,,spam,uci_sms_spam_collection,en
Carlos says we can pick up from him later so yeah we're set,,ham,uci_sms_spam_collection,en
"Hey babe, my friend had to cancel, still up for a visit ?",,ham,uci_sms_spam_collection,en
Hmm ill have to think about it... ok you're forgiven! =D,,ham,uci_sms_spam_collection,en
"We are hoping to get away by 7, from Langport. You still up for town tonight?",,ham,uci_sms_spam_collection,en
Want to send me a virtual hug?... I need one,,ham,uci_sms_spam_collection,en
"Probably not, still going over some stuff here",,ham,uci_sms_spam_collection,en
It has issues right now. Ill fix for her by tomorrow.,,ham,uci_sms_spam_collection,en
Why i come in between you people,,ham,uci_sms_spam_collection,en
Senthil group company Apnt 5pm.,,ham,uci_sms_spam_collection,en
Oh really?? Did you make it on air? What's your talent?,,ham,uci_sms_spam_collection,en
Studying. But i.ll be free next weekend.,,ham,uci_sms_spam_collection,en
R u here yet? I'm wearing blue shirt n black pants.,,ham,uci_sms_spam_collection,en
Wait.i will come out.. &lt;#&gt;  min:),,ham,uci_sms_spam_collection,en
I will reach ur home in  &lt;#&gt;  minutes,,ham,uci_sms_spam_collection,en
Well then you have a great weekend!,,ham,uci_sms_spam_collection,en
"What are you doing in langport? Sorry, but I'll probably be in bed by 9pm. It sucks being ill at xmas! When do you and go2sri lanka? ",,ham,uci_sms_spam_collection,en
"Frnd s not juz a word.....not merely a relationship.....its a silent promise which says ... \ I will be with YOU \"" Wherevr.. Whenevr.. Forevr... Gudnyt dear..""",,ham,uci_sms_spam_collection,en
Huh? 6 also cannot? Then only how many mistakes?,,ham,uci_sms_spam_collection,en
Ha... U jus ate honey ar? So sweet...,,ham,uci_sms_spam_collection,en
I'm turning off my phone. My moms telling everyone I have cancer. And my sister won't stop calling. It hurts to talk. Can't put up with it. See u when u get home. Love u,,ham,uci_sms_spam_collection,en
"Honey ? Sweetheart ? Darling ? Sexy buns ? Sugar plum ? Loverboy ? I miss you, boytoy ... *smacks your ass* Did you go to the gym too ?",,ham,uci_sms_spam_collection,en
Thanks for loving me so. You rock,,ham,uci_sms_spam_collection,en
Yeah imma come over cause jay wants to do some drugs,,ham,uci_sms_spam_collection,en
Ok thanx... Take care then...,,ham,uci_sms_spam_collection,en
Yup. Thk of u oso boring wat.,,ham,uci_sms_spam_collection,en
" came to look at the flat, seems ok, in his 50s? * Is away alot wiv work. Got woman coming at 6.30 too.",,ham,uci_sms_spam_collection,en
Moji just informed me that you saved our lives. Thanks.,,ham,uci_sms_spam_collection,en
Whos this am in class:-),,ham,uci_sms_spam_collection,en
Hey r Ì_ still online? I've finished the formatting...,,ham,uci_sms_spam_collection,en
Great! So what attracts you to the brothas?,,ham,uci_sms_spam_collection,en
Promotion Number: 8714714 - UR awarded a City Break and could WIN a å£200 Summer Shopping spree every WK. Txt STORE to 88039 . SkilGme. TsCs087147403231Winawk!Age16 å£1.50perWKsub,,spam,uci_sms_spam_collection,en
LOL what happens in Vegas stays in vegas,,ham,uci_sms_spam_collection,en
"Hello, hello, hi lou sorry it took so long 2 reply- I left mobile at friends in Lancaster, just got it bak Neway im sorry I couldnåÕt make ur båÕday 2 hun!",,ham,uci_sms_spam_collection,en
When did i use soc... I use it only at home... ÌÏ dunno how 2 type it in word ar...,,ham,uci_sms_spam_collection,en
Dad says hurry the hell up,,ham,uci_sms_spam_collection,en
Wake me up at  &lt;#&gt;  am morning:),,ham,uci_sms_spam_collection,en
"I get out of class in bsn in like  &lt;#&gt;  minutes, you know where advising is?",,ham,uci_sms_spam_collection,en
Great! I shoot big loads so get ready!,,ham,uci_sms_spam_collection,en
I'll meet you in the lobby,,ham,uci_sms_spam_collection,en
You still coming tonight?,,ham,uci_sms_spam_collection,en
What happen dear tell me,,ham,uci_sms_spam_collection,en
"Sir, i am waiting for your call, once free please call me.",,ham,uci_sms_spam_collection,en
I was about to do it when i texted. I finished a long time ago and showered and er'ything!,,ham,uci_sms_spam_collection,en
Ok im not sure what time i finish tomorrow but i wanna spend the evening with you cos that would be vewy vewy lubly! Love me xxx,,ham,uci_sms_spam_collection,en
"Hello, As per request from  &lt;#&gt;  Rs.5 has been transfered to you",,ham,uci_sms_spam_collection,en
I am in tirupur.  call you da.,,ham,uci_sms_spam_collection,en
You are a winner you have been specially selected to receive å£1000 cash or a å£2000 award. Speak to a live operator to claim call 087147123779am-7pm. Cost 10p,,spam,uci_sms_spam_collection,en
S:)but he had some luck.2 catches put down:),,ham,uci_sms_spam_collection,en
How i noe... Did Ì_ specify da domain as nusstu... ÌÏ still in sch...,,ham,uci_sms_spam_collection,en
Oh...i asked for fun. Haha...take care. Ì_,,ham,uci_sms_spam_collection,en
Shall i get my pouch?,,ham,uci_sms_spam_collection,en
Hey loverboy! I love you !! I had to tell ... I look at your picture and ache to feel you between my legs ... Fuck I want you ... I need you ... I crave you .,,ham,uci_sms_spam_collection,en
"How is my boy? No sweet words left for me this morning ... *sighs* ... How goes you day, my love ? Did you start your studying?",,ham,uci_sms_spam_collection,en
Kent vale lor... ÌÏ wait 4 me there ar?,,ham,uci_sms_spam_collection,en
Ok. Very good. Its all about making that money.,,ham,uci_sms_spam_collection,en
Reading gud habit.. Nan bari hudgi yorge pataistha ertini kano:-),,ham,uci_sms_spam_collection,en
Aight do you still want to get money,,ham,uci_sms_spam_collection,en
ARE YOU IN TOWN? THIS IS V. IMPORTANT,,ham,uci_sms_spam_collection,en
"Sorry pa, i dont knw who ru pa?",,ham,uci_sms_spam_collection,en
Wat u doing there?,,ham,uci_sms_spam_collection,en
If i not meeting Ì_ all rite then i'll go home lor. If Ì_ dun feel like comin it's ok.,,ham,uci_sms_spam_collection,en
"Oh, i will get paid. The most outstanding one is for a commercial i did for Hasbro...in AUGUST! They made us jump through so many hoops to get paid. Still not.",,ham,uci_sms_spam_collection,en
"I am late,so call you tomorrow morning.take care sweet dreams....u and me...ummifying...bye.",,ham,uci_sms_spam_collection,en
Networking technical support associate.,,ham,uci_sms_spam_collection,en
I'm gonna rip out my uterus.,,ham,uci_sms_spam_collection,en
Cool. Do you like swimming? I have a pool and jacuzzi at my house.,,ham,uci_sms_spam_collection,en
"Thanks for your ringtone order, reference number X49. Your mobile will be charged 4.50. Should your tone not arrive please call customer services 09065989182. From: [colour=red]text[/colour]TXTstar",,spam,uci_sms_spam_collection,en
"Yeah why not, is the gang all ready",,ham,uci_sms_spam_collection,en
Blank is Blank. But wat is blank? Lol,,ham,uci_sms_spam_collection,en
I'm in a movie... Collect car oredi...,,ham,uci_sms_spam_collection,en
We left already we at orchard now.,,ham,uci_sms_spam_collection,en
"Hi there, 2nights ur lucky night! Uve been invited 2 XCHAT, the Uks wildest chat! Txt CHAT to 86688 now! 150p/MsgrcvdHG/Suite342/2Lands/Row/W1J6HL LDN 18yrs",,spam,uci_sms_spam_collection,en
Nothing spl..wat abt u and whr ru?,,ham,uci_sms_spam_collection,en
No chikku nt yet.. Ya i'm free,,ham,uci_sms_spam_collection,en
"Aldrine, rakhesh ex RTM here.pls call.urgent.",,ham,uci_sms_spam_collection,en
The search 4 happiness is 1 of d main sources of unhappiness! Accept life the way it comes! U will find happiness in every moment u live.,,ham,uci_sms_spam_collection,en
"I guess you could be as good an excuse as any, lol.",,ham,uci_sms_spam_collection,en
"Isn't frnd a necesity in life? imagine urself witout a frnd.. hw'd u feel at ur colleg? wat'll u do wth ur cell? wat abt functions? thnk abt events espe'll cared, missed &amp; irritated u? 4wrd it to all those dear-loving frnds wthout whom u cant live.. I jst did it.. Takecare..:) GOODMORNING",,ham,uci_sms_spam_collection,en
Old Orchard near univ. How about you?,,ham,uci_sms_spam_collection,en
"4 tacos + 1 rajas burrito, right?",,ham,uci_sms_spam_collection,en
"ItÛ÷s å£6 to get in, is that ok?",,ham,uci_sms_spam_collection,en
Hows the street where the end of library walk is?,,ham,uci_sms_spam_collection,en
"Plz note: if anyone calling from a mobile Co. &amp; asks u to type # &lt;#&gt;  or # &lt;#&gt; . Do not do so. Disconnect the call,coz it iz an attempt of 'terrorist' to make use of the sim card no. Itz confirmd by nokia n motorola n has been verified by CNN IBN.",,ham,uci_sms_spam_collection,en
We stopped to get ice cream and will go back after,,ham,uci_sms_spam_collection,en
Did you stitch his trouser,,ham,uci_sms_spam_collection,en
2/2 146tf150p,,spam,uci_sms_spam_collection,en
Hey i'm bored... So i'm thinking of u... So wat r u doing?,,ham,uci_sms_spam_collection,en
"Nah, Wednesday. When should I bring the mini cheetos bag over?",,ham,uci_sms_spam_collection,en
Nobody names their penis a girls name this story doesn't add up at all,,ham,uci_sms_spam_collection,en
"Aight, let me know when you're gonna be around usf",,ham,uci_sms_spam_collection,en
I'm not. She lip synced with shangela.,,ham,uci_sms_spam_collection,en
ÌÏ neva tell me how i noe... I'm not at home in da aft wat... ,,ham,uci_sms_spam_collection,en
"A bit of Ur smile is my hppnss, a drop of Ur tear is my sorrow, a part of Ur heart is my life, a heart like mine wil care for U, forevr as my GOODFRIEND",,ham,uci_sms_spam_collection,en
Dear Voucher Holder 2 claim your 1st class airport lounge passes when using Your holiday voucher call 08704439680. When booking quote 1st class x 2,,spam,uci_sms_spam_collection,en
"Buzz! Hey, my Love ! I think of you and hope your day goes well. Did you sleep in ? I miss you babe. I long for the moment we are together again*loving smile*",,ham,uci_sms_spam_collection,en
"Haha... Sounds crazy, dunno can tahan anot...",,ham,uci_sms_spam_collection,en
Why are u up so early?,,ham,uci_sms_spam_collection,en
Ya that one is slow as poo,,ham,uci_sms_spam_collection,en
"\Im on gloucesterroad what are uup to later?\""""",,ham,uci_sms_spam_collection,en
Lol no ouch but wish i'd stayed out a bit longer,,ham,uci_sms_spam_collection,en
"GOD ASKED, \What is forgiveness?\"" A little child gave lovely reply",,ham,uci_sms_spam_collection,en
We'll join the  &lt;#&gt;  bus,,ham,uci_sms_spam_collection,en
Was just about to ask. Will keep this one. Maybe that's why you didn't get all the messages we sent you on glo,,ham,uci_sms_spam_collection,en
K.i will send in  &lt;#&gt;  min:),,ham,uci_sms_spam_collection,en
Would me smoking you out help us work through this difficult time,,ham,uci_sms_spam_collection,en
"Someone U know has asked our dating service 2 contact you! Cant guess who? CALL 09058095107 NOW all will be revealed. POBox 7, S3XY 150p ",,spam,uci_sms_spam_collection,en
Yes.mum lookin strong:),,ham,uci_sms_spam_collection,en
"Sir Goodmorning, Once free call me.",,ham,uci_sms_spam_collection,en
Where are you call me.,,ham,uci_sms_spam_collection,en
Love it! The girls at the office may wonder why you are smiling but sore...,,ham,uci_sms_spam_collection,en
"Hi, wlcome back, did wonder if you got eaten by a lion or something, nothing much",,ham,uci_sms_spam_collection,en
Does uncle timi help in clearing cars,,ham,uci_sms_spam_collection,en
I came hostel. I m going to sleep. Plz call me up before class. Hrishi.,,ham,uci_sms_spam_collection,en
Ok... But bag again..,,ham,uci_sms_spam_collection,en
Ok lor. Msg me b4 u call.,,ham,uci_sms_spam_collection,en
"Mila, age23, blonde, new in UK. I look sex with UK guys. if u like fun with me. Text MTALK to 69866.18 . 30pp/txt 1st 5free. å£1.50 increments. Help08718728876",,spam,uci_sms_spam_collection,en
"Once a fishrman woke early in d mrng. It was very dark. He waited a while &amp; found a sack ful of stones. He strtd throwin thm in2 d sea 2 pass time. Atlast he had jus 1stone, sun rose up &amp; he found out tht those r nt stones, those were diamonds. Moral:\Dont wake up early in d mrng'' GOOD night""",,ham,uci_sms_spam_collection,en
"Claim a 200 shopping spree, just call 08717895698 now! Have you won! MobStoreQuiz10ppm",,spam,uci_sms_spam_collection,en
Then ur physics get a-?,,ham,uci_sms_spam_collection,en
"Dear friends, sorry for the late information. Today is the birthday of our loving Ar.Praveesh. for more details log on to face book and see. Its his number + &lt;#&gt; . Dont miss a delicious treat.",,ham,uci_sms_spam_collection,en
How r Ì_ going to send it to me?,,ham,uci_sms_spam_collection,en
Can you do online transaction?,,ham,uci_sms_spam_collection,en
Dear got train and seat mine lower seat,,ham,uci_sms_spam_collection,en
Let me know if you need anything else. Salad or desert or something... How many beers shall i get?,,ham,uci_sms_spam_collection,en
WHORE YOU ARE UNBELIEVABLE.,,ham,uci_sms_spam_collection,en
"Want to funk up ur fone with a weekly new tone reply TONES2U 2 this text. www.ringtones.co.uk, the original n best. Tones 3GBP network operator rates apply",,spam,uci_sms_spam_collection,en
Are you sure you don't mean \get here,,ham,uci_sms_spam_collection,en
"I love you !!! You know? Can you feel it? Does it make your belly warm? I wish it does, my love ... I shall meet you in your dreams, Ahmad ... *adoring kiss*",,ham,uci_sms_spam_collection,en
"Twinks, bears, scallies, skins and jocks are calling now. Don't miss the weekend's fun. Call 08712466669 at 10p/min. 2 stop texts call 08712460324(nat rate)",,spam,uci_sms_spam_collection,en
Love it! I want to flood that pretty pussy with cum...,,ham,uci_sms_spam_collection,en
Hey are you angry with me. Reply me dr.,,ham,uci_sms_spam_collection,en
Short But Cute: \Be a good person,,ham,uci_sms_spam_collection,en
Also remember the beads don't come off. Ever.,,ham,uci_sms_spam_collection,en
They have a thread on the wishlist section of the forums where ppl post nitro requests. Start from the last page and collect from the bottom up.,,ham,uci_sms_spam_collection,en
For The First Time In The History 'Need' 'Comfort' And 'Luxury' Are Sold At Same Price In India..!! Onion-Rs. &lt;#&gt;  Petrol-Rs. &lt;#&gt;  Beer-Rs. &lt;#&gt;  SHESIL  &lt;#&gt;,,ham,uci_sms_spam_collection,en
"Actually nvm, got hella cash, we still on for  &lt;#&gt; ish?",,ham,uci_sms_spam_collection,en
We tried to contact you re your reply to our offer of a Video Handset? 750 anytime any networks mins? UNLIMITED TEXT? Camcorder? Reply or call 08000930705 NOW,,spam,uci_sms_spam_collection,en
"It's ok, at least armand's still around",,ham,uci_sms_spam_collection,en
No da. I am happy that we sit together na,,ham,uci_sms_spam_collection,en
Yup song bro. No creative. Neva test quality. He said check review online.,,ham,uci_sms_spam_collection,en
"No dude, its not fake..my frnds got money, thts y i'm reffering u..if u member wit my mail link, u vl be credited  &lt;#&gt; rs and il be getiing  &lt;#&gt; rs..i can draw my acc wen it is  &lt;#&gt; rs..",,ham,uci_sms_spam_collection,en
Dude while were makin those weirdy brownies my sister made awesome cookies. I took pics.,,ham,uci_sms_spam_collection,en
URGENT! We are trying to contact you. Last weekends draw shows that you have won a å£900 prize GUARANTEED. Call 09061701851. Claim code K61. Valid 12hours only,,spam,uci_sms_spam_collection,en
Pls dont restrict her from eating anythin she likes for the next two days.,,ham,uci_sms_spam_collection,en
Mm you ask him to come its enough :-),,ham,uci_sms_spam_collection,en
At the funeral home with Audrey and dad,,ham,uci_sms_spam_collection,en
"Aight, can you text me the address?",,ham,uci_sms_spam_collection,en
Excellent! Wish we were together right now!,,ham,uci_sms_spam_collection,en
Yep then is fine 7.30 or 8.30 for ice age.,,ham,uci_sms_spam_collection,en
Pls i wont belive god.not only jesus.,,ham,uci_sms_spam_collection,en
Can. Dunno wat to get 4 her...,,ham,uci_sms_spam_collection,en
"Not yet chikku..k, then wat abt tht guy did he stopped irritating or msging to u..",,ham,uci_sms_spam_collection,en
How long does it take to get it.,,ham,uci_sms_spam_collection,en
This is my number by vivek..,,ham,uci_sms_spam_collection,en
74355 XMAS iscoming & ur awarded either å£500 CD gift vouchers & free entry 2 r å£100 weekly draw txt MUSIC to 87066 TnC,,spam,uci_sms_spam_collection,en
"sorry brah, just finished the last of my exams, what up",,ham,uci_sms_spam_collection,en
"I got arrested for possession at, I shit you not,  &lt;TIME&gt;  pm",,ham,uci_sms_spam_collection,en
You are right though. I can't give you the space you want and need. This is really starting to become an issue. I was going to suggest setting a definite move out--if i'm still there-- after greece. But maybe you are ready and should do it now.,,ham,uci_sms_spam_collection,en
Just normal only here :),,ham,uci_sms_spam_collection,en
"Please protect yourself from e-threats. SIB never asks for sensitive information like Passwords,ATM/SMS PIN thru email. Never share your password with anybody.",,ham,uci_sms_spam_collection,en
I miss you so much I'm so desparate I have recorded the message you left for me the other day and listen to it just to hear the sound of your voice. I love you,,ham,uci_sms_spam_collection,en
Hi. I'm always online on yahoo and would like to chat with you someday,,ham,uci_sms_spam_collection,en
"Goodmorning,my grandfather expired..so am on leave today.",,ham,uci_sms_spam_collection,en
Congratulations U can claim 2 VIP row A Tickets 2 C Blu in concert in November or Blu gift guaranteed Call 09061104276 to claim TS&Cs www.smsco.net costå£3.75max ,,spam,uci_sms_spam_collection,en
Where are you ? What are you doing ? Are yuou working on getting the pc to your mom's ? Did you find a spot that it would work ? I need you,,ham,uci_sms_spam_collection,en
"Sure, I'll see if I can come by in a bit",,ham,uci_sms_spam_collection,en
I agree. So i can stop thinkin about ipad. Can you please ask macho the same question.,,ham,uci_sms_spam_collection,en
Let's pool our money together and buy a bunch of lotto tickets. If we win I get &lt;#&gt; % u get &lt;#&gt; %. Deal?,,ham,uci_sms_spam_collection,en
Watching tv lor. Nice one then i like lor.,,ham,uci_sms_spam_collection,en
I'm thinking that chennai forgot to come for auction..,,ham,uci_sms_spam_collection,en
Then Ì_ come n pick me at 530 ar?,,ham,uci_sms_spam_collection,en
Early bird! Any purchases yet?,,ham,uci_sms_spam_collection,en
Went to pay rent. So i had to go to the bank to authorise the payment.,,ham,uci_sms_spam_collection,en
"Erm Û_ ill pick you up at about 6.45pm. That'll give enough time to get there, park and that.",,ham,uci_sms_spam_collection,en
HEY MATE! HOWS U HONEY?DID U AVE GOOD HOLIDAY? GIMMI DE GOSS!x,,ham,uci_sms_spam_collection,en
Howz pain.it will come down today.do as i said ystrday.ice and medicine.,,ham,uci_sms_spam_collection,en
"chile, please! It's only a  &lt;DECIMAL&gt;  hour drive for me. I come down all the time and will be subletting feb-april for audition season.",,ham,uci_sms_spam_collection,en
Yes ammae....life takes lot of turns you can only sit and try to hold the steering...,,ham,uci_sms_spam_collection,en
"Yeah that's what I thought, lemme know if anything's goin on later",,ham,uci_sms_spam_collection,en
Mmmm.... I cant wait to lick it!,,ham,uci_sms_spam_collection,en
Pls go there today  &lt;#&gt; . I dont want any excuses,,ham,uci_sms_spam_collection,en
Can you plz tell me the ans. BSLVYL sent via fullonsms.com,,ham,uci_sms_spam_collection,en
U in town alone?,,ham,uci_sms_spam_collection,en
I to am looking forward to all the sex cuddling.. Only two more sleeps ,,ham,uci_sms_spam_collection,en
We have all rounder:)so not required:),,ham,uci_sms_spam_collection,en
"No, its true..k,Do u knw dis no. &lt;#&gt; ?",,ham,uci_sms_spam_collection,en
"Dont worry, 1 day very big lambu ji vl come..til then enjoy batchlor party:-)",,ham,uci_sms_spam_collection,en
oh ya... Got hip hop open. Haha i was thinking can go for jazz then zoom to cine... Actually tonight i'm free leh... And there's a kb lesson tonight,,ham,uci_sms_spam_collection,en
Free msg: Single? Find a partner in your area! 1000s of real people are waiting to chat now!Send CHAT to 62220Cncl send STOPCS 08717890890å£1.50 per msg,,spam,uci_sms_spam_collection,en
I'm ok. Will do my part tomorrow,,ham,uci_sms_spam_collection,en
"No! But we found a diff farm shop to buy some cheese. On way back now, can i call in?",,ham,uci_sms_spam_collection,en
R u still working now?,,ham,uci_sms_spam_collection,en
"Win the newest åÒHarry Potter and the Order of the Phoenix (Book 5) reply HARRY, answer 5 questions - chance to be the first among readers!",,spam,uci_sms_spam_collection,en
Yep. I do like the pink furniture tho.,,ham,uci_sms_spam_collection,en
Free Msg: Ringtone!From: http://tms. widelive.com/index. wml?id=1b6a5ecef91ff9*37819&first=true18:0430-JUL-05,,spam,uci_sms_spam_collection,en
"Customer place, i wil cal u sir.",,ham,uci_sms_spam_collection,en
"Oh my god! I've found your number again! I'm so glad, text me back xafter this msgs cst std ntwk chg å£1.50",,spam,uci_sms_spam_collection,en
A pure hearted person can have a wonderful smile that makes even his/her enemies to feel guilty for being an enemy.. So catch the world with your smile..:) GOODMORNING &amp; HAVE A SMILEY SUNDAY..:),,ham,uci_sms_spam_collection,en
"THATåÕS ALRITE GIRL, U KNOW GAIL IS NEVA WRONG!!TAKE CARE SWEET AND DONåÕT WORRY.C U L8TR HUN!LOVE Yaxxx",,ham,uci_sms_spam_collection,en
"Theoretically yeah, he could be able to come",,ham,uci_sms_spam_collection,en
"Alright we're hooked up, where you guys at",,ham,uci_sms_spam_collection,en
"not that I know of, most people up here are still out of town",,ham,uci_sms_spam_collection,en
No let me do the math. Your not good at it.,,ham,uci_sms_spam_collection,en
Oh ok wait 4 me there... My lect havent finish,,ham,uci_sms_spam_collection,en
Yeah my usual guy's out of town but there're definitely people around I know,,ham,uci_sms_spam_collection,en
I am joining today formally.Pls keep praying.will talk later.,,ham,uci_sms_spam_collection,en
"Happy or sad , one thing about past is- \Its no more\"" GOOD MORNING :-):-).""",,ham,uci_sms_spam_collection,en
No. Did you multimedia message them or e-mail?,,ham,uci_sms_spam_collection,en
Okie but i scared u say i fat... Then u dun wan me already...,,ham,uci_sms_spam_collection,en
did u get that message,,ham,uci_sms_spam_collection,en
"Sorry sir, i will call you tomorrow.  senthil.hsbc",,ham,uci_sms_spam_collection,en
What you need. You have a person to give na.,,ham,uci_sms_spam_collection,en
She left it very vague. She just said she would inform the person in accounting about the delayed rent and that i should discuss with the housing agency about my renting another place. But checking online now and all places around usc are  &lt;#&gt;  and up,,ham,uci_sms_spam_collection,en
Hi juan. Im coming home on fri hey. Of course i expect a welcome party and lots of presents. Ill phone u when i get back. Loads of love nicky x x x x x x x x x,,ham,uci_sms_spam_collection,en
"Gumby's has a special where a  &lt;#&gt; \ cheese pizza is $2 so I know what we're doin tonight""",,ham,uci_sms_spam_collection,en
A link to your picture has been sent. You can also use http://alto18.co.uk/wave/wave.asp?o=44345,,spam,uci_sms_spam_collection,en
Like a personal sized or what,,ham,uci_sms_spam_collection,en
"Same, I'm at my great aunts anniversary party in tarpon springs",,ham,uci_sms_spam_collection,en
Cab is available.they pick up and drop at door steps.,,ham,uci_sms_spam_collection,en
ok....take care.umma to you too...,,ham,uci_sms_spam_collection,en
Unlimited texts. Limited minutes.,,ham,uci_sms_spam_collection,en
"Double Mins & 1000 txts on Orange tariffs. Latest Motorola, SonyEricsson & Nokia with Bluetooth FREE! Call MobileUpd8 on 08000839402 or call2optout/HF8",,spam,uci_sms_spam_collection,en
No problem. We will be spending a lot of quality time together...,,ham,uci_sms_spam_collection,en
URGENT This is our 2nd attempt to contact U. Your å£900 prize from YESTERDAY is still awaiting collection. To claim CALL NOW 09061702893. ACL03530150PM,,spam,uci_sms_spam_collection,en
Have you heard from this week?,,ham,uci_sms_spam_collection,en
Dear Dave this is your final notice to collect your 4* Tenerife Holiday or #5000 CASH award! Call 09061743806 from landline. TCs SAE Box326 CW25WX 150ppm,,spam,uci_sms_spam_collection,en
Yes. Last  practice,,ham,uci_sms_spam_collection,en
tells u 2 call 09066358152 to claim å£5000 prize. U have 2 enter all ur mobile & personal details @ the prompts. Careful!,,spam,uci_sms_spam_collection,en
No. Thank you. You've been wonderful,,ham,uci_sms_spam_collection,en
ÌÏ mean it's confirmed... I tot they juz say oni... Ok then... ,,ham,uci_sms_spam_collection,en
That depends. How would you like to be treated? :),,ham,uci_sms_spam_collection,en
"Right on brah, see you later",,ham,uci_sms_spam_collection,en
Waiting in e car 4 my mum lor. U leh? Reach home already?,,ham,uci_sms_spam_collection,en
Your 2004 account for 07XXXXXXXXX shows 786 unredeemed points. To claim call 08719181259 Identifier code: XXXXX Expires 26.03.05,,spam,uci_sms_spam_collection,en
Do you want a new video handset? 750 anytime any network mins? Half Price Line Rental? Camcorder? Reply or call 08000930705 for delivery tomorrow,,spam,uci_sms_spam_collection,en
Went fast asleep dear.take care.,,ham,uci_sms_spam_collection,en
No that just means you have a fat head,,ham,uci_sms_spam_collection,en
Sounds like a plan! Cardiff is still here and still cold! I'm sitting on the radiator!,,ham,uci_sms_spam_collection,en
Serious? What like proper tongued her,,ham,uci_sms_spam_collection,en
She.s good. She was wondering if you wont say hi but she.s smiling now. So how are you coping with the long distance,,ham,uci_sms_spam_collection,en
How i noe... She's in da car now... Later then c lar... I'm wearing shorts...,,ham,uci_sms_spam_collection,en
Yeah whatever lol,,ham,uci_sms_spam_collection,en
Ard 530 lor. I ok then message Ì_ lor.,,ham,uci_sms_spam_collection,en
Ok. C u then.,,ham,uci_sms_spam_collection,en
Eh ur laptop got no stock lei... He say mon muz come again to take a look c got a not...,,ham,uci_sms_spam_collection,en
No need to ke qi... ÌÏ too bored izzit y suddenly thk of this...,,ham,uci_sms_spam_collection,en
I wish! I don't think its gonna snow that much. But it will be more than those flurries we usually get that melt before they hit the ground. Eek! We haven't had snow since &lt;#&gt; before I was even born!,,ham,uci_sms_spam_collection,en
FREE>Ringtone! Reply REAL or POLY eg REAL1 1. PushButton 2. DontCha 3. BabyGoodbye 4. GoldDigger 5. WeBeBurnin 1st tone FREE and 6 more when u join for å£3/wk,,spam,uci_sms_spam_collection,en
"Oh really? perform, write a paper, go to a movie AND be home by midnight, huh?",,ham,uci_sms_spam_collection,en
Okay lor... Will they still let us go a not ah? Coz they will not know until later. We drop our cards into the box right?,,ham,uci_sms_spam_collection,en
How? Izzit still raining?,,ham,uci_sms_spam_collection,en
As if i wasn't having enough trouble sleeping.,,ham,uci_sms_spam_collection,en
I havent add Ì_ yet right.. ,,ham,uci_sms_spam_collection,en
Lol ... I really need to remember to eat when I'm drinking but I do appreciate you keeping me company that night babe *smiles*,,ham,uci_sms_spam_collection,en
Babe ? I lost you ... Will you try rebooting ?,,ham,uci_sms_spam_collection,en
Yes. Nigh you cant aha.,,ham,uci_sms_spam_collection,en
I thk Ì_ gotta go home by urself. Cos i'll b going out shopping 4 my frens present. ,,ham,uci_sms_spam_collection,en
Nooooooo I'm gonna be bored to death all day. Cable and internet outage.,,ham,uci_sms_spam_collection,en
Sos! Any amount i can get pls.,,ham,uci_sms_spam_collection,en
"Playin space poker, u?",,ham,uci_sms_spam_collection,en
How come guoyang go n tell her? Then u told her?,,ham,uci_sms_spam_collection,en
You need to get up. Now.,,ham,uci_sms_spam_collection,en
They r giving a second chance to rahul dengra.,,ham,uci_sms_spam_collection,en
"Yeah, in fact he just asked if we needed anything like an hour ago. When and how much?",,ham,uci_sms_spam_collection,en
WHEN THE FIRST STRIKE IS A RED ONE. THE BIRD + ANTELOPE BEGIN TOPLAY IN THE FIELDOF SELFINDEPENDENCE BELIEVE THIS + THE FLOWER OF CONTENTION WILL GROW.RANDOM!,,ham,uci_sms_spam_collection,en
Y Ì_ wan to go there? C doctor?,,ham,uci_sms_spam_collection,en
Does daddy have a bb now.,,ham,uci_sms_spam_collection,en
"Free Msg: get Gnarls Barkleys \Crazy\"" ringtone TOTALLY FREE just reply GO to this message right now!""",,spam,uci_sms_spam_collection,en
She's borderline but yeah whatever.,,ham,uci_sms_spam_collection,en
"Until 545 lor... Ya, can go 4 dinner together...",,ham,uci_sms_spam_collection,en
I will be gentle princess! We will make sweet gentle love...,,ham,uci_sms_spam_collection,en
How u doin baby girl ?? hope u are okay every time I call ure phone is off! I miss u get in touch,,ham,uci_sms_spam_collection,en
"Sorry, went to bed early, nightnight",,ham,uci_sms_spam_collection,en
I like to think there's always the possibility of being in a pub later.,,ham,uci_sms_spam_collection,en
HMM yeah if your not too grooved out! And im looking forward to my pound special :),,ham,uci_sms_spam_collection,en
I got to video tape pple type in message lor. U so free wan 2 help me? Hee... Cos i noe u wan 2 watch infernal affairs so ask u along. Asking shuhui oso.,,ham,uci_sms_spam_collection,en
Hi dude hw r u da realy mising u today,,ham,uci_sms_spam_collection,en
Me hungry buy some food good lei... But mum n yun dun wan juz buy a little bit... ,,ham,uci_sms_spam_collection,en
Refused a loan? Secured or Unsecured? Can't get credit? Call free now 0800 195 6669 or text back 'help' & we will!,,spam,uci_sms_spam_collection,en
I probably won't eat at all today. I think I'm gonna pop. How was your weekend? Did u miss me?,,ham,uci_sms_spam_collection,en
I knew it... U slept v late yest? Wake up so late...,,ham,uci_sms_spam_collection,en
Haha... dont be angry with yourself... Take it as a practice for the real thing. =) ,,ham,uci_sms_spam_collection,en
Where is that one day training:-),,ham,uci_sms_spam_collection,en
So i could kiss and feel you next to me...,,ham,uci_sms_spam_collection,en
Have a nice day my dear.,,ham,uci_sms_spam_collection,en
I sent lanre fakeye's Eckankar details to the mail box,,ham,uci_sms_spam_collection,en
Your dad is back in ph?,,ham,uci_sms_spam_collection,en
"You have been specially selected to receive a \3000 award! Call 08712402050 BEFORE the lines close. Cost 10ppm. 16+. T&Cs apply. AG Promo""",,spam,uci_sms_spam_collection,en
If you ask her or she say any please message.,,ham,uci_sms_spam_collection,en
"If e timing can, then i go w u lor...",,ham,uci_sms_spam_collection,en
I was just callin to say hi. Take care bruv!,,ham,uci_sms_spam_collection,en
YOU HAVE WON! As a valued Vodafone customer our computer has picked YOU to win a å£150 prize. To collect is easy. Just call 09061743386,,spam,uci_sms_spam_collection,en
Did u turn on the heater? The heater was on and set to &lt;#&gt; degrees.,,ham,uci_sms_spam_collection,en
Thanks for your message. I really appreciate your sacrifice. I'm not sure of the process of direct pay but will find out on my way back from the test tomorrow. I'm in class now. Do have a wonderful day.,,ham,uci_sms_spam_collection,en
"That's the trouble with classes that go well - you're due a dodgey one Û_ Expecting mine tomo! See you for recovery, same time, same place ",,ham,uci_sms_spam_collection,en
Free video camera phones with Half Price line rental for 12 mths and 500 cross ntwk mins 100 txts. Call MobileUpd8 08001950382 or Call2OptOut/674&,,spam,uci_sms_spam_collection,en
WOT U UP 2 J?,,ham,uci_sms_spam_collection,en
"Night night, see you tomorrow",,ham,uci_sms_spam_collection,en
Roger that. WeÛ÷re probably going to rem in about 20,,ham,uci_sms_spam_collection,en
do u think that any girl will propose u today by seing ur bloody funky shit fucking face...............asssssholeeee................,,ham,uci_sms_spam_collection,en
I wish u were here. I feel so alone,,ham,uci_sms_spam_collection,en
Reason is if the team budget is available at last they buy the unsold players for at base rate..,,ham,uci_sms_spam_collection,en
CERI U REBEL! SWEET DREAMZ ME LITTLE BUDDY!! C YA 2MORO! WHO NEEDS BLOKES,,ham,uci_sms_spam_collection,en
ringtoneking 84484,,spam,uci_sms_spam_collection,en
Huh i cant thk of more oredi how many pages do we have?,,ham,uci_sms_spam_collection,en
His frens go then he in lor. Not alone wif my mum n sis lor.,,ham,uci_sms_spam_collection,en
Nationwide auto centre (or something like that) on Newport road. I liked them there,,ham,uci_sms_spam_collection,en
"Hey, I missed you tm of last night as my phone was on the charge ... *smiles* ... I am meeting a friend shortly",,ham,uci_sms_spam_collection,en
"Whatever, juliana. Do whatever you want.",,ham,uci_sms_spam_collection,en
Ringtone Club: Gr8 new polys direct to your mobile every week !,,spam,uci_sms_spam_collection,en
"Hello. Sort of out in town already. That . So dont rush home, I am eating nachos. Will let you know eta.",,ham,uci_sms_spam_collection,en
Ok lor. Anyway i thk we cant get tickets now cos like quite late already. U wan 2 go look 4 ur frens a not? Darren is wif them now...,,ham,uci_sms_spam_collection,en
(Bank of Granite issues Strong-Buy) EXPLOSIVE PICK FOR OUR MEMBERS *****UP OVER 300% *********** Nasdaq Symbol CDGT That is a $5.00 per..,,spam,uci_sms_spam_collection,en
"Dizzamn, aight I'll ask my suitemates when I get back",,ham,uci_sms_spam_collection,en
"Nimbomsons. Yep phone knows that one. Obviously, cos thats a real word",,ham,uci_sms_spam_collection,en
I love to cuddle! I want to hold you in my strong arms right now...,,ham,uci_sms_spam_collection,en
R u in this continent?,,ham,uci_sms_spam_collection,en
We'll you pay over like  &lt;#&gt; yrs so its not too difficult,,ham,uci_sms_spam_collection,en
Bored housewives! Chat n date now! 0871750.77.11! BT-national rate 10p/min only from landlines!,,spam,uci_sms_spam_collection,en
We tried to call you re your reply to our sms for a video mobile 750 mins UNLIMITED TEXT free camcorder Reply or call now 08000930705 Del Thurs,,spam,uci_sms_spam_collection,en
K...k...when will you give treat?,,ham,uci_sms_spam_collection,en
"This is the 2nd time we have tried to contact u. U have won the å£400 prize. 2 claim is easy, just call 087104711148 NOW! Only 10p per minute. BT-national-rate",,spam,uci_sms_spam_collection,en
He's just gonna worry for nothing. And he won't give you money its no use.,,ham,uci_sms_spam_collection,en
Did you get any gift? This year i didnt get anything. So bad,,ham,uci_sms_spam_collection,en
Well there's a pattern emerging of my friends telling me to drive up and come smoke with them and then telling me that I'm a weed fiend/make them smoke too much/impede their doing other things so you see how I'm hesitant,,ham,uci_sms_spam_collection,en
", ow u dey.i paid 60,400thousad.i told  u would call . ",,ham,uci_sms_spam_collection,en
IM FINE BABES AINT BEEN UP 2 MUCH THO! SAW SCARY MOVIE YEST ITS QUITE FUNNY! WANT 2MRW AFTERNOON? AT TOWN OR MALL OR SUMTHIN?xx,,ham,uci_sms_spam_collection,en
I'm reaching home in 5 min.,,ham,uci_sms_spam_collection,en
"Forgot you were working today! Wanna chat, but things are ok so drop me a text when you're free / bored etc and i'll ring. Hope all is well, nose essay and all xx",,ham,uci_sms_spam_collection,en
Ha... Then we must walk to everywhere... Cannot take tram. My cousin said can walk to vic market from our hotel ,,ham,uci_sms_spam_collection,en
Discussed with your mother ah?,,ham,uci_sms_spam_collection,en
"Sorry, I can't text &amp; drive coherently, see you in twenty",,ham,uci_sms_spam_collection,en
You will be receiving this week's Triple Echo ringtone shortly. Enjoy it!,,spam,uci_sms_spam_collection,en
In which place i can get rooms cheap:-),,ham,uci_sms_spam_collection,en
Eek that's a lot of time especially since American Pie is like 8 minutes long. I can't stop singing it.,,ham,uci_sms_spam_collection,en
"\GRAN ONLYFOUND OUT AFEW DAYS AGO.CUSOON HONI\""""",,ham,uci_sms_spam_collection,en
"U've been selected to stay in 1 of 250 top British hotels - FOR NOTHING! Holiday valued at å£350! Dial 08712300220 to claim - National Rate Call. Bx526, SW73SS",,spam,uci_sms_spam_collection,en
University of southern california.,,ham,uci_sms_spam_collection,en
We have to pick rayan macleran there.,,ham,uci_sms_spam_collection,en
U gd lor go shopping i got stuff to do. U wan 2 watch infernal affairs a not? Come lar...,,ham,uci_sms_spam_collection,en
Well. Balls. Time to make calls,,ham,uci_sms_spam_collection,en
Wat time Ì_ wan today?,,ham,uci_sms_spam_collection,en
 &lt;#&gt;  in mca. But not conform.,,ham,uci_sms_spam_collection,en
Oh ok.. Wat's ur email?,,ham,uci_sms_spam_collection,en
"Yes, princess. Are you going to make me moan?",,ham,uci_sms_spam_collection,en
Lol its ok I didn't remember til last nite,,ham,uci_sms_spam_collection,en
"[Û_] anyway, many good evenings to u! s",,ham,uci_sms_spam_collection,en
"Cool, I'll text you in a few",,ham,uci_sms_spam_collection,en
"Sorry vikky, i'm Watching olave mandara movie kano in trishul theatre wit my frnds..",,ham,uci_sms_spam_collection,en
I'm very happy for you babe ! Woo hoo party on dude!,,ham,uci_sms_spam_collection,en
I am taking you for italian food. How about a pretty dress with no panties? :),,ham,uci_sms_spam_collection,en
Wot u up 2? Thout u were gonna call me!! Txt bak luv K,,ham,uci_sms_spam_collection,en
YOU ARE CHOSEN TO RECEIVE A å£350 AWARD! Pls call claim number 09066364311 to collect your award which you are selected to receive as a valued mobile customer.,,spam,uci_sms_spam_collection,en
How are you holding up?,,ham,uci_sms_spam_collection,en
Dont flatter yourself... Tell that man of mine two pints of carlin in ten minutes please.... ,,ham,uci_sms_spam_collection,en
Hope you are not scared!,,ham,uci_sms_spam_collection,en
I'm at home n ready...,,ham,uci_sms_spam_collection,en
What time do u get out?,,ham,uci_sms_spam_collection,en
I am literally in bed and have been up for like  &lt;#&gt;  hours,,ham,uci_sms_spam_collection,en
"Yes, my reg is  Ciao!",,ham,uci_sms_spam_collection,en
If You mean the website. Yes.,,ham,uci_sms_spam_collection,en
Win a å£1000 cash prize or a prize worth å£5000,,spam,uci_sms_spam_collection,en
"Thanks for your ringtone order, reference number X49.Your mobile will be charged 4.50. Should your tone not arrive please call customer services 09065989182",,spam,uci_sms_spam_collection,en
Lol or I could just starve and lose a pound by the end of the day.,,ham,uci_sms_spam_collection,en
Yeah that's the impression I got,,ham,uci_sms_spam_collection,en
Ok ok take care. I can understand.,,ham,uci_sms_spam_collection,en
"Motivate Behind every darkness, there is a shining light waiting for you to find it... Behind every best friend, there is always trust and love... BSLVYL",,ham,uci_sms_spam_collection,en
"Ya ok, then had dinner?",,ham,uci_sms_spam_collection,en
I was slept that time.you there?,,ham,uci_sms_spam_collection,en
dont make ne plans for nxt wknd coz she wants us to come down then ok,,ham,uci_sms_spam_collection,en
When is school starting. Where will you stay. What's the weather like. And the food. Do you have a social support system like friends in the school. All these things are important.,,ham,uci_sms_spam_collection,en
"Ha ha nan yalrigu heltini..Iyo kothi chikku, u shared many things wit me..so far i didn't told any body and even uttered a word abt u.. If ur trusting me so much how can i tell these to others.. Plz nxt time dont use those words to me..ok, chikku:-);-)B-)",,ham,uci_sms_spam_collection,en
Noice. Text me when you're here,,ham,uci_sms_spam_collection,en
Hi di is yijue we're meeting at 7 pm at esaplanade tonight.,,ham,uci_sms_spam_collection,en
Moby Pub Quiz.Win a å£100 High Street prize if u know who the new Duchess of Cornwall will be? Txt her first name to 82277.unsub STOP å£1.50 008704050406 SP,,spam,uci_sms_spam_collection,en
"This weeks SavaMob member offers are now accessible. Just call 08709501522 for details! SavaMob, POBOX 139, LA3 2WU. Only å£1.50/week. SavaMob - offers mobile!",,spam,uci_sms_spam_collection,en
"Aight I've been set free, think you could text me blake's address? It occurs to me I'm not quite as sure what I'm doing as I thought I was",,ham,uci_sms_spam_collection,en
Hi dear we saw dear. We both are happy. Where you my battery is low,,ham,uci_sms_spam_collection,en
How are you. Its been ages. How's abj,,ham,uci_sms_spam_collection,en
Prof: you have passed in all the papers in this sem congrats . . . . Student: Enna kalaachutaarama..!! Prof:???? Gud mrng!,,ham,uci_sms_spam_collection,en
Dont kick coco when he's down,,ham,uci_sms_spam_collection,en
Fyi I'm gonna call you sporadically starting at like  &lt;#&gt;  bc we are not not doin this shit,,ham,uci_sms_spam_collection,en
"You are being contacted by our Dating Service by someone you know! To find out who it is, call from your mobile or landline 09064017305 PoBox75LDNS7 ",,spam,uci_sms_spam_collection,en
TBS/PERSOLVO. been chasing us since Sept forå£38 definitely not paying now thanks to your information. We will ignore them. Kath. Manchester.,,spam,uci_sms_spam_collection,en
Hope youåÕre not having too much fun without me!! see u tomorrow love jess x,,ham,uci_sms_spam_collection,en
Ok i wont call or disturb any one. I know all are avoiding me. I am a burden for all,,ham,uci_sms_spam_collection,en
I've reached home n i bathe liao... U can call me now...,,ham,uci_sms_spam_collection,en
Loans for any purpose even if you have Bad Credit! Tenants Welcome. Call NoWorriesLoans.com on 08717111821,,spam,uci_sms_spam_collection,en
Was the actual exam harder than NBME,,ham,uci_sms_spam_collection,en
A lot of this sickness thing going round. Take it easy. Hope u feel better soon. Lol,,ham,uci_sms_spam_collection,en
87077: Kick off a new season with 2wks FREE goals & news to ur mobile! Txt ur club name to 87077 eg VILLA to 87077,,spam,uci_sms_spam_collection,en
Hey sathya till now we dint meet not even a single time then how can i saw the situation sathya.,,ham,uci_sms_spam_collection,en
Gam gone after outstanding innings.,,ham,uci_sms_spam_collection,en
O i played smash bros  &lt;#&gt;  religiously.,,ham,uci_sms_spam_collection,en
"Sir, good morning. Hope you had a good weekend. I called to let you know that i was able to raise  &lt;#&gt;  from my dad. He however said he would make the rest available by mid feb. This amount is still quite short and i was hoping you would help. Do have a good day. Abiola",,ham,uci_sms_spam_collection,en
Hurry home. Soup is DONE!,,ham,uci_sms_spam_collection,en
"Good afternoon, my love. It was good to see your words on YM and get your tm. Very smart move, my slave ... *smiles* ... I drink my coffee and await you.",,ham,uci_sms_spam_collection,en
Quite ok but a bit ex... U better go eat smth now else i'll feel guilty...,,ham,uci_sms_spam_collection,en
"Orange brings you ringtones from all time Chart Heroes, with a free hit each week! Go to Ringtones & Pics on wap. To stop receiving these tips reply STOP.",,spam,uci_sms_spam_collection,en
Lemme know when you're here,,ham,uci_sms_spam_collection,en
PRIVATE! Your 2003 Account Statement for 07973788240 shows 800 un-redeemed S. I. M. points. Call 08715203649 Identifier Code: 40533 Expires 31/10/04,,spam,uci_sms_spam_collection,en
He needs to stop going to bed and make with the fucking dealing,,ham,uci_sms_spam_collection,en
"How are you, my Love ? Are you with your brother ? Time to talk english with him ? *grins* Say : Hey Muhommad, Penny says hello from across the sea",,ham,uci_sms_spam_collection,en
We tried to call you re your reply to our sms for a video mobile 750 mins UNLIMITED TEXT + free camcorder Reply of call 08000930705 Now,,spam,uci_sms_spam_collection,en
"Hey doc pls I want to get nice t shirt for my hubby nice fiting ones my budget is  &lt;#&gt; k help pls I will load d card abi hw,keep me posted luv. 2 mj",,ham,uci_sms_spam_collection,en
I remain unconvinced that this isn't an elaborate test of my willpower,,ham,uci_sms_spam_collection,en
"\Life is nothing wen v get everything\"". But \""life is everything wen v miss something \"". Real value of people wil be realized only in their absence.... gud mrng""",,ham,uci_sms_spam_collection,en
how are you? I miss you!,,ham,uci_sms_spam_collection,en
I ain't answerin no phone at what is actually a pretty reasonable hour but I'm sleepy,,ham,uci_sms_spam_collection,en
"Hey , is * rite u put åÈ10 evey mnth is that all?",,ham,uci_sms_spam_collection,en
i am going to bed now prin,,ham,uci_sms_spam_collection,en
I think just yourself Û_Thanks and see you tomo,,ham,uci_sms_spam_collection,en
If u dun drive then how i go 2 sch.,,ham,uci_sms_spam_collection,en
I not at home now lei...,,ham,uci_sms_spam_collection,en
GSOH? Good with SPAM the ladies?U could b a male gigolo? 2 join the uk's fastest growing mens club reply ONCALL. mjzgroup. 08714342399.2stop reply STOP. msg@å£1.50rcvd,,spam,uci_sms_spam_collection,en
Do u hav any frnd by name ashwini in ur college?,,ham,uci_sms_spam_collection,en
Jus finish my lunch on my way home lor... I tot u dun wan 2 stay in sch today...,,ham,uci_sms_spam_collection,en
K then 2marrow are you coming to class.,,ham,uci_sms_spam_collection,en
"HOT LIVE FANTASIES call now 08707500020 Just 20p per min NTT Ltd, PO Box 1327 Croydon CR9 5WB 0870 is a national rate call",,spam,uci_sms_spam_collection,en
Pls send me your address sir.,,ham,uci_sms_spam_collection,en
I want to lick your pussy now...,,ham,uci_sms_spam_collection,en
"Yo, you gonna still be in stock tomorrow/today? I'm trying to get a dubsack",,ham,uci_sms_spam_collection,en
URGENT! Your Mobile number has been awarded a <UKP>2000 prize GUARANTEED. Call 09061790125 from landline. Claim 3030. Valid 12hrs only 150ppm,,spam,uci_sms_spam_collection,en
"I'll see, but prolly yeah",,ham,uci_sms_spam_collection,en
Thought we could go out for dinner. I'll treat you! Seem ok?,,ham,uci_sms_spam_collection,en
Where are you ? What do you do ? How can you stand to be away from me ? Doesn't your heart ache without me ? Don't you wonder of me ? Don't you crave me ?,,ham,uci_sms_spam_collection,en
Sorry. You never hear unless you book it. One was kinda a joke--thet were really looking for skinny white girls. The other was one line--you can only do so much on camera with that. Something like that they're casting on the look.,,ham,uci_sms_spam_collection,en
"Sure thing big man. i have hockey elections at 6, shouldnÛ÷t go on longer than an hour though",,ham,uci_sms_spam_collection,en
Watch lor. I saw a few swatch one i thk quite ok. Ard 116 but i need 2nd opinion leh...,,ham,uci_sms_spam_collection,en
Hiya do u like the hlday pics looked horrible in them so took mo out! Hows the camp Amrca thing? Speak soon Serena:),,ham,uci_sms_spam_collection,en
"Babe! How goes that day ? What are you up to ? I miss you already, my Love ... * loving kiss* ... I hope everything goes well.",,ham,uci_sms_spam_collection,en
Yunny... I'm goin to be late,,ham,uci_sms_spam_collection,en
Doc prescribed me morphine cause the other pain meds aren't enough. Waiting for my mom to bring it. That med should kick in fast so I'm gonna try to be on later,,ham,uci_sms_spam_collection,en
"Cool, want me to go to kappa or should I meet you outside mu",,ham,uci_sms_spam_collection,en
"Hey sexy buns ! Have I told you ? I adore you, loverboy. I hope you remember to thank your sister in law for those meatballs *grins* ... i love you, babe",,ham,uci_sms_spam_collection,en
May b approve panalam...but it should have more posts..,,ham,uci_sms_spam_collection,en
"SPJanuary Male Sale! Hot Gay chat now cheaper, call 08709222922. National rate from 1.5p/min cheap to 7.8p/min peak! To stop texts call 08712460324 (10p/min)",,spam,uci_sms_spam_collection,en
Me i'm not workin. Once i get job...,,ham,uci_sms_spam_collection,en
And by when you're done I mean now,,ham,uci_sms_spam_collection,en
\Its Ur luck to Love someone. Its Ur fortune to Love the one who Loves U. But,,ham,uci_sms_spam_collection,en
Hi baby ive just got back from work and i was wanting to see u allday! I hope i didnt piss u off on the phone today. If u are up give me a call xxx,,ham,uci_sms_spam_collection,en
FreeMsg Today's the day if you are ready! I'm horny & live in your town. I love sex fun & games! Netcollex Ltd 08700621170150p per msg reply Stop to end,,spam,uci_sms_spam_collection,en
Is it your yahoo boys that bring in the perf? Or legal.,,ham,uci_sms_spam_collection,en
No need to say anything to me. I know i am an outsider,,ham,uci_sms_spam_collection,en
have you ever had one foot before?,,ham,uci_sms_spam_collection,en
Just got to  &lt;#&gt;,,ham,uci_sms_spam_collection,en
"Good! No, donÛ÷t need any receiptsÛÓwell done! (Û_) Yes, please tell . WhatÛ÷s her number, i could ring her",,ham,uci_sms_spam_collection,en
Leave it wif me lar... ÌÏ wan to carry meh so heavy... Is da num 98321561 familiar to Ì_?,,ham,uci_sms_spam_collection,en
Beautiful truth : Expression of the face could Be seen by everyone... But the depression of heart Could be understood only By the Loved ones.. Gud Ni8;-),,ham,uci_sms_spam_collection,en
Infact happy new year. How are you where are you when are we seeing,,ham,uci_sms_spam_collection,en
"In The Simpsons Movie released in July 2007 name the band that died at the start of the film? A-Green Day, B-Blue Day, C-Red Day. (Send A, B or C)",,spam,uci_sms_spam_collection,en
That's a shame! Maybe cld meet for few hrs tomo?,,ham,uci_sms_spam_collection,en
Lol I would but despite these cramps I like being a girl.,,ham,uci_sms_spam_collection,en
I canåÕt wait for cornwall. Hope tonight isnåÕt too bad as well but itåÕs rock night shite. Anyway iåÕm going for a kip now have a good night. Speak to you soon.,,ham,uci_sms_spam_collection,en
Pls help me tell sura that i'm expecting a battery from hont. And that if should pls send me a message about how to download movies. Thanks,,ham,uci_sms_spam_collection,en
Please call Amanda with regard to renewing or upgrading your current T-Mobile handset free of charge. Offer ends today. Tel 0845 021 3680 subject to T's and C's,,spam,uci_sms_spam_collection,en
"Haven't found a way to get another app for your phone, eh ? Will you go to the net cafe ? Did you take that job? Geeee I need you babe. I crave to see you ...",,ham,uci_sms_spam_collection,en
I only work from mon to thurs but Sat i cant leh... Booked liao... Which other day u free?,,ham,uci_sms_spam_collection,en
ÌÏ comin to fetch us oredi...,,ham,uci_sms_spam_collection,en
What's nannys address?,,ham,uci_sms_spam_collection,en
Haf u eaten? Wat time u wan me 2 come?,,ham,uci_sms_spam_collection,en
Want a new Video Phone? 750 anytime any network mins? Half price line rental free text for 3 months? Reply or call 08000930705 for free delivery,,spam,uci_sms_spam_collection,en
"Yo, call me when you get the chance, a friend of mine wanted me to ask you about a big order",,ham,uci_sms_spam_collection,en
This single single answers are we fighting? Plus i said am broke and you didnt reply,,ham,uci_sms_spam_collection,en
It certainly puts things into perspective when something like this happens,,ham,uci_sms_spam_collection,en
Now got tv 2 watch meh? U no work today?,,ham,uci_sms_spam_collection,en
i felt so...not any conveying reason.. Ese he... What about me?,,ham,uci_sms_spam_collection,en
How's it going? Got any exciting karaoke type activities planned? I'm debating whether to play football this eve. Feeling lazy though.,,ham,uci_sms_spam_collection,en
I told that am coming on wednesday.,,ham,uci_sms_spam_collection,en
"Its ok, called mom instead have fun",,ham,uci_sms_spam_collection,en
"Dear Voucher Holder, To claim this weeks offer, at your PC please go to http://www.wtlp.co.uk/text. Ts&Cs apply.",,spam,uci_sms_spam_collection,en
Well if I'm that desperate I'll just call armand again,,ham,uci_sms_spam_collection,en
Are you at work right now ?,,ham,uci_sms_spam_collection,en
Haven't heard anything and he's not answering my texts so I'm guessing he flaked. That said the jb is fantastic,,ham,uci_sms_spam_collection,en
"Mmmmmm ... I love you,so much, Ahmad ... I can't wait for this year to begin as every second takes me closer to being at your side. Happy New Year, my love!!",,ham,uci_sms_spam_collection,en
Pls what's the full name of joke's school cos fees in university of florida seem to actually be  &lt;#&gt; k. Pls holla back,,ham,uci_sms_spam_collection,en
Ok... But they said i've got wisdom teeth hidden inside n mayb need 2 remove.,,ham,uci_sms_spam_collection,en
And pls pls drink plenty plenty water,,ham,uci_sms_spam_collection,en
How are you doing. How's the queen. Are you going for the royal wedding,,ham,uci_sms_spam_collection,en
He's in lag. That's just the sad part but we keep in touch thanks to skype,,ham,uci_sms_spam_collection,en
Ok lor then we go tog lor...,,ham,uci_sms_spam_collection,en
Two teams waiting for some players,,ham,uci_sms_spam_collection,en
Can Ì_ send me a copy of da report?,,ham,uci_sms_spam_collection,en
"swhrt how u dey,hope ur ok, tot about u 2day.love n miss.take care.",,ham,uci_sms_spam_collection,en
"Ok da, i already planned. I wil pick you.",,ham,uci_sms_spam_collection,en
"Urgent! Please call 0906346330. Your ABTA complimentary 4* Spanish Holiday or å£10,000 cash await collection SAE T&Cs BOX 47 PO19 2EZ 150ppm 18+",,spam,uci_sms_spam_collection,en
I just really need shit before tomorrow and I know you won't be awake before like 6,,ham,uci_sms_spam_collection,en
I'm good. Have you registered to vote?,,ham,uci_sms_spam_collection,en
"Hmm ok, i'll stay for like an hour cos my eye is really sore!",,ham,uci_sms_spam_collection,en
Dear got bus directly to calicut,,ham,uci_sms_spam_collection,en
Mm umma ask vava also to come tell him can play later together,,ham,uci_sms_spam_collection,en
"Well the general price is  &lt;#&gt; /oz, let me know if/when/how much you want",,ham,uci_sms_spam_collection,en
"Each Moment in a day,has its own value-Morning brings hope,afternoon brings faith,Evening brings luv,Night brings rest,Wish u find them all today.Good Morning",,ham,uci_sms_spam_collection,en
&lt;#&gt;  w jetton ave if you forgot,,ham,uci_sms_spam_collection,en
Ok i'm coming home now.,,ham,uci_sms_spam_collection,en
Can not use foreign stamps in this country.,,ham,uci_sms_spam_collection,en
"Sorry, it's a lot of friend-of-a-friend stuff, I'm just now about to talk to the actual guy who wants to buy",,ham,uci_sms_spam_collection,en
"cmon babe, make me horny, *turn* me on! Txt me your fantasy now babe -) Im hot, sticky and need you now. All replies cost å£1.50. 2 cancel send STOP",,spam,uci_sms_spam_collection,en
Wylie update: my weed dealer carlos went to freedom and had a class with lunsford,,ham,uci_sms_spam_collection,en
Are you happy baby ? Are you alright ? Did you take that job ? I hope your fine. I send you a kiss to make you smile from across the sea ... *kiss* *kiss*,,ham,uci_sms_spam_collection,en
C movie is juz last minute decision mah. Juz watch 2 lar but i tot Ì_ not interested.,,ham,uci_sms_spam_collection,en
How are you enjoying this semester? Take care brother.,,ham,uci_sms_spam_collection,en
IMPORTANT INFORMATION 4 ORANGE USER 0796XXXXXX. TODAY IS UR LUCKY DAY!2 FIND OUT WHY LOG ONTO http://www.urawinner.com THERE'S A FANTASTIC PRIZEAWAITING YOU!,,spam,uci_sms_spam_collection,en
"Get the door, I'm here",,ham,uci_sms_spam_collection,en
"Lets use it next week, princess :)",,ham,uci_sms_spam_collection,en
Or i go home first lar Ì_ wait 4 me lor.. I put down my stuff first..,,ham,uci_sms_spam_collection,en
I want kfc its Tuesday. Only buy 2 meals ONLY 2. No gravy. Only 2 Mark. 2!,,ham,uci_sms_spam_collection,en
No da:)he is stupid da..always sending like this:)don believe any of those message.pandy is a mental:),,ham,uci_sms_spam_collection,en
Oi when you gonna ring,,ham,uci_sms_spam_collection,en
Missed call alert. These numbers called but left no message. 07008009200,,spam,uci_sms_spam_collection,en
I attended but nothing is there.,,ham,uci_sms_spam_collection,en
Ard 530 like dat lor. We juz meet in mrt station then Ì_ dun haf to come out.,,ham,uci_sms_spam_collection,en
No dear i was sleeping :-P,,ham,uci_sms_spam_collection,en
Er mw im filled tuth is aight,,ham,uci_sms_spam_collection,en
Will be office around 4 pm. Now i am going hospital.,,ham,uci_sms_spam_collection,en
Actually i'm waiting for 2 weeks when they start putting ad.,,ham,uci_sms_spam_collection,en
Anything lor if they all go then i go lor...,,ham,uci_sms_spam_collection,en
U free on sat rite? U wan 2 watch infernal affairs wif me n darren n mayb xy?,,ham,uci_sms_spam_collection,en
Yo you around? A friend of mine's lookin to pick up later tonight,,ham,uci_sms_spam_collection,en
Stupid auto correct on my phone,,ham,uci_sms_spam_collection,en
Double eviction this week - Spiral and Michael and good riddance to them!,,ham,uci_sms_spam_collection,en
"\The world suffers a lot... Not because of the violence of bad people. But because of the silence of good people!\""",,ham,uci_sms_spam_collection,en
"Ok thats cool. Its , just off either raglan rd or edward rd. Behind the cricket ground. Gimme ring when ur closeby see you tuesday.",,ham,uci_sms_spam_collection,en
Buy one egg for me da..please:),,ham,uci_sms_spam_collection,en
Have you started in skye,,ham,uci_sms_spam_collection,en
Have you bookedthe hut? And also your time off? How are you by the way?,,ham,uci_sms_spam_collection,en
And several to you sir.,,ham,uci_sms_spam_collection,en
U really pig leh sleep so much. My dad wake me up at 10 smth 2 eat lunch today.,,ham,uci_sms_spam_collection,en
My love ... I hope your not doing anything drastic. Don't you dare sell your pc or your phone ...,,ham,uci_sms_spam_collection,en
FREEMSG: Our records indicate you may be entitled to 3750 pounds for the Accident you had. To claim for free reply with YES to this msg. To opt out text STOP,,spam,uci_sms_spam_collection,en
Life style garments account no please.,,ham,uci_sms_spam_collection,en
Lol wtf random. Btw is that your lunch break,,ham,uci_sms_spam_collection,en
"Sez, hows u & de arab boy? Hope u r all good give my love 2 evry1 love ya eshxxxxxxxxxxx",,ham,uci_sms_spam_collection,en
"The LAY MAN! Just to let you know you are missed and thought off. Do have a great day. And if you can send me bimbo and ugo's numbers, ill appreciate. Safe",,ham,uci_sms_spam_collection,en
Detroit. The home of snow. Enjoy it.,,ham,uci_sms_spam_collection,en
Show ur colours! Euro 2004 2-4-1 Offer! Get an England Flag & 3Lions tone on ur phone! Click on the following service message for info!,,spam,uci_sms_spam_collection,en
"Aight, I'm chillin in a friend's room so text me when you're on the way",,ham,uci_sms_spam_collection,en
Is toshiba portege m100 gd?,,ham,uci_sms_spam_collection,en
Well welp is sort of a semiobscure internet thing,,ham,uci_sms_spam_collection,en
Text PASS to 69669 to collect your polyphonic ringtones. Normal gprs charges apply only. Enjoy your tones,,spam,uci_sms_spam_collection,en
"accordingly. I repeat, just text the word ok on your mobile phone and send",,spam,uci_sms_spam_collection,en
Loosu go to hospital. De dont let it careless.,,ham,uci_sms_spam_collection,en
How much for an eighth?,,ham,uci_sms_spam_collection,en
Omg Joanna is freaking me out. She's looked thru all my friends to find photos of me. And then she's asking about stuff on my MySpace which I haven't even logged on in like a year. :/,,ham,uci_sms_spam_collection,en
"Send ur birthdate with month and year, I will tel u ur LIFE PARTNER'S name. and the method of calculation. Reply must.",,ham,uci_sms_spam_collection,en
Juz now havent woke up so a bit blur blur... Can? Dad went out liao... I cant cum now oso...,,ham,uci_sms_spam_collection,en
"How about clothes, jewelry, and trips?",,ham,uci_sms_spam_collection,en
Block Breaker now comes in deluxe format with new features and great graphics from T-Mobile. Buy for just å£5 by replying GET BBDELUXE and take the challenge,,spam,uci_sms_spam_collection,en
Aah! A cuddle would be lush! I'd need lots of tea and soup before any kind of fumbling!,,ham,uci_sms_spam_collection,en
important information 4 orange user . today is your lucky day!2find out why log onto http://www.urawinner.com THERE'S A FANTASTIC SURPRISE AWAITING YOU!,,spam,uci_sms_spam_collection,en
Are you plans with your family set in stone ?,,ham,uci_sms_spam_collection,en
Pls dont forget to study,,ham,uci_sms_spam_collection,en
You'll never believe this but i have actually got off at taunton. Wow,,ham,uci_sms_spam_collection,en
"Den only weekdays got special price... Haiz... Cant eat liao... Cut nails oso muz wait until i finish drivin wat, lunch still muz eat wat... ",,ham,uci_sms_spam_collection,en
She just broke down a list of reasons why nobody's in town and I can't tell if she's being sarcastic or just faggy,,ham,uci_sms_spam_collection,en
 &lt;DECIMAL&gt; m but its not a common car here so its better to buy from china or asia. Or if i find it less expensive. I.ll holla,,ham,uci_sms_spam_collection,en
The greatest test of courage on earth is to bear defeat without losing heart....gn tc,,ham,uci_sms_spam_collection,en
SORRY IM STIL FUCKED AFTER LAST NITE WENT TOBED AT 430 GOT UP 4 WORK AT 630,,ham,uci_sms_spam_collection,en
Hey so whats the plan this sat? ,,ham,uci_sms_spam_collection,en
Beauty sleep can help ur pimples too.,,ham,uci_sms_spam_collection,en
Great. Hope you are using your connections from mode men also cos you can never know why old friends can lead you to today,,ham,uci_sms_spam_collection,en
Natalja (25/F) is inviting you to be her friend. Reply YES-440 or NO-440 See her: www.SMS.ac/u/nat27081980 STOP? Send STOP FRND to 62468,,spam,uci_sms_spam_collection,en
Where to get those?,,ham,uci_sms_spam_collection,en
"Kind of. Just missed train cos of asthma attack, nxt one in half hr so driving in. not sure where to park.",,ham,uci_sms_spam_collection,en
Ball is moving a lot.will spin in last :)so very difficult to bat:),,ham,uci_sms_spam_collection,en
Haiyoh... Maybe your hamster was jealous of million,,ham,uci_sms_spam_collection,en
Can you please send me my aunty's number,,ham,uci_sms_spam_collection,en
I'm glad. You are following your dreams.,,ham,uci_sms_spam_collection,en
I've reached home finally...,,ham,uci_sms_spam_collection,en
"URGENT. Important information for 02 user. Today is your lucky day! 2 find out why , log onto http://www.urawinner.com there is a fantastic surprise awaiting you !",,spam,uci_sms_spam_collection,en
"Wn u r hurt by d prsn who s close 2 u, do fight wit dem. Coz somtimes dis fight saves a relation bt being quiet leaves nothin in a relation.. Gud eveB-)",,ham,uci_sms_spam_collection,en
U can call now...,,ham,uci_sms_spam_collection,en
"Science tells that chocolate will melt under the sunlight. Please don't walk under the sunlight. BCoz,I don't want to loss a sweet friend.",,ham,uci_sms_spam_collection,en
Yes. I come to nyc for audiitions and am trying to relocate.,,ham,uci_sms_spam_collection,en
I pocked you up there before,,ham,uci_sms_spam_collection,en
Congrats. That's great. I wanted to tell you not to tell me your score cos it might make me relax. But its motivating me so thanks for sharing,,ham,uci_sms_spam_collection,en
I wud never mind if u dont miss me or if u dont need me.. But u wil really hurt me wen u need me &amp; u dont tell me......... Take care:-),,ham,uci_sms_spam_collection,en
Hey mr whats the name of that bill brison book the one about language and words ,,ham,uci_sms_spam_collection,en
"Okay, good, no problem, and thanx!",,ham,uci_sms_spam_collection,en
"For you information, IKEA is spelled with all caps. That is not yelling. when you thought i had left you, you were sitting on the bed among the mess when i came in. i said we were going after you got home from class. please don't try and bullshit me. It makes me want to listen to you less.",,ham,uci_sms_spam_collection,en
Call me when u're done...,,ham,uci_sms_spam_collection,en
G.W.R,,ham,uci_sms_spam_collection,en
You best watch what you say cause I get drunk as a motherfucker,,ham,uci_sms_spam_collection,en
Kit Strip - you have been billed 150p. Netcollex Ltd. PO Box 1013 IG11 OJA,,spam,uci_sms_spam_collection,en
Please CALL 08712402578 immediately as there is an urgent message waiting for you,,spam,uci_sms_spam_collection,en
thesmszone.com lets you send free anonymous and masked messages..im sending this message from there..do you see the potential for abuse???,,spam,uci_sms_spam_collection,en
"Erm... Woodland avenue somewhere. Do you get the parish magazine, his telephone number will be in there.",,ham,uci_sms_spam_collection,en
Are there TA jobs available? Let me know please cos i really need to start working,,ham,uci_sms_spam_collection,en
Aiyar hard 2 type. U later free then tell me then i call n scold n tell u.,,ham,uci_sms_spam_collection,en
Yup i'm free...,,ham,uci_sms_spam_collection,en
"Good good, billy mates all gone. Just been jogging, again! Did enjoy concert?",,ham,uci_sms_spam_collection,en
Yo come over carlos will be here soon,,ham,uci_sms_spam_collection,en
Awww dat is sweet! We can think of something to do he he! Have a nice time tonight ill probably txt u later cos im lonely :( xxx.,,ham,uci_sms_spam_collection,en
I guess it is useless calling u 4 something important.,,ham,uci_sms_spam_collection,en
Ha ha - had popped down to the loo when you hello-ed me. Hello!,,ham,uci_sms_spam_collection,en
He dint tell anything. He is angry on me that why you told to abi.,,ham,uci_sms_spam_collection,en
It so happens that there r 2waxsto do wat you want. She can come and ill get her medical insurance. And she'll be able to deliver and have basic care. I'm currently shopping for the right medical insurance for her. So just give me til friday morning. Thats when i.ll see the major person that can guide me to the right insurance.,,ham,uci_sms_spam_collection,en
I keep ten rs in my shelf:) buy two egg.,,ham,uci_sms_spam_collection,en
"I wasn't well babe, i have swollen glands at my throat ... What did you end up doing ?",,ham,uci_sms_spam_collection,en
Is ur changes 2 da report big? Cos i've already made changes 2 da previous report.,,ham,uci_sms_spam_collection,en
Captain is in our room:),,ham,uci_sms_spam_collection,en
"I can't speak, bcaz mobile have problem. I can listen you but you cann't listen my voice. So i calls you later.",,ham,uci_sms_spam_collection,en
HIYA STU WOT U UP 2.IM IN SO MUCH TRUBLE AT HOME AT MOMENT EVONE HATES ME EVEN U! WOT THE HELL AV I DONE NOW? Y WONT U JUST TELL ME TEXT BCK PLEASE LUV DAN ,,ham,uci_sms_spam_collection,en
S...i will take mokka players only:),,ham,uci_sms_spam_collection,en
Are you still playing with gautham?,,ham,uci_sms_spam_collection,en
Hey mr  and I are going to the sea view and having a couple of gays I mean games! Give me a bell when ya finish ,,ham,uci_sms_spam_collection,en
"K, jason says he's gonna be around so I'll be up there around  &lt;#&gt;",,ham,uci_sms_spam_collection,en
Sorry . I will be able to get to you. See you in the morning.,,ham,uci_sms_spam_collection,en
Aight well keep me informed,,ham,uci_sms_spam_collection,en
Am only searching for good dual sim mobile pa.,,ham,uci_sms_spam_collection,en
That seems unnecessarily hostile,,ham,uci_sms_spam_collection,en
Dude got a haircut. Now its breezy up there,,ham,uci_sms_spam_collection,en
"Congrats! 2 mobile 3G Videophones R yours. call 09061744553 now! videochat wid ur mates, play java games, Dload polyH music, noline rentl. bx420. ip4. 5we. 150pm",,spam,uci_sms_spam_collection,en
1Apple/Day=No Doctor. 1Tulsi Leaf/Day=No Cancer. 1Lemon/Day=No Fat. 1Cup Milk/day=No Bone Problms 3 Litres Watr/Day=No Diseases Snd ths 2 Whom U Care..:-),,ham,uci_sms_spam_collection,en
i thought we were doing a king of the hill thing there.,,ham,uci_sms_spam_collection,en
Nope i'll come online now..,,ham,uci_sms_spam_collection,en
ALSO TELL HIM I SAID HAPPY BIRTHDAY,,ham,uci_sms_spam_collection,en
Y bishan lei... I tot Ì_ say lavender? ,,ham,uci_sms_spam_collection,en
Boo what time u get out? U were supposed to take me shopping today. :(,,ham,uci_sms_spam_collection,en
"Now u sound like manky scouse boy steve,like! I is travelling on da bus home.wot has u inmind 4 recreation dis eve?",,ham,uci_sms_spam_collection,en
"Fyi I'm taking a quick shower, be at epsilon in like  &lt;#&gt;  min",,ham,uci_sms_spam_collection,en
on a Tuesday night r u 4 real,,ham,uci_sms_spam_collection,en
Yes when is the appt again?,,ham,uci_sms_spam_collection,en
Just got outta class gonna go gym.,,ham,uci_sms_spam_collection,en
I want to sent  &lt;#&gt; mesages today. Thats y. Sorry if i hurts,,ham,uci_sms_spam_collection,en
ÌÏ all write or wat..,,ham,uci_sms_spam_collection,en
Ha! I wouldn't say that I just didn't read anything into way u seemed. I don't like 2 be judgemental....i save that for fridays in the pub!,,ham,uci_sms_spam_collection,en
Its a valentine game. . . send dis msg to all ur friends. . If 5 answers r d same then someone really loves u. . Ques- which colour suits me the best?,,ham,uci_sms_spam_collection,en
Hi:)did you asked to waheeda fathima about leave?,,ham,uci_sms_spam_collection,en
Enjoy urself tmr...,,ham,uci_sms_spam_collection,en
You still around? I could use a half-8th,,ham,uci_sms_spam_collection,en
You give us back my id proof and  &lt;#&gt;  rs. We wont allow you to work. We will come to your home within days,,ham,uci_sms_spam_collection,en
ÌÏ bot notes oredi... Cos i juz rem i got...,,ham,uci_sms_spam_collection,en
Yes. Rent is very expensive so its the way we save.,,ham,uci_sms_spam_collection,en
Hows the pain dear?y r u smiling?,,ham,uci_sms_spam_collection,en
"Fun fact: although you would think armand would eventually build up a tolerance or some shit considering how much he smokes, he gets fucked up in like 2 hits",,ham,uci_sms_spam_collection,en
important information 4 orange user 0789xxxxxxx. today is your lucky day!2find out why log onto http://www.urawinner.com THERE'S A FANTASTIC SURPRISE AWAITING YOU!,,spam,uci_sms_spam_collection,en
Great. So should i send you my account number.,,ham,uci_sms_spam_collection,en
"HELLOGORGEOUS, HOWS U? MY FONE WAS ON CHARGE LST NITW WEN U TEXD ME. HOPEU AD A NICE WKEND AS IM SURE U DID LOOKIN 4WARD 2 C-IN U 2MRW LUV JAZ",,ham,uci_sms_spam_collection,en
"Our dating service has been asked 2 contact U by someone shy! CALL 09058091870 NOW all will be revealed. POBox84, M26 3UZ 150p",,spam,uci_sms_spam_collection,en
ÌÏ only send me the contents page...,,ham,uci_sms_spam_collection,en
"Night sweet, sleep well! I've just been to see The Exorcism of Emily Rose and may never sleep again! Hugs and snogs! ",,ham,uci_sms_spam_collection,en
"Don't Think About \What u Have Got\"" Think About \""How to Use It That You Have Got\"" gooD ni8""",,ham,uci_sms_spam_collection,en
"I can't right this second, gotta hit people up first",,ham,uci_sms_spam_collection,en
"Evry Emotion dsn't hav Words.Evry Wish dsn't hav Prayrs.. If u Smile,D World is wit u.Othrwise even d Drop of Tear dsn't lik 2 Stay wit u.So b happy.. Good morning, keep smiling:-)",,ham,uci_sms_spam_collection,en
So what about you. What do you remember,,ham,uci_sms_spam_collection,en
Ujhhhhhhh computer shipped out with address to sandiago and parantella lane. Wtf. Poop.,,ham,uci_sms_spam_collection,en
Mm yes dear look how i am hugging you both. :-P,,ham,uci_sms_spam_collection,en
I like dis sweater fr mango but no more my size already so irritating.,,ham,uci_sms_spam_collection,en
1 I don't have her number and 2 its gonna be a massive pain in the ass and i'd rather not get involved if that's possible,,ham,uci_sms_spam_collection,en
Anytime lor...,,ham,uci_sms_spam_collection,en
Do you want a new Video handset? 750 any time any network mins? UNLIMITED TEXT? Camcorder? Reply or Call now 08000930705 for del Sat AM,,spam,uci_sms_spam_collection,en
"Ur balance is now å£600. Next question: Complete the landmark, Big, A. Bob, B. Barry or C. Ben ?. Text A, B or C to 83738. Good luck!",,spam,uci_sms_spam_collection,en
Me fine..absolutly fine,,ham,uci_sms_spam_collection,en
K and you're sure I don't have to have consent forms to do it :V,,ham,uci_sms_spam_collection,en
Ur TONEXS subscription has been renewed and you have been charged å£4.50. You can choose 10 more polys this month. www.clubzed.co.uk *BILLING MSG*,,spam,uci_sms_spam_collection,en
"If you don't, your prize will go to another customer. T&C at www.t-c.biz 18+ 150p/min Polo Ltd Suite 373 London W1J 6HL Please call back if busy",,spam,uci_sms_spam_collection,en
How much is torch in 9ja.,,ham,uci_sms_spam_collection,en
"Doing nothing, then u not having dinner w us?",,ham,uci_sms_spam_collection,en
How are you. Just checking up on you,,ham,uci_sms_spam_collection,en
Done it but internet connection v slow and canÛ÷t send it. Will try again later or first thing tomo.,,ham,uci_sms_spam_collection,en
Mathews or tait or edwards or anderson,,ham,uci_sms_spam_collection,en
yeah sure thing mate haunt got all my stuff sorted but im going sound anyway promoting hex for .by the way who is this? dont know number. Joke,,ham,uci_sms_spam_collection,en
No need lar i go engin? Cos my sis at arts today...,,ham,uci_sms_spam_collection,en
Thanks honey but still haven't heard anything I will leave it a bit longer so not 2 crowd him and will try later - great advice thanks hope cardiff is still there!,,ham,uci_sms_spam_collection,en
Do you want a New Nokia 3510i Colour Phone Delivered Tomorrow? With 200 FREE minutes to any mobile + 100 FREE text + FREE camcorder Reply or Call 8000930705,,spam,uci_sms_spam_collection,en
", im .. On the snowboarding trip. I was wondering if your planning to get everyone together befor we go..a meet and greet kind of affair? Cheers, ",,ham,uci_sms_spam_collection,en
S.i'm watching it in live..,,ham,uci_sms_spam_collection,en
"see you then, we're all christmassy here!",,ham,uci_sms_spam_collection,en
"K I'm ready,  &lt;#&gt; ?",,ham,uci_sms_spam_collection,en
what are your new years plans?,,ham,uci_sms_spam_collection,en
RECPT 1/3. You have ordered a Ringtone. Your order is being processed...,,spam,uci_sms_spam_collection,en
Baaaaaaaabe! Wake up ! I miss you ! I crave you! I need you!,,ham,uci_sms_spam_collection,en
"Only just got this message, not ignoring you. Yes, i was. Shopping that is",,ham,uci_sms_spam_collection,en
Dear :-/ why you mood off. I cant drive so i brother to drive,,ham,uci_sms_spam_collection,en
When did dad get back.,,ham,uci_sms_spam_collection,en
"Can you tell Shola to please go to college of medicine and visit the academic department, tell the academic secretary what the current situation is and ask if she can transfer there. She should ask someone to check Sagamu for the same thing and lautech. Its vital she completes her medical education in Nigeria. Its less expensive much less expensive. Unless she will be getting citizen rates in new zealand.",,ham,uci_sms_spam_collection,en
Yes just finished watching days of our lives. I love it.,,ham,uci_sms_spam_collection,en
Juz go google n search 4 qet...,,ham,uci_sms_spam_collection,en
Many times we lose our best ones bcoz we are ,,ham,uci_sms_spam_collection,en
"Good FRIENDS CaRE for each Other.. CLoSE Friends UNDERSTaND each Other... and TRUE Friends STaY forever beyond words, beyond time. Gud ni8",,ham,uci_sms_spam_collection,en
Just getting back home,,ham,uci_sms_spam_collection,en
"Sorry, I'll call later  &lt;#&gt; mins",,ham,uci_sms_spam_collection,en
Dun need to use dial up juz open da browser n surf...,,ham,uci_sms_spam_collection,en
As one of our registered subscribers u can enter the draw 4 a 100 G.B. gift voucher by replying with ENTER. To unsubscribe text STOP,,spam,uci_sms_spam_collection,en
"Awesome, plan to get here any time after like  &lt;#&gt; , I'll text you details in a wee bit",,ham,uci_sms_spam_collection,en
Take care and sleep well.you need to learn to change in life.you only need to get CONVINCED on that.i will wait but no more conversations between us.GET CONVINCED by that time.Your family is over for you in many senses.respect them but not overemphasise.or u have no role in my life.,,ham,uci_sms_spam_collection,en
"For your chance to WIN a FREE Bluetooth Headset then simply reply back with \ADP\""""",,spam,uci_sms_spam_collection,en
You also didnt get na hi hi hi hi hi,,ham,uci_sms_spam_collection,en
Ya but it cant display internal subs so i gotta extract them,,ham,uci_sms_spam_collection,en
If i said anything wrong sorry de:-),,ham,uci_sms_spam_collection,en
How stupid to say that i challenge god.You dont think at all on what i write instead you respond immed.,,ham,uci_sms_spam_collection,en
"Yeah I should be able to, I'll text you when I'm ready to meet up",,ham,uci_sms_spam_collection,en
V skint too but fancied few bevies.waz gona go meet &othrs in spoon but jst bin watchng planet earth&sofa is v comfey; If i dont make it hav gd night,,ham,uci_sms_spam_collection,en
" says that he's quitting at least5times a day so i wudn't take much notice of that. Nah, she didn't mind. Are you gonna see him again? Do you want to come to taunton tonight? U can tell me all about !",,ham,uci_sms_spam_collection,en
"When you get free, call me",,ham,uci_sms_spam_collection,en
How have your little darlings been so far this week? Need a coffee run tomo?Can't believe it's that time of week already Û_,,ham,uci_sms_spam_collection,en
Still at west coast... Haiz... ÌÏ'll take forever to come back...,,ham,uci_sms_spam_collection,en
MMM ... Fuck .... Merry Christmas to me,,ham,uci_sms_spam_collection,en
alright. Thanks for the advice. Enjoy your night out. I'ma try to get some sleep...,,ham,uci_sms_spam_collection,en
Update your face book status frequently :),,ham,uci_sms_spam_collection,en
Just now saw your message.it k da:),,ham,uci_sms_spam_collection,en
Was it something u ate?,,ham,uci_sms_spam_collection,en
So what did the bank say about the money?,,ham,uci_sms_spam_collection,en
Aiyar dun disturb u liao... Thk u have lots 2 do aft ur cupboard come...,,ham,uci_sms_spam_collection,en
Hey they r not watching movie tonight so i'll prob b home early...,,ham,uci_sms_spam_collection,en
Yar lor... How u noe? U used dat route too?,,ham,uci_sms_spam_collection,en
2mro i am not coming to gym machan. Goodnight.,,ham,uci_sms_spam_collection,en
Dont think you need yellow card for uk travel. Ask someone that has gone before. If you do its just  &lt;#&gt; bucks,,ham,uci_sms_spam_collection,en
Can u look 4 me in da lib i got stuff havent finish yet.,,ham,uci_sms_spam_collection,en
Sounds great! Im going to sleep now. Have a good night!,,ham,uci_sms_spam_collection,en
Don't b floppy... b snappy & happy! Only gay chat service with photo upload call 08718730666 (10p/min). 2 stop our texts call 08712460324,,spam,uci_sms_spam_collection,en
How come u got nothing to do?,,ham,uci_sms_spam_collection,en
Nothing will ever be easy. But don't be looking for a reason not to take a risk on life and love,,ham,uci_sms_spam_collection,en
i want to grasp your pretty booty :),,ham,uci_sms_spam_collection,en
I've got it down to a tea. not sure which flavour,,ham,uci_sms_spam_collection,en
I'm going 2 orchard now laready me reaching soon. U reaching?,,ham,uci_sms_spam_collection,en
Dear i am not denying your words please,,ham,uci_sms_spam_collection,en
You know my old Dom I told you about yesterday ? His name is Roger? He got in touch with me last night and wants me to meet him today at 2 pm,,ham,uci_sms_spam_collection,en
COME BACK TO TAMPA FFFFUUUUUUU,,ham,uci_sms_spam_collection,en
"2 celebrate my båÕday, y else?",,ham,uci_sms_spam_collection,en
Merry christmas to u too annie!,,ham,uci_sms_spam_collection,en
Please tell me you have some of that special stock you were talking about,,ham,uci_sms_spam_collection,en
I sent them. Do you like?,,ham,uci_sms_spam_collection,en
"Awesome, be there in a minute",,ham,uci_sms_spam_collection,en
"And that is the problem. You walk around in \julianaland\"" oblivious to what is going on around you. I say the same things constantly and they go in one ear and out the other while you go off doing whatever you want to do. It's not that you don't know why I'm upset--it's that you don't listen when i tell you WHAT is going to upset me. Then you want to be surprised when I'm mad.""",,ham,uci_sms_spam_collection,en
I've told you everything will stop. Just dont let her get dehydrated.,,ham,uci_sms_spam_collection,en
Or I guess  &lt;#&gt;  min,,ham,uci_sms_spam_collection,en
I'm home. Ard wat time will u reach?,,ham,uci_sms_spam_collection,en
"If you want to mapquest it or something look up \usf dogwood drive\""",,ham,uci_sms_spam_collection,en
Aight should I just plan to come up later tonight?,,ham,uci_sms_spam_collection,en
Die... I accidentally deleted e msg i suppose 2 put in e sim archive. Haiz... I so sad...,,ham,uci_sms_spam_collection,en
"Welcome to UK-mobile-date this msg is FREE giving you free calling to 08719839835. Future mgs billed at 150p daily. To cancel send \go stop\"" to 89123""",,spam,uci_sms_spam_collection,en
This is wishing you a great day. Moji told me about your offer and as always i was speechless. You offer so easily to go to great lengths on my behalf and its stunning. My exam is next friday. After that i will keep in touch more. Sorry.,,ham,uci_sms_spam_collection,en
"Thanks again for your reply today. When is ur visa coming in. And r u still buying the gucci and bags. My sister things are not easy, uncle john also has his own bills so i really need to think about how to make my own money. Later sha.",,ham,uci_sms_spam_collection,en
"Sorry I flaked last night, shit's seriously goin down with my roommate, what you up to tonight?",,ham,uci_sms_spam_collection,en
He said i look pretty wif long hair wat. But i thk he's cutting quite short 4 me leh.,,ham,uci_sms_spam_collection,en
"\CHEERS FOR CALLIN BABE.SOZI CULDNT TALKBUT I WANNATELL U DETAILS LATER WENWECAN CHAT PROPERLY X\""""",,ham,uci_sms_spam_collection,en
Hey u still at the gym?,,ham,uci_sms_spam_collection,en
Much better now thanks lol,,ham,uci_sms_spam_collection,en
"Nothing, smsing u n xy lor. Sorry lor da guys neva c u in person but they sort of know u lor. So u wan 2 meet them xy ask me 2 bring u along 4 our next meeting.",,ham,uci_sms_spam_collection,en
"Lemme know when I can swing by and pick up, I'm free basically any time after 1 all this semester",,ham,uci_sms_spam_collection,en
Wa... U so efficient... Gee... Thanx...,,ham,uci_sms_spam_collection,en
3. You have received your mobile content. Enjoy,,spam,uci_sms_spam_collection,en
S but not able to sleep.,,ham,uci_sms_spam_collection,en
Want explicit SEX in 30 secs? Ring 02073162414 now! Costs 20p/min,,spam,uci_sms_spam_collection,en
We will meet soon princess! Ttyl!,,ham,uci_sms_spam_collection,en
I'll pick you up at about 5.15pm to go to taunton if you still want to come.,,ham,uci_sms_spam_collection,en
Oh :-)only 4 outside players allowed to play know,,ham,uci_sms_spam_collection,en
I anything lor.,,ham,uci_sms_spam_collection,en
Erutupalam thandiyachu,,ham,uci_sms_spam_collection,en
"Y cant u try new invention to fly..i'm not joking.,",,ham,uci_sms_spam_collection,en
No..its ful of song lyrics..,,ham,uci_sms_spam_collection,en
"What do u reckon as need 2 arrange transport if u can't do it, thanks",,ham,uci_sms_spam_collection,en
True lov n care wil nevr go unrecognized. though somone often makes mistakes when valuing it. but they will definitly undrstnd once when they start missing it.,,ham,uci_sms_spam_collection,en
Shopping? Eh ger i toking abt syd leh...Haha,,ham,uci_sms_spam_collection,en
What not under standing.,,ham,uci_sms_spam_collection,en
have * good weekend.,,ham,uci_sms_spam_collection,en
Miss call miss call khelate kintu opponenter miss call dhorte lage. Thats d rule. One with great phone receiving quality wins.,,ham,uci_sms_spam_collection,en
Call me when you get the chance plz &lt;3,,ham,uci_sms_spam_collection,en
The new deus ex game comin early next yr,,ham,uci_sms_spam_collection,en
My computer just fried the only essential part we don't keep spares of because my fucking idiot roommates looovvve leaving the thing running on full  &lt;#&gt; /7,,ham,uci_sms_spam_collection,en
"My friend, she's studying at warwick, we've planned to go shopping and to concert tmw, but it may be canceled, havn't seen  for ages, yeah we should get together sometime!",,ham,uci_sms_spam_collection,en
Probably a couple hours tops,,ham,uci_sms_spam_collection,en
"LOL .. *grins* .. I'm not babe, but thanks for thinking of me!",,ham,uci_sms_spam_collection,en
Man this bus is so so so slow. I think you're gonna get there before me,,ham,uci_sms_spam_collection,en
Hope this text meets you smiling. If not then let this text give you a reason to smile. Have a beautiful day.,,ham,uci_sms_spam_collection,en
"In case you wake up wondering where I am, I forgot I have to take care of something for grandma today, should be done before the parade",,ham,uci_sms_spam_collection,en
"Latest Nokia Mobile or iPOD MP3 Player +å£400 proze GUARANTEED! Reply with: WIN to 83355 now! Norcorp Ltd.å£1,50/Mtmsgrcvd18+",,spam,uci_sms_spam_collection,en
"SMS SERVICES. for your inclusive text credits, pls goto www.comuk.net login= 3qxj9 unsubscribe with STOP, no extra charge. help 08702840625.COMUK. 220-CM2 9AE",,spam,uci_sms_spam_collection,en
Nvm take ur time.,,ham,uci_sms_spam_collection,en
So wat's da decision?,,ham,uci_sms_spam_collection,en
Wot is u up 2 then bitch?,,ham,uci_sms_spam_collection,en
She told to hr that he want posting in chennai:)because i'm working here:),,ham,uci_sms_spam_collection,en
Mobile Club: Choose any of the top quality items for your mobile. 7cfca1a,,spam,uci_sms_spam_collection,en
When are you guys leaving?,,ham,uci_sms_spam_collection,en
He neva grumble but i sad lor... Hee... Buy tmr lor aft lunch. But we still meetin 4 lunch tmr a not. Neva hear fr them lei. ÌÏ got a lot of work ar?,,ham,uci_sms_spam_collection,en
Not able to do anything.,,ham,uci_sms_spam_collection,en
ÌÏ takin linear algebra today?,,ham,uci_sms_spam_collection,en
This weekend is fine (an excuse not to do too much decorating),,ham,uci_sms_spam_collection,en
"Sorry I missed you babe. I was up late and slept in. I hope you enjoy your driving lesson, boytoy. I miss you too ... *teasing kiss*",,ham,uci_sms_spam_collection,en
Now project pa. After that only i can come.,,ham,uci_sms_spam_collection,en
Money i have won wining number 946 wot do i do next,,spam,uci_sms_spam_collection,en
"Sure, whenever you show the fuck up &gt;:(",,ham,uci_sms_spam_collection,en
That was random saw my old roomate on campus. He graduated,,ham,uci_sms_spam_collection,en
"Men always needs a beautiful, intelligent, caring, loving, adjustable, cooperative wife. But the law allows only one wife....",,ham,uci_sms_spam_collection,en
That sucks. So what do you got planned for your yo valentine? I am your yo valentine aren't I?,,ham,uci_sms_spam_collection,en
"Just got part Nottingham - 3 hrs 63miles. Good thing i love my man so much, but only doing 40mph. Hey ho",,ham,uci_sms_spam_collection,en
What to think no one saying clearly. Ok leave no need to ask her. I will go if she come or not,,ham,uci_sms_spam_collection,en
Hi good mornin.. Thanku wish u d same..,,ham,uci_sms_spam_collection,en
DO U WANT 2 MEET UP 2MORRO,,ham,uci_sms_spam_collection,en
Actually I decided I was too hungry so I haven't left yet :V,,ham,uci_sms_spam_collection,en
I've sent Ì_ my part..,,ham,uci_sms_spam_collection,en
Cos i was out shopping wif darren jus now n i called him 2 ask wat present he wan lor. Then he started guessing who i was wif n he finally guessed darren lor.,,ham,uci_sms_spam_collection,en
"I want some cock! My hubby's away, I need a real man 2 satisfy me. Txt WIFE to 89938 for no strings action. (Txt STOP 2 end, txt rec å£1.50ea. OTBox 731 LA1 7WS. )",,spam,uci_sms_spam_collection,en
Understand. his loss is my gain :) so do you work? School?,,ham,uci_sms_spam_collection,en
HOW ARE U? I HAVE MISSED U! I HAVENT BEEN UP 2 MUCH A BIT BORED WITH THE HOLIDAY WANT 2 GO BAK 2 COLLEGE! SAD ISNT IT?xx,,ham,uci_sms_spam_collection,en
"Hiya, probably coming home * weekend after next",,ham,uci_sms_spam_collection,en
Don't forget though that I love you .... And I walk beside you. Watching over you and keeping your heart warm.,,ham,uci_sms_spam_collection,en
I wish things were different. I wonder when i will be able to show you how much i value you. Pls continue the brisk walks no drugs without askin me please and find things to laugh about. I love you dearly.,,ham,uci_sms_spam_collection,en
Ok both our days. So what are you making for dinner tonite? Am I invited?,,ham,uci_sms_spam_collection,en
Gr8 new service - live sex video chat on your mob - see the sexiest dirtiest girls live on ur phone - 4 details text horny to 89070 to cancel send STOP to 89070,,spam,uci_sms_spam_collection,en
I have no money 4 steve mate! !,,ham,uci_sms_spam_collection,en
IM LATE TELLMISS IM ON MY WAY,,ham,uci_sms_spam_collection,en
Normally i use to drink more water daily:),,ham,uci_sms_spam_collection,en
Dare i ask... Any luck with sorting out the car?,,ham,uci_sms_spam_collection,en
"Party's at my place at usf, no charge (but if you can contribute in any way it is greatly appreciated) and yeah, we got room for one more",,ham,uci_sms_spam_collection,en
"Urgh, coach hot, smells of chip fat! Thanks again, especially for the duvet (not a predictive text word).",,ham,uci_sms_spam_collection,en
Hiya. How was last night? I've been naughty and bought myself clothes and very little ... Ready for more shopping tho! What kind of time do you wanna meet?,,ham,uci_sms_spam_collection,en
FreeMsg Hi baby wow just got a new cam moby. Wanna C a hot pic? or Fancy a chat?Im w8in 4uTxt / rply CHAT to 82242 Hlp 08712317606 Msg150p 2rcv,,spam,uci_sms_spam_collection,en
I've been trying to reach him without success,,ham,uci_sms_spam_collection,en
when you and derek done with class?,,ham,uci_sms_spam_collection,en
Never y lei... I v lazy... Got wat? Dat day Ì_ send me da url cant work one...,,ham,uci_sms_spam_collection,en
Never try alone to take the weight of a tear that comes out of ur heart and falls through ur eyes... Always remember a STUPID FRIEND is here to share... BSLVYL,,ham,uci_sms_spam_collection,en
Hey mate. Spoke to the mag people. WeÛ÷re on.  the is deliver by the end of the month. Deliver on the 24th sept. Talk later. ,,ham,uci_sms_spam_collection,en
"Haha, my friend tyler literally just asked if you could get him a dubsack",,ham,uci_sms_spam_collection,en
"\Hey! do u fancy meetin me at 4 at cha åÐ hav a lil beverage on me. if not txt or ring me and we can meet up l8r. quite tired got in at 3 v.pist ;) love Pete x x x\""""",,ham,uci_sms_spam_collection,en
Great. Have a safe trip. Dont panic surrender all.,,ham,uci_sms_spam_collection,en
"\SYMPTOMS\"" when U are in love: \""1.U like listening songs 2.U get stopped where u see the name of your beloved 3.U won't get angry when your""",,ham,uci_sms_spam_collection,en
Sun ah... Thk mayb can if dun have anythin on... Thk have to book e lesson... E pilates is at orchard mrt u noe hor...  ,,ham,uci_sms_spam_collection,en
Try to do something dear. You read something for exams,,ham,uci_sms_spam_collection,en
Gettin rdy to ship comp,,ham,uci_sms_spam_collection,en
I am in hospital da. . I will return home in evening,,ham,uci_sms_spam_collection,en
PISS IS TALKING IS SOMEONE THAT REALISE U THAT POINT THIS AT IS IT.(NOW READ IT BACKWARDS),,ham,uci_sms_spam_collection,en
Think + da. You wil do.,,ham,uci_sms_spam_collection,en
I'm awake oh. What's up.,,ham,uci_sms_spam_collection,en
Good afternoon my boytoy. How goes that walking here and there day ? Did you get that police abstract? Are you still out and about? I wake and miss you babe,,ham,uci_sms_spam_collection,en
How much u trying to get?,,ham,uci_sms_spam_collection,en
"Come around  &lt;DECIMAL&gt; pm vikky..i'm otside nw, il come by tht time",,ham,uci_sms_spam_collection,en
Tell me again what your address is,,ham,uci_sms_spam_collection,en
Should i buy him a blackberry bold 2 or torch. Should i buy him new or used. Let me know. Plus are you saying i should buy the  &lt;#&gt; g wifi ipad. And what are you saying about the about the  &lt;#&gt; g?,,ham,uci_sms_spam_collection,en
But you were together so you should be thinkin about him,,ham,uci_sms_spam_collection,en
hiya hows it going in sunny africa? hope u r avin a good time. give that big old silver back a big kiss from me.,,ham,uci_sms_spam_collection,en
At WHAT TIME should i come tomorrow,,ham,uci_sms_spam_collection,en
Wanna have a laugh? Try CHIT-CHAT on your mobile now! Logon by txting the word: CHAT and send it to No: 8883 CM PO Box 4217 London W1A 6ZF 16+ 118p/msg rcvd,,spam,uci_sms_spam_collection,en
\CHA QUITEAMUZING THATåÕSCOOL BABE,,ham,uci_sms_spam_collection,en
Omg how did u know what I ate?,,ham,uci_sms_spam_collection,en
"\URGENT! This is the 2nd attempt to contact U!U have WON å£1000CALL 09071512432 b4 300603t&csBCM4235WC1N3XX.callcost150ppmmobilesvary. maxå£7. 50\""""",,spam,uci_sms_spam_collection,en
:( but your not here....,,ham,uci_sms_spam_collection,en
Not directly behind... Abt 4 rows behind Ì_...,,ham,uci_sms_spam_collection,en
Congratulations ur awarded 500 of CD vouchers or 125gift guaranteed & Free entry 2 100 wkly draw txt MUSIC to 87066,,spam,uci_sms_spam_collection,en
"Had your contract mobile 11 Mnths? Latest Motorola, Nokia etc. all FREE! Double Mins & Text on Orange tariffs. TEXT YES for callback, no to remove from records",,spam,uci_sms_spam_collection,en
"Urgent! call 09066350750 from your landline. Your complimentary 4* Ibiza Holiday or 10,000 cash await collection SAE T&Cs PO BOX 434 SK3 8WP 150 ppm 18+",,spam,uci_sms_spam_collection,en
No plans yet. What are you doing ?,,ham,uci_sms_spam_collection,en
Hi ....My engagement has been fixd on  &lt;#&gt; th of next month. I know its really shocking bt....hmm njan vilikkam....t ws al of a sudn;-(.,,ham,uci_sms_spam_collection,en
Not course. Only maths one day one chapter with in one month we can finish.,,ham,uci_sms_spam_collection,en
Wow didn't think it was that common. I take it all back ur not a freak! Unless u chop it off:-),,ham,uci_sms_spam_collection,en
Noooooooo please. Last thing I need is stress. For once in your life be fair.,,ham,uci_sms_spam_collection,en
U have a Secret Admirer who is looking 2 make contact with U-find out who they R*reveal who thinks UR so special-call on 09065171142-stopsms-08718727870150ppm,,spam,uci_sms_spam_collection,en
"I'll see if I can swing by in a bit, got some things to take care of here firsg",,ham,uci_sms_spam_collection,en
I wanted to wish you a Happy New Year and I wanted to talk to you about some legal advice to do with when Gary and I split but in person. I'll make a trip to Ptbo for that. I hope everything is good with you babe and I love ya :),,ham,uci_sms_spam_collection,en
Have you not finished work yet or something?,,ham,uci_sms_spam_collection,en
Right it wasnt you who phoned it was someone with a number like yours!,,ham,uci_sms_spam_collection,en
It's ok i wun b angry. Msg u aft i come home tonight.,,ham,uci_sms_spam_collection,en
I had a good time too. Its nice to do something a bit different with my weekends for a change. See ya soon,,ham,uci_sms_spam_collection,en
Yo sorry was in the shower sup,,ham,uci_sms_spam_collection,en
"Carlos is down but I have to pick it up from him, so I'll swing by usf in a little bit",,ham,uci_sms_spam_collection,en
Full heat pa:-) i have applyed oil pa.,,ham,uci_sms_spam_collection,en
I'm stuck in da middle of da row on da right hand side of da lt... ,,ham,uci_sms_spam_collection,en
Have you laid your airtel line to rest?,,ham,uci_sms_spam_collection,en
Hi did u decide wot 2 get 4 his bday if not ill prob jus get him a voucher frm virgin or sumfing ,,ham,uci_sms_spam_collection,en
FreeMsg: Txt: CALL to No: 86888 & claim your reward of 3 hours talk time to use from your phone now! Subscribe6GBP/mnth inc 3hrs 16 stop?txtStop,,spam,uci_sms_spam_collection,en
\Hey j! r u feeling any better,,ham,uci_sms_spam_collection,en
And I don't plan on staying the night but I prolly won't be back til late,,ham,uci_sms_spam_collection,en
THANX 4 PUTTIN DA FONE DOWN ON ME!!,,ham,uci_sms_spam_collection,en
"I need an 8th but I'm off campus atm, could I pick up in an hour or two?",,ham,uci_sms_spam_collection,en
"Oh... Haha... Den we shld had went today too... Gee, nvm la... Kaiez, i dun mind goin jazz oso... Scared hiphop open cant catch up... ",,ham,uci_sms_spam_collection,en
Been running but only managed 5 minutes and then needed oxygen! Might have to resort to the roller option!,,ham,uci_sms_spam_collection,en
We live in the next  &lt;#&gt; mins,,ham,uci_sms_spam_collection,en
Y de asking like this.,,ham,uci_sms_spam_collection,en
Just glad to be talking to you.,,ham,uci_sms_spam_collection,en
Wat time Ì_ finish?,,ham,uci_sms_spam_collection,en
Sorry da. I gone mad so many pending works what to do.,,ham,uci_sms_spam_collection,en
How much you got for cleaning,,ham,uci_sms_spam_collection,en
hows my favourite person today? r u workin hard? couldn't sleep again last nite nearly rang u at 4.30,,ham,uci_sms_spam_collection,en
Sunshine Quiz! Win a super Sony DVD recorder if you canname the capital of Australia? Text MQUIZ to 82277. B,,spam,uci_sms_spam_collection,en
ÌÏ called dad oredi...,,ham,uci_sms_spam_collection,en
Good. do you think you could send me some pix? I would love to see your top and bottom...,,ham,uci_sms_spam_collection,en
Nvm... I'm going to wear my sport shoes anyway... I'm going to be late leh.,,ham,uci_sms_spam_collection,en
"Sorry, I'll call later In meeting.",,ham,uci_sms_spam_collection,en
THIS IS A LONG FUCKIN SHOWR,,ham,uci_sms_spam_collection,en
"Received, understood n acted upon!",,ham,uci_sms_spam_collection,en
They finally came to fix the ceiling.,,ham,uci_sms_spam_collection,en
"U need my presnts always bcz U cant mis love. \jeevithathile irulinae neekunna prakasamanu sneham\"" prakasam ennal prabha 'That mns prabha is'LOVE' Got it. Dont mis me....""",,ham,uci_sms_spam_collection,en
Jus finish blowing my hair. U finish dinner already?,,ham,uci_sms_spam_collection,en
I'm on the bus. Love you,,ham,uci_sms_spam_collection,en
Lol ... I knew that .... I saw him in the dollar store,,ham,uci_sms_spam_collection,en
Todays Voda numbers ending with 7634 are selected to receive a å£350 reward. If you have a match please call 08712300220 quoting claim code 7684 standard rates apply.,,spam,uci_sms_spam_collection,en
Only saturday and sunday holiday so its very difficult:),,ham,uci_sms_spam_collection,en
Everybody had fun this evening. Miss you.,,ham,uci_sms_spam_collection,en
"Got hella gas money, want to go on a grand nature adventure with galileo in a little bit?",,ham,uci_sms_spam_collection,en
Oh wow thats gay. Will firmware update help,,ham,uci_sms_spam_collection,en
These won't do. Have to move on to morphine,,ham,uci_sms_spam_collection,en
How come i din c Ì_... Yup i cut my hair...,,ham,uci_sms_spam_collection,en
K k pa Had your lunch aha.,,ham,uci_sms_spam_collection,en
Captain vijaykanth is doing comedy in captain tv..he is drunken :),,ham,uci_sms_spam_collection,en
Of course. I guess god's just got me on hold right now.,,ham,uci_sms_spam_collection,en
Do you hide anythiing or keeping distance from me,,ham,uci_sms_spam_collection,en
Havent.,,ham,uci_sms_spam_collection,en
You are being ripped off! Get your mobile content from www.clubmoby.com call 08717509990 poly/true/Pix/Ringtones/Games six downloads for only 3,,spam,uci_sms_spam_collection,en
Sorry i din lock my keypad.,,ham,uci_sms_spam_collection,en
Are you planning to come chennai?,,ham,uci_sms_spam_collection,en
We tried to contact you re your reply to our offer of a Video Phone 750 anytime any network mins Half Price Line Rental Camcorder Reply or call 08000930705,,spam,uci_sms_spam_collection,en
God created gap btwn ur fingers so dat sum1 vry special will fill those gaps by holding ur hands.. Now plz dont ask y he created so much gap between legs !!!,,ham,uci_sms_spam_collection,en
We are okay. Going to sleep now. Later,,ham,uci_sms_spam_collection,en
"Finally it has happened..! Aftr decades..! BEER is now cheaper than PETROL! The goverment expects us to \DRINK\"". . . But don't \""DRIVE \""""",,ham,uci_sms_spam_collection,en
A å£400 XMAS REWARD IS WAITING FOR YOU! Our computer has randomly picked you from our loyal mobile customers to receive a å£400 reward. Just call 09066380611 ,,spam,uci_sms_spam_collection,en
Where r e meeting tmr?,,ham,uci_sms_spam_collection,en
Lol yes. But it will add some spice to your day.,,ham,uci_sms_spam_collection,en
Our Prasanth ettans mother passed away last night. Just pray for her and family.,,ham,uci_sms_spam_collection,en
"K, I'll work something out",,ham,uci_sms_spam_collection,en
PRIVATE! Your 2003 Account Statement for shows 800 un-redeemed S. I. M. points. Call 08718738002 Identifier Code: 48922 Expires 21/11/04,,spam,uci_sms_spam_collection,en
This message is from a great Doctor in India:-): 1) Do not drink APPY FIZZ. It contains Cancer causing age,,ham,uci_sms_spam_collection,en
You call him and tell now infront of them. Call him now.,,ham,uci_sms_spam_collection,en
Ok no prob...,,ham,uci_sms_spam_collection,en
Ladies first and genus second k .,,ham,uci_sms_spam_collection,en
No. Yes please. Been swimming?,,ham,uci_sms_spam_collection,en
Mum not going robinson already.,,ham,uci_sms_spam_collection,en
Ok set let u noe e details later...,,ham,uci_sms_spam_collection,en
Not..tel software name..,,ham,uci_sms_spam_collection,en
I send the print  outs da.,,ham,uci_sms_spam_collection,en
IM REALY SOZ IMAT MY MUMS 2NITE WHAT ABOUT 2MORO ,,ham,uci_sms_spam_collection,en
"When I was born, GOD said, \Oh No! Another IDIOT\"". When you were born",,ham,uci_sms_spam_collection,en
"I didnt get ur full msg..sometext is missing, send it again",,ham,uci_sms_spam_collection,en
"Probably not, I'm almost out of gas and I get some cash tomorrow",,ham,uci_sms_spam_collection,en
"Customer service announcement. We recently tried to make a delivery to you but were unable to do so, please call 07099833605 to re-schedule. Ref:9280114",,spam,uci_sms_spam_collection,en
I forgot 2 ask Ì_ all smth.. There's a card on da present lei... How? ÌÏ all want 2 write smth or sign on it?,,ham,uci_sms_spam_collection,en
I'm leaving my house now.,,ham,uci_sms_spam_collection,en
"Hi babe its Chloe, how r u? I was smashed on saturday night, it was great! How was your weekend? U been missing me? SP visionsms.com Text stop to stop 150p/text",,spam,uci_sms_spam_collection,en
ÌÏ ready then call me...,,ham,uci_sms_spam_collection,en
Wewa is 130. Iriver 255. All 128 mb.,,ham,uci_sms_spam_collection,en
It is a good thing I'm now getting the connection to bw,,ham,uci_sms_spam_collection,en
Sry da..jst nw only i came to home..,,ham,uci_sms_spam_collection,en
"That's cool he'll be here all night, lemme know when you're around",,ham,uci_sms_spam_collection,en
Are you staying in town ?,,ham,uci_sms_spam_collection,en
"Haha yeah, 2 oz is kind of a shitload",,ham,uci_sms_spam_collection,en
Ok u can take me shopping when u get paid =D,,ham,uci_sms_spam_collection,en
"Alright we'll bring it to you, see you in like  &lt;#&gt;  mins",,ham,uci_sms_spam_collection,en
But pls dont play in others life.,,ham,uci_sms_spam_collection,en
Eatin my lunch...,,ham,uci_sms_spam_collection,en
Hmmm.but you should give it on one day..,,ham,uci_sms_spam_collection,en
"Didn't try, g and I decided not to head out",,ham,uci_sms_spam_collection,en
Ok no prob,,ham,uci_sms_spam_collection,en
Surly ill give it to you:-) while coming to review.,,ham,uci_sms_spam_collection,en
"By march ending, i should be ready. But will call you for sure. The problem is that my capital never complete. How far with you. How's work and the ladies",,ham,uci_sms_spam_collection,en
Pls give her the food preferably pap very slowly with loads of sugar. You can take up to an hour to give it. And then some water. Very very slowly.,,ham,uci_sms_spam_collection,en
"URGENT! Your Mobile No 07808726822 was awarded a å£2,000 Bonus Caller Prize on 02/09/03! This is our 2nd attempt to contact YOU! Call 0871-872-9758 BOX95QU",,spam,uci_sms_spam_collection,en
A guy who gets used but is too dumb to realize it.,,ham,uci_sms_spam_collection,en
"Okey dokey, iÛ÷ll be over in a bit just sorting some stuff out.",,ham,uci_sms_spam_collection,en
Yes fine ,,ham,uci_sms_spam_collection,en
I liked the new mobile,,ham,uci_sms_spam_collection,en
Anytime...,,ham,uci_sms_spam_collection,en
Mmmmmmm *snuggles into you* ...*deep contented sigh* ... *whispers* ... I fucking love you so much I can barely stand it ...,,ham,uci_sms_spam_collection,en
Yar but they say got some error.,,ham,uci_sms_spam_collection,en
Hey anyway i have to :-),,ham,uci_sms_spam_collection,en
Wow so healthy. Old airport rd lor. Cant thk of anything else. But i'll b bathing my dog later.,,ham,uci_sms_spam_collection,en
Wif my family booking tour package.,,ham,uci_sms_spam_collection,en
"Did you say bold, then torch later. Or one torch and 2bold?",,ham,uci_sms_spam_collection,en
"Haha awesome, I might need to take you up on that, what you doin tonight?",,ham,uci_sms_spam_collection,en
Ya i knw u vl giv..its ok thanks kano..anyway enjoy wit ur family wit 1st salary..:-);-),,ham,uci_sms_spam_collection,en
Huh so slow i tot u reach long ago liao... U 2 more days only i 4 more leh...,,ham,uci_sms_spam_collection,en
Thats cool princess! I will cover your face in hot sticky cum :),,ham,uci_sms_spam_collection,en
Big brotherÛ÷s really scraped the barrel with this shower of social misfits,,ham,uci_sms_spam_collection,en
Oops i thk i dun haf enuff... I go check then tell Ì_..,,ham,uci_sms_spam_collection,en
S:)8 min to go for lunch:),,ham,uci_sms_spam_collection,en
"Hey. What happened? U switch off ur cell d whole day. This isnt good. Now if u do care, give me a call tomorrow.",,ham,uci_sms_spam_collection,en
"K will do, addie &amp; I are doing some art so I'll be here when you get home",,ham,uci_sms_spam_collection,en
"Aiyo... Her lesson so early... I'm still sleepin, haha... Okie, u go home liao den confirm w me lor...",,ham,uci_sms_spam_collection,en
Forgot to tell Ì_ smth.. Can Ì_ like number the sections so that it's clearer..,,ham,uci_sms_spam_collection,en
"Yup. Anything lor, if u dun wan it's ok...",,ham,uci_sms_spam_collection,en
"I'm home, my love ... If your still awake ... *loving kiss*",,ham,uci_sms_spam_collection,en
HELLO PEACH! MY CAKE TASTS LUSH!,,ham,uci_sms_spam_collection,en
"FREE GAME. Get Rayman Golf 4 FREE from the O2 Games Arcade. 1st get UR games settings. Reply POST, then save & activ8. Press 0 key for Arcade. Termsapply",,spam,uci_sms_spam_collection,en
"There'll be a minor shindig at my place later tonight, you interested?",,ham,uci_sms_spam_collection,en
Jason says it's cool if we pick some up from his place in like an hour,,ham,uci_sms_spam_collection,en
"Had your mobile 10 mths? Update to the latest Camera/Video phones for FREE. KEEP UR SAME NUMBER, Get extra free mins/texts. Text YES for a call",,spam,uci_sms_spam_collection,en
I (Career Tel) have added u as a contact on INDYAROCKS.COM to send FREE SMS. To remove from phonebook - sms NO to  &lt;#&gt;,,ham,uci_sms_spam_collection,en
I've reached already.,,ham,uci_sms_spam_collection,en
I dont know ask to my brother. Nothing problem some thing that. Just i told .,,ham,uci_sms_spam_collection,en
K:)eng rocking in ashes:),,ham,uci_sms_spam_collection,en
Wat time r Ì_ going to xin's hostel?,,ham,uci_sms_spam_collection,en
Good Morning my Dear Shijutta........... Have a great &amp; successful day.,,ham,uci_sms_spam_collection,en
Oh k:)after that placement there ah?,,ham,uci_sms_spam_collection,en
"Not for possession, especially not first offense",,ham,uci_sms_spam_collection,en
"Nt only for driving even for many reasons she is called BBD..thts it chikku, then hw abt dvg cold..heard tht vinobanagar violence hw is the condition..and hw ru ? Any problem?",,ham,uci_sms_spam_collection,en
I bought the test yesterday. Its something that lets you know the exact day u ovulate.when will get 2u in about 2 to 3wks. But pls pls dont fret. I know u r worried. Pls relax. Also is there anything in ur past history u need to tell me?,,ham,uci_sms_spam_collection,en
We have pizza if u want,,ham,uci_sms_spam_collection,en
"I keep seeing weird shit and bein all \woah\"" then realising it's actually reasonable and I'm all \""oh\""""",,ham,uci_sms_spam_collection,en
Many more happy returns of the day. I wish you happy birthday.,,ham,uci_sms_spam_collection,en
"\Thinking of u ;) x\""""",,ham,uci_sms_spam_collection,en
Orh i tot u say she now still dun believe.,,ham,uci_sms_spam_collection,en
"When you just put in the + sign, choose my number and the pin will show. Right?",,ham,uci_sms_spam_collection,en
The beauty of life is in next second.. which hides thousands of secrets. I wish every second will be wonderful in ur life...!! gud n8,,ham,uci_sms_spam_collection,en
Thanx u darlin!im cool thanx. A few bday drinks 2 nite. 2morrow off! Take care c u soon.xxx,,ham,uci_sms_spam_collection,en
"If you're still up, maybe leave the credit card so I can get gas when I get back like he told me to",,ham,uci_sms_spam_collection,en
Your weekly Cool-Mob tones are ready to download !This weeks new Tones include: 1) Crazy Frog-AXEL F>>> 2) Akon-Lonely>>> 3) Black Eyed-Dont P >>>More info in n,,spam,uci_sms_spam_collection,en
Well boy am I glad G wasted all night at applebees for nothing,,ham,uci_sms_spam_collection,en
Cashbin.co.uk (Get lots of cash this weekend!) www.cashbin.co.uk Dear Welcome to the weekend We have got our biggest and best EVER cash give away!! These..,,spam,uci_sms_spam_collection,en
Ok lor... Or u wan me go look 4 u?,,ham,uci_sms_spam_collection,en
U wan 2 haf lunch i'm in da canteen now.,,ham,uci_sms_spam_collection,en
Don't make life too stressfull.. Always find time to Laugh.. It may not add years to your Life! But surely adds more life to ur years!! Gud ni8..swt dreams..,,ham,uci_sms_spam_collection,en
"hey, looks like I was wrong and one of the kappa guys numbers is still on my phone, if you want I can text him and see if he's around",,ham,uci_sms_spam_collection,en
Thanks 4 your continued support Your question this week will enter u in2 our draw 4 å£100 cash. Name the NEW US President? txt ans to 80082,,spam,uci_sms_spam_collection,en
I'm home. Doc gave me pain meds says everything is fine.,,ham,uci_sms_spam_collection,en
It's Ì© only $140 ard...Ìä rest all ard $180 at least...Which is Ì© price 4 Ì© 2 bedrm ($900),,ham,uci_sms_spam_collection,en
Me too! Have a lovely night xxx,,ham,uci_sms_spam_collection,en
Prepare to be pleasured :),,ham,uci_sms_spam_collection,en
Hi.:)technical support.providing assistance to us customer through call and email:),,ham,uci_sms_spam_collection,en
if you text on your way to cup stop that should work. And that should be BUS,,ham,uci_sms_spam_collection,en
Whens your radio show?,,ham,uci_sms_spam_collection,en
Your unique user ID is 1172. For removal send STOP to 87239 customer services 08708034412,,spam,uci_sms_spam_collection,en
I'm not sure if its still available though,,ham,uci_sms_spam_collection,en
watever reLation u built up in dis world only thing which remains atlast iz lonlines with lotz n lot memories! feeling..,,ham,uci_sms_spam_collection,en
CHEERS LOU! YEAH WAS A GOODNITE SHAME U NEVA CAME! C YA GAILxx,,ham,uci_sms_spam_collection,en
Hi..i got the money da:),,ham,uci_sms_spam_collection,en
Ok then u tell me wat time u coming later lor.,,ham,uci_sms_spam_collection,en
U repeat e instructions again. Wat's e road name of ur house?,,ham,uci_sms_spam_collection,en
Quite lor. But dun tell him wait he get complacent...,,ham,uci_sms_spam_collection,en
Sorry completely forgot * will pop em round this week if your still here?,,ham,uci_sms_spam_collection,en
U R THE MOST BEAUTIFUL GIRL IVE EVER SEEN. U R MY BABY COME AND C ME IN THE COMMON ROOM,,ham,uci_sms_spam_collection,en
O we cant see if we can join denis and mina? Or does denis want alone time,,ham,uci_sms_spam_collection,en
Sen told that he is going to join his uncle finance in cbe,,ham,uci_sms_spam_collection,en
Yup... Hey then one day on fri we can ask miwa and jiayin take leave go karaoke ,,ham,uci_sms_spam_collection,en
"Call me, i am senthil from hsbc.",,ham,uci_sms_spam_collection,en
"Especially since i talk about boston all up in my personal statement, lol! I woulda changed that if i had realized it said nyc! It says boston now.",,ham,uci_sms_spam_collection,en
Indeed and by the way it was either or - not both !,,ham,uci_sms_spam_collection,en
"Urgent -call 09066649731from Landline. Your complimentary 4* Ibiza Holiday or å£10,000 cash await collection SAE T&Cs PO BOX 434 SK3 8WP 150ppm 18+",,spam,uci_sms_spam_collection,en
Holy living christ what is taking you so long,,ham,uci_sms_spam_collection,en
ÌÏ thk of wat to eat tonight.,,ham,uci_sms_spam_collection,en
"Thanx. Yup we coming back on sun. Finish dinner going back 2 hotel now. Time flies, we're tog 4 exactly a mth today. Hope we'll haf many more mths to come...",,ham,uci_sms_spam_collection,en
We're on the opposite side from where we dropped you off,,ham,uci_sms_spam_collection,en
Yup. Izzit still raining heavily cos i'm in e mrt i can't c outside.,,ham,uci_sms_spam_collection,en
Send me your resume:-),,ham,uci_sms_spam_collection,en
Gd luck 4 ur exams :-),,ham,uci_sms_spam_collection,en
Or u ask they all if next sat can a not. If all of them can make it then i'm ok lor.,,ham,uci_sms_spam_collection,en
Sorry that was my uncle. I.ll keep in touch,,ham,uci_sms_spam_collection,en
Saw Guys and Dolls last night with Patrick Swayze it was great,,ham,uci_sms_spam_collection,en
URGENT This is our 2nd attempt to contact U. Your å£900 prize from YESTERDAY is still awaiting collection. To claim CALL NOW 09061702893,,spam,uci_sms_spam_collection,en
Santa calling! Would your little ones like a call from Santa Xmas Eve? Call 09077818151 to book you time. Calls1.50ppm last 3mins 30s T&C www.santacalling.com,,spam,uci_sms_spam_collection,en
Just come home. I don't want u to be miserable,,ham,uci_sms_spam_collection,en
I dont know why she.s not getting your messages,,ham,uci_sms_spam_collection,en
"its cool but tyler had to take off so we're gonna buy for him and drop it off at his place later tonight. Our total order is a quarter, you got enough?",,ham,uci_sms_spam_collection,en
"The guy at the car shop who was flirting with me got my phone number from the paperwork and called and texted me. I'm nervous because of course now he may have my address. Should i call his boss and tell him, knowing this may get him fired?",,ham,uci_sms_spam_collection,en
How do you plan to manage that,,ham,uci_sms_spam_collection,en
"Er, hello, things didnÛ÷t quite go to plan ÛÒ is limping slowly home followed by aa and with exhaust hanging off",,ham,uci_sms_spam_collection,en
Sorry for the delay. Yes masters,,ham,uci_sms_spam_collection,en
Call me when u finish then i come n pick u.,,ham,uci_sms_spam_collection,en
PRIVATE! Your 2004 Account Statement for 078498****7 shows 786 unredeemed Bonus Points. To claim call 08719180219 Identifier Code: 45239 Expires 06.05.05,,spam,uci_sms_spam_collection,en
What's up my own oga. Left my phone at home and just saw ur messages. Hope you are good. Have a great weekend.,,ham,uci_sms_spam_collection,en
"Don't worry though, I understand how important it is that I be put in my place with a poorly thought out punishment in the face of the worst thing that has ever happened to me. Brb gonna go kill myself",,ham,uci_sms_spam_collection,en
"Honey, can you pls find out how much they sell Predicte in Nigeria. And how many times can it be used. Its very important to have a reply before monday",,ham,uci_sms_spam_collection,en
E admin building there? I might b slightly earlier... I'll call u when i'm reaching...,,ham,uci_sms_spam_collection,en
"fyi I'm at usf now, swing by the room whenever",,ham,uci_sms_spam_collection,en
i can call in  &lt;#&gt;  min if thats ok,,ham,uci_sms_spam_collection,en
ÌÏ no home work to do meh... ,,ham,uci_sms_spam_collection,en
Anything is valuable in only 2 situations: First- Before getting it... Second- After loosing it...,,ham,uci_sms_spam_collection,en
Me too. Mark is taking forever to pick up my prescription and the pain is coming back.,,ham,uci_sms_spam_collection,en
How's ur paper?,,ham,uci_sms_spam_collection,en
Got smaller capacity one? Quite ex...,,ham,uci_sms_spam_collection,en
Check Out Choose Your Babe Videos @ sms.shsex.netUN fgkslpoPW fgkslpo,,spam,uci_sms_spam_collection,en
Im good! I have been thinking about you...,,ham,uci_sms_spam_collection,en
u r a winner U ave been specially selected 2 receive å£1000 cash or a 4* holiday (flights inc) speak to a live operator 2 claim 0871277810710p/min (18 ),,spam,uci_sms_spam_collection,en
:-) :-),,ham,uci_sms_spam_collection,en
Not thought bout it... || Drink in tap & spile at seven. || Is that pub on gas st off broad st by canal. || Ok?,,ham,uci_sms_spam_collection,en
I am going to sleep. I am tired of travel.,,ham,uci_sms_spam_collection,en
"Haha, just what I was thinkin",,ham,uci_sms_spam_collection,en
Yup but it's not giving me problems now so mayb i'll jus leave it...,,ham,uci_sms_spam_collection,en
Lol no. Just trying to make your day a little more interesting,,ham,uci_sms_spam_collection,en
"How long before you get reply, just defer admission til next semester",,ham,uci_sms_spam_collection,en
"The word \Checkmate\"" in chess comes from the Persian phrase \""Shah Maat\"" which means; \""the king is dead..\"" Goodmorning.. Have a good day..:)""",,ham,uci_sms_spam_collection,en
Po de :-):):-):-):-). No need job aha.,,ham,uci_sms_spam_collection,en
Rats. Hey did u ever vote for the next themes?,,ham,uci_sms_spam_collection,en
"New Mobiles from 2004, MUST GO! Txt: NOKIA to No: 89545 & collect yours today! From ONLY å£1. www.4-tc.biz 2optout 087187262701.50gbp/mtmsg18 TXTAUCTION.",,spam,uci_sms_spam_collection,en
I hope your pee burns tonite.,,ham,uci_sms_spam_collection,en
"OH RITE. WELL IM WITH MY BEST MATE PETE, WHO I WENT OUT WITH 4 A WEEK+ NOW WERE 2GEVA AGAIN. ITS BEEN LONGER THAN A WEEK.",,ham,uci_sms_spam_collection,en
Yay can't wait to party together!,,ham,uci_sms_spam_collection,en
....photoshop makes my computer shut down.,,ham,uci_sms_spam_collection,en
All boys made fun of me today. Ok i have no problem. I just sent one message just for fun,,ham,uci_sms_spam_collection,en
That's one of the issues but california is okay. No snow so its manageable,,ham,uci_sms_spam_collection,en
PRIVATE! Your 2003 Account Statement for shows 800 un-redeemed S. I. M. points. Call 08715203652 Identifier Code: 42810 Expires 29/10/0,,spam,uci_sms_spam_collection,en
"Hmmm.... Mayb can try e shoppin area one, but forgot e name of hotel...",,ham,uci_sms_spam_collection,en
"Awesome, that gonna be soon or later tonight?",,ham,uci_sms_spam_collection,en
I need details about that online job.,,ham,uci_sms_spam_collection,en
YOU HAVE WON! As a valued Vodafone customer our computer has picked YOU to win a å£150 prize. To collect is easy. Just call 09061743386 ,,spam,uci_sms_spam_collection,en
Missing you too.pray inshah allah,,ham,uci_sms_spam_collection,en
Pls help me tell Ashley that i cant find her number oh,,ham,uci_sms_spam_collection,en
S.this will increase the chance of winning.,,ham,uci_sms_spam_collection,en
either way works for me. I am  &lt;#&gt;  years old. Hope that doesnt bother you.,,ham,uci_sms_spam_collection,en
Maybe you should find something else to do instead???,,ham,uci_sms_spam_collection,en
Gain the rights of a wife.dont demand it.i am trying as husband too.Lets see,,ham,uci_sms_spam_collection,en
I liked your new house,,ham,uci_sms_spam_collection,en
I'm fine. Hope you are also,,ham,uci_sms_spam_collection,en
"Also north carolina and texas atm, you would just go to the gre site and pay for the test results to be sent.",,ham,uci_sms_spam_collection,en
Same to u...,,ham,uci_sms_spam_collection,en
yes baby! I need to stretch open your pussy!,,ham,uci_sms_spam_collection,en
Thanks  and ! Or bomb and date as my phone wanted to say! ,,ham,uci_sms_spam_collection,en
"Hey, a guy I know is breathing down my neck to get him some bud, anyway you'd be able to get a half track to usf tonight?",,ham,uci_sms_spam_collection,en
"\Response\"" is one of d powerful weapon 2 occupy a place in others 'HEART'... So",,ham,uci_sms_spam_collection,en
Nokia phone is lovly..,,ham,uci_sms_spam_collection,en
**FREE MESSAGE**Thanks for using the Auction Subscription Service. 18 . 150p/MSGRCVD 2 Skip an Auction txt OUT. 2 Unsubscribe txt STOP CustomerCare 08718726270,,spam,uci_sms_spam_collection,en
Sorry da..today i wont come to play..i have driving clas..,,ham,uci_sms_spam_collection,en
I'm really sorry I lit your hair on fire,,ham,uci_sms_spam_collection,en
"Oh! Shit, I thought that was your trip! Loooooool ... That just makes SO much more sense now ... *grins* and the sofa reference was ... The \sleep on a couch\"" link you sent me ... Wasn't that how you went on your trip ? Oh ... And didn't your babe go with you for that celebration with your rents?""",,ham,uci_sms_spam_collection,en
Okey dokey swashbuckling stuff what oh.,,ham,uci_sms_spam_collection,en
1. Tension face 2. Smiling face 3. Waste face 4. Innocent face 5.Terror face 6.Cruel face 7.Romantic face 8.Lovable face 9.decent face  &lt;#&gt; .joker face.,,ham,uci_sms_spam_collection,en
Dip's cell dead. So i m coming with him. U better respond else we shall come back.,,ham,uci_sms_spam_collection,en
Well. You know what i mean. Texting,,ham,uci_sms_spam_collection,en
Hi dis is yijue i would be happy to work wif Ì_ all for gek1510...,,ham,uci_sms_spam_collection,en
Lol! Oops sorry! Have fun. ,,ham,uci_sms_spam_collection,en
Wat happened to the cruise thing,,ham,uci_sms_spam_collection,en
"I know dat feelin had it with Pete! Wuld get with em , nuther place nuther time mayb?",,ham,uci_sms_spam_collection,en
lyricalladie(21/F) is inviting you to be her friend. Reply YES-910 or NO-910. See her: www.SMS.ac/u/hmmross STOP? Send STOP FRND to 62468,,spam,uci_sms_spam_collection,en
The world's most happiest frnds never have the same characters... Dey just have the best understanding of their differences...,,ham,uci_sms_spam_collection,en
Yeah just open chat and click friend lists. Then make the list. Easy as pie,,ham,uci_sms_spam_collection,en
alright tyler's got a minor crisis and has to be home sooner than he thought so be here asap,,ham,uci_sms_spam_collection,en
When/where do I pick you up,,ham,uci_sms_spam_collection,en
As usual u can call me ard 10 smth.,,ham,uci_sms_spam_collection,en
For many things its an antibiotic and it can be used for chest abdomen and gynae infections even bone infections.,,ham,uci_sms_spam_collection,en
Poor girl can't go one day lmao,,ham,uci_sms_spam_collection,en
Or just do that 6times,,ham,uci_sms_spam_collection,en
You have to pls make a note of all she.s exposed to. Also find out from her school if anyone else was vomiting. Is there a dog or cat in the house? Let me know later.,,ham,uci_sms_spam_collection,en
Sounds like there could be a lot of time spent in that chastity device boy ... *grins* ... Or take your beatings like a good dog. Going to lounge in a nice long bath now ?,,ham,uci_sms_spam_collection,en
Its worse if if uses half way then stops. Its better for him to complete it.,,ham,uci_sms_spam_collection,en
Miserable. They don't tell u that the side effects of birth control are massive gut wrenching cramps for the first 2 months. I didn't sleep at all last night.,,ham,uci_sms_spam_collection,en
Send me the new number,,ham,uci_sms_spam_collection,en
Want the latest Video handset? 750 anytime any network mins? Half price line rental? Reply or call 08000930705 for delivery tomorrow,,spam,uci_sms_spam_collection,en
2 and half years i missed your friendship:-),,ham,uci_sms_spam_collection,en
Oh for fuck's sake she's in like tallahassee,,ham,uci_sms_spam_collection,en
"Haha, that was the first person I was gonna ask",,ham,uci_sms_spam_collection,en
"ou are guaranteed the latest Nokia Phone, a 40GB iPod MP3 player or a å£500 prize! Txt word: COLLECT to No: 83355! IBHltd LdnW15H 150p/Mtmsgrcvd18",,spam,uci_sms_spam_collection,en
Taka lor. Wat time u wan 2 come n look 4 us?,,ham,uci_sms_spam_collection,en
* FREE* POLYPHONIC RINGTONE Text SUPER to 87131 to get your FREE POLY TONE of the week now! 16 SN PoBox202 NR31 7ZS subscription 450pw,,spam,uci_sms_spam_collection,en
"\I;m reaching in another 2 stops.\""""",,ham,uci_sms_spam_collection,en
"no, i *didn't* mean to post it. I wrote it, and like so many other times i've ritten stuff to you, i let it sit there. it WAS what i was feeling at the time. I was angry. Before i left, i hit send, then stop. It wasn't there. I checked on my phone when i got to my car. It wasn't there. You said you didn't sleep, you were bored. So why wouldn't THAT be the time to clean, fold laundry, etc.? At least make the bed?",,ham,uci_sms_spam_collection,en
Warner Village 83118 C Colin Farrell in SWAT this wkend @Warner Village & get 1 free med. Popcorn!Just show msg+ticket@kiosk.Valid 4-7/12. C t&c @kiosk. Reply SONY 4 mre film offers,,spam,uci_sms_spam_collection,en
Will you come online today night,,ham,uci_sms_spam_collection,en
Then anything special?,,ham,uci_sms_spam_collection,en
"I'm in solihull, | do you want anything?",,ham,uci_sms_spam_collection,en
Will do. Have a good day,,ham,uci_sms_spam_collection,en
WE REGRET TO INFORM U THAT THE NHS HAS MADE A MISTAKE.U WERE NEVER ACTUALLY BORN.PLEASE REPORT 2 YOR LOCAL HOSPITAL 2B TERMINATED.WE R SORRY 4 THE INCONVENIENCE,,ham,uci_sms_spam_collection,en
Love that holiday Monday feeling even if I have to go to the dentists in an hour,,ham,uci_sms_spam_collection,en
I am on the way to tirupur.,,ham,uci_sms_spam_collection,en
"Goal! Arsenal 4 (Henry, 7 v Liverpool 2 Henry scores with a simple shot from 6 yards from a pass by Bergkamp to give Arsenal a 2 goal margin after 78 mins.",,spam,uci_sms_spam_collection,en
You've already got a flaky parent. It'snot supposed to be the child's job to support the parent...not until they're The Ride age anyway. I'm supposed to be there to support you. And now i've hurt you. unintentional. But hurt nonetheless.,,ham,uci_sms_spam_collection,en
We took hooch for a walk toaday and i fell over! Splat! Grazed my knees and everything! Should have stayed at home! See you tomorrow! ,,ham,uci_sms_spam_collection,en
"Just dropped em off, omw back now",,ham,uci_sms_spam_collection,en
Sitting in mu waiting for everyone to get out of my suite so I can take a shower,,ham,uci_sms_spam_collection,en
Re your call; You didn't see my facebook huh?,,ham,uci_sms_spam_collection,en
"G says you never answer your texts, confirm/deny",,ham,uci_sms_spam_collection,en
"Its so common hearin How r u? Wat r u doing? How was ur day? So let me ask u something different. Did u smile today? If not, do it now.... Gud evng.",,ham,uci_sms_spam_collection,en
Oh yah... We never cancel leh... Haha ,,ham,uci_sms_spam_collection,en
We can go 4 e normal pilates after our intro...  ,,ham,uci_sms_spam_collection,en
Ok... Let u noe when i leave my house.,,ham,uci_sms_spam_collection,en
"Oh yes, why is it like torture watching england?",,ham,uci_sms_spam_collection,en
Wanna do some art?! :D,,ham,uci_sms_spam_collection,en
Just hopeing that wasnÛ÷t too pissed up to remember and has gone off to his sisters or something!,,ham,uci_sms_spam_collection,en
"Hi, the SEXYCHAT girls are waiting for you to text them. Text now for a great night chatting. send STOP to stop this service",,spam,uci_sms_spam_collection,en
"Good morning, my boytoy! How's those yummy lips ? Where's my sexy buns now ? What do you do ? Do you think of me ? Do you crave me ? Do you need me ?",,ham,uci_sms_spam_collection,en
Match started.india  &lt;#&gt;  for 2,,ham,uci_sms_spam_collection,en
Once free call me sir.,,ham,uci_sms_spam_collection,en
Hey do you want anything to buy:),,ham,uci_sms_spam_collection,en
"Hey babe, how's it going ? Did you ever figure out where your going for New Years ?",,ham,uci_sms_spam_collection,en
K..k.:)congratulation ..,,ham,uci_sms_spam_collection,en
G wants to know where the fuck you are,,ham,uci_sms_spam_collection,en
No it was cancelled yeah baby! Well that sounds important so i understand my darlin give me a ring later on this fone love Kate x,,ham,uci_sms_spam_collection,en
Tomarrow i want to got to court. At  &lt;DECIMAL&gt; . So you come to bus stand at 9.,,ham,uci_sms_spam_collection,en
ÌÏ go home liao? Ask dad to pick me up at 6...,,ham,uci_sms_spam_collection,en
Omg you can make a wedding chapel in frontierville? Why do they get all the good stuff?,,ham,uci_sms_spam_collection,en
"I'm eatin now lor, but goin back to work soon... E mountain deer show huh... I watch b4 liao, very nice...",,ham,uci_sms_spam_collection,en
Check mail.i have mailed varma and kept copy to you regarding membership.take care.insha allah.,,ham,uci_sms_spam_collection,en
Wrong phone! This phone! I answer this one but assume the other is people i don't well,,ham,uci_sms_spam_collection,en
"Anyway I don't think I can secure anything up here, lemme know if you want me to drive down south and chill",,ham,uci_sms_spam_collection,en
I'm already back home so no probably not,,ham,uci_sms_spam_collection,en
"Hi this is Amy, we will be sending you a free phone number in a couple of days, which will give you an access to all the adult parties...",,spam,uci_sms_spam_collection,en
I am in bus on the way to calicut,,ham,uci_sms_spam_collection,en
Hi its me you are probably having too much fun to get this message but i thought id txt u cos im bored! and james has been farting at me all night,,ham,uci_sms_spam_collection,en
hi baby im sat on the bloody bus at the mo and i wont be home until about 7:30 wanna do somethin later? call me later ortxt back jess xx,,ham,uci_sms_spam_collection,en
"Welcome to Select, an O2 service with added benefits. You can now call our specially trained advisors FREE from your mobile by dialling 402.",,spam,uci_sms_spam_collection,en
I lost 4 pounds since my doc visit last week woot woot! Now I'm gonna celebrate by stuffing my face!,,ham,uci_sms_spam_collection,en
U coming back 4 dinner rite? Dad ask me so i re confirm wif u...,,ham,uci_sms_spam_collection,en
Doing my masters. When will you buy a bb cos i have for sale and how's bf,,ham,uci_sms_spam_collection,en
"Ahhhh...just woken up!had a bad dream about u tho,so i dont like u right now :) i didnt know anything about comedy night but i guess im up for it.",,ham,uci_sms_spam_collection,en
I'm vivek:)i got call from your number.,,ham,uci_sms_spam_collection,en
Why didn't u call on your lunch?,,ham,uci_sms_spam_collection,en
"What i mean was i left too early to check, cos i'm working a 9-6.",,ham,uci_sms_spam_collection,en
I want  &lt;#&gt;  rs da:)do you have it?,,ham,uci_sms_spam_collection,en
I want to see your pretty pussy...,,ham,uci_sms_spam_collection,en
Dear Voucher holder Have your next meal on us. Use the following link on your pc 2 enjoy a 2 4 1 dining experiencehttp://www.vouch4me.com/etlp/dining.asp,,spam,uci_sms_spam_collection,en
"A few people are at the game, I'm at the mall with iouri and kaila",,ham,uci_sms_spam_collection,en
URGENT! We are trying to contact U. Todays draw shows that you have won a å£2000 prize GUARANTEED. Call 09058094507 from land line. Claim 3030. Valid 12hrs only,,spam,uci_sms_spam_collection,en
You can donate å£2.50 to UNICEF's Asian Tsunami disaster support fund by texting DONATE to 864233. å£2.50 will be added to your next bill,,spam,uci_sms_spam_collection,en
Future is not what we planned for tomorrow.....! it is the result of what we do today...! Do the best in present... enjoy the future.,,ham,uci_sms_spam_collection,en
I will cme i want to go to hos 2morow. After that i wil cme. This what i got from her dear what to do. She didnt say any time,,ham,uci_sms_spam_collection,en
We are supposed to meet to discuss abt our trip... Thought xuhui told you? In the afternoon. Thought we can go for lesson after that,,ham,uci_sms_spam_collection,en
Hey come online! Use msn... We are all there,,ham,uci_sms_spam_collection,en
I'm fine. Hope you are good. Do take care.,,ham,uci_sms_spam_collection,en
Oops I was in the shower when u called. Hey a parking garage collapsed at university hospital. See I'm not crazy. Stuff like that DOES happen.,,ham,uci_sms_spam_collection,en
Aiyo u so poor thing... Then u dun wan 2 eat? U bathe already?,,ham,uci_sms_spam_collection,en
Yar... I tot u knew dis would happen long ago already.,,ham,uci_sms_spam_collection,en
You are gorgeous! keep those pix cumming :) thank you!,,ham,uci_sms_spam_collection,en
JADE ITS PAUL. Y DIDNåÕT U TXT ME? DO U REMEMBER ME FROM BARMED? I WANT 2 TALK 2 U! TXT ME,,ham,uci_sms_spam_collection,en
Spending new years with my brother and his family. Lets plan to meet next week. Are you ready to be spoiled? :),,ham,uci_sms_spam_collection,en
So what u doing today?,,ham,uci_sms_spam_collection,en
I said its okay. Sorry,,ham,uci_sms_spam_collection,en
Slept? I thinkThis time ( &lt;#&gt;  pm) is not dangerous,,ham,uci_sms_spam_collection,en
Networking job is there.,,ham,uci_sms_spam_collection,en
goldviking (29/M) is inviting you to be his friend. Reply YES-762 or NO-762 See him: www.SMS.ac/u/goldviking STOP? Send STOP FRND to 62468,,spam,uci_sms_spam_collection,en
Dont let studying stress you out. L8r.,,ham,uci_sms_spam_collection,en
That's y u haf 2 keep me busy...,,ham,uci_sms_spam_collection,en
No rushing. I'm not working. I'm in school so if we rush we go hungry.,,ham,uci_sms_spam_collection,en
Which channel:-):-):):-).,,ham,uci_sms_spam_collection,en
So your telling me I coulda been your real Valentine and I wasn't? U never pick me for NOTHING!!,,ham,uci_sms_spam_collection,en
Phony å£350 award - Todays Voda numbers ending XXXX are selected to receive a å£350 award. If you have a match please call 08712300220 quoting claim code 3100 standard rates app,,spam,uci_sms_spam_collection,en
"We made it! Eta at taunton is 12:30 as planned, hope thatÛ÷s still okday?! Good to see you! :-xx",,ham,uci_sms_spam_collection,en
I'm hungry buy smth home...,,ham,uci_sms_spam_collection,en
\HEY KATE,,ham,uci_sms_spam_collection,en
My drive can only be read. I need to write,,ham,uci_sms_spam_collection,en
"Just looked it up and addie goes back Monday, sucks to be her",,ham,uci_sms_spam_collection,en
Happy new year. Hope you are having a good semester,,ham,uci_sms_spam_collection,en
Esplanade lor. Where else...,,ham,uci_sms_spam_collection,en
Can you talk with me..,,ham,uci_sms_spam_collection,en
"Hmph. Go head, big baller.",,ham,uci_sms_spam_collection,en
Well its not like you actually called someone a punto. That woulda been worse.,,ham,uci_sms_spam_collection,en
"Nope. Since ayo travelled, he has forgotten his guy",,ham,uci_sms_spam_collection,en
You still around? Looking to pick up later,,ham,uci_sms_spam_collection,en
CDs 4u: Congratulations ur awarded å£500 of CD gift vouchers or å£125 gift guaranteed & Freeentry 2 å£100 wkly draw xt MUSIC to 87066 TnCs www.ldew.com1win150ppmx3age16 ,,spam,uci_sms_spam_collection,en
There's someone here that has a year  &lt;#&gt;  toyota camry like mr olayiwola's own. Mileage is  &lt;#&gt; k.its clean but i need to know how much will it sell for. If i can raise the dough for it how soon after landing will it sell. Holla back.,,ham,uci_sms_spam_collection,en
Guess which pub im in? Im as happy as a pig in clover or whatever the saying is! ,,ham,uci_sms_spam_collection,en
ILL B DOWN SOON,,ham,uci_sms_spam_collection,en
Oh k. . I will come tomorrow,,ham,uci_sms_spam_collection,en
Go fool dont cheat others ok,,ham,uci_sms_spam_collection,en
"My mobile number.pls sms ur mail id.convey regards to achan,amma.Rakhesh.Qatar",,ham,uci_sms_spam_collection,en
"By the way, 'rencontre' is to meet again. Mountains dont....",,ham,uci_sms_spam_collection,en
You have WON a guaranteed å£1000 cash or a å£2000 prize. To claim yr prize call our customer service representative on 08714712412 between 10am-7pm Cost 10p,,spam,uci_sms_spam_collection,en
U attend ur driving lesson how many times a wk n which day?,,ham,uci_sms_spam_collection,en
"Uncle G, just checking up on you. Do have a rewarding month",,ham,uci_sms_spam_collection,en
Hello boytoy ! Geeee ... I'm missing you today. I like to send you a tm and remind you I'm thinking of you ... And you are loved ... *loving kiss*,,ham,uci_sms_spam_collection,en
I think the other two still need to get cash but we can def be ready by 9,,ham,uci_sms_spam_collection,en
Hey gals...U all wanna meet 4 dinner at nÌÂte? ,,ham,uci_sms_spam_collection,en
Dear 0776xxxxxxx U've been invited to XCHAT. This is our final attempt to contact u! Txt CHAT to 86688 150p/MsgrcvdHG/Suite342/2Lands/Row/W1J6HL LDN 18yrs,,spam,uci_sms_spam_collection,en
Babe ! What are you doing ? Where are you ? Who are you talking to ? Do you think of me ? Are you being a good boy? Are you missing me? Do you love me ?,,ham,uci_sms_spam_collection,en
Great! How is the office today?,,ham,uci_sms_spam_collection,en
"It's cool, we can last a little while. Getting more any time soon?",,ham,uci_sms_spam_collection,en
:-( sad puppy noise,,ham,uci_sms_spam_collection,en
Yes its possible but dint try. Pls dont tell to any one k,,ham,uci_sms_spam_collection,en
Anyway holla at me whenever you're around because I need an excuse to go creep on people in sarasota,,ham,uci_sms_spam_collection,en
Where you. What happen,,ham,uci_sms_spam_collection,en
I was gonna ask you lol but i think its at 7,,ham,uci_sms_spam_collection,en
Ur cash-balance is currently 500 pounds - to maximize ur cash-in now send GO to 86688 only 150p/meg. CC: 08718720201 HG/Suite342/2lands Row/W1j6HL,,spam,uci_sms_spam_collection,en
PRIVATE! Your 2003 Account Statement for shows 800 un-redeemed S.I.M. points. Call 08715203685 Identifier Code:4xx26 Expires 13/10/04,,spam,uci_sms_spam_collection,en
Go chase after her and run her over while she's crossing the street,,ham,uci_sms_spam_collection,en
I'd like to tell you my deepest darkest fantasies. Call me 09094646631 just 60p/min. To stop texts call 08712460324 (nat rate),,spam,uci_sms_spam_collection,en
Hey... Very inconvenient for your sis a not huh?,,ham,uci_sms_spam_collection,en
Ok i vl..do u know i got adsense approved..,,ham,uci_sms_spam_collection,en
"* Was really good to see you the other day dudette, been missing you!",,ham,uci_sms_spam_collection,en
I want to go to perumbavoor,,ham,uci_sms_spam_collection,en
How many times i told in the stage all use to laugh. You not listen aha.,,ham,uci_sms_spam_collection,en
(You didn't hear it from me),,ham,uci_sms_spam_collection,en
Thanks for being there for me just to talk to on saturday. You are very dear to me. I cherish having you as a brother and role model.,,ham,uci_sms_spam_collection,en
Pls clarify back if an open return ticket that i have can be preponed for me to go back to kerala.,,ham,uci_sms_spam_collection,en
Natalie (20/F) is inviting you to be her friend. Reply YES-165 or NO-165 See her: www.SMS.ac/u/natalie2k9 STOP? Send STOP FRND to 62468,,spam,uci_sms_spam_collection,en
She ran off with a younger man. we will make pretty babies together :),,ham,uci_sms_spam_collection,en
Jamster! To get your free wallpaper text HEART to 88888 now! T&C apply. 16 only. Need Help? Call 08701213186.,,spam,uci_sms_spam_collection,en
O ic lol. Should play 9 doors sometime yo,,ham,uci_sms_spam_collection,en
"Dunno, my dad said he coming home 2 bring us out 4 lunch. Yup i go w u lor. I call u when i reach school lor...",,ham,uci_sms_spam_collection,en
Desires- u going to doctor 4 liver. And get a bit stylish. Get ur hair managed. Thats it.,,ham,uci_sms_spam_collection,en
Hmmm.still we dont have opener?,,ham,uci_sms_spam_collection,en
Yeah so basically any time next week you can get away from your mom &amp; get up before 3,,ham,uci_sms_spam_collection,en
I will vote for wherever my heart guides me,,ham,uci_sms_spam_collection,en
With my sis lor... We juz watched italian job.,,ham,uci_sms_spam_collection,en
"Tick, tick, tick .... Where are you ? I could die of loneliness you know ! *pouts* *stomps feet* I need you ...",,ham,uci_sms_spam_collection,en
Lmao you know me so well...,,ham,uci_sms_spam_collection,en
Am on a train back from northampton so i'm afraid not! I'm staying skyving off today ho ho! Will be around wednesday though. Do you fancy the comedy club this week by the way?,,ham,uci_sms_spam_collection,en
Goodnight da thangam I really miss u dear.,,ham,uci_sms_spam_collection,en
Hey next sun 1030 there's a basic yoga course... at bugis... We can go for that... Pilates intro next sat.... Tell me what time you r free,,ham,uci_sms_spam_collection,en
"Geeeee ... Your internet is really bad today, eh ?",,ham,uci_sms_spam_collection,en
Free video camera phones with Half Price line rental for 12 mths and 500 cross ntwk mins 100 txts. Call MobileUpd8 08001950382 or Call2OptOut/674,,spam,uci_sms_spam_collection,en
I think i am disturbing her da,,ham,uci_sms_spam_collection,en
"Sorry, I'll call you  later. I am in meeting sir.",,ham,uci_sms_spam_collection,en
Havent stuck at orchard in my dad's car. Going 4 dinner now. U leh? So r they free tonight?,,ham,uci_sms_spam_collection,en
Ok i also wan 2 watch e 9 pm show...,,ham,uci_sms_spam_collection,en
I dunno lei... Like dun haf...,,ham,uci_sms_spam_collection,en
But your brother transfered only  &lt;#&gt;  +  &lt;#&gt; . Pa.,,ham,uci_sms_spam_collection,en
I calls you later. Afternoon onwords mtnl service get problem in south mumbai. I can hear you but you cann't listen me.,,ham,uci_sms_spam_collection,en
83039 62735=å£450 UK Break AccommodationVouchers terms & conditions apply. 2 claim you mustprovide your claim number which is 15541 ,,spam,uci_sms_spam_collection,en
Talk to g and x about that,,ham,uci_sms_spam_collection,en
Hai dear friends... This is my new &amp; present number..:) By Rajitha Raj (Ranju),,ham,uci_sms_spam_collection,en
5p 4 alfie Moon's Children in need song on ur mob. Tell ur m8s. Txt Tone charity to 8007 for Nokias or Poly charity for polys: zed 08701417012 profit 2 charity.,,spam,uci_sms_spam_collection,en
As in different styles?,,ham,uci_sms_spam_collection,en
WIN a å£200 Shopping spree every WEEK Starting NOW. 2 play text STORE to 88039. SkilGme. TsCs08714740323 1Winawk! age16 å£1.50perweeksub.,,spam,uci_sms_spam_collection,en
Gud ni8 dear..slp well..take care..swt dreams..Muah..,,ham,uci_sms_spam_collection,en
"This is the 2nd attempt to contract U, you have won this weeks top prize of either å£1000 cash or å£200 prize. Just call 09066361921",,spam,uci_sms_spam_collection,en
"Well, i'm glad you didn't find it totally disagreeable ... Lol",,ham,uci_sms_spam_collection,en
"Guy, no flash me now. If you go call me, call me. How madam. Take care oh.",,ham,uci_sms_spam_collection,en
Do you want a New Nokia 3510i colour phone DeliveredTomorrow? With 300 free minutes to any mobile + 100 free texts + Free Camcorder reply or call 08000930705.,,spam,uci_sms_spam_collection,en
Mark works tomorrow. He gets out at 5. His work is by your house so he can meet u afterwards.,,ham,uci_sms_spam_collection,en
\Keep ur problems in ur heart,,ham,uci_sms_spam_collection,en
"Yeah, give me a call if you've got a minute",,ham,uci_sms_spam_collection,en
\HI BABE UAWAKE?FEELLIKW SHIT.JUSTFOUND OUT VIA ALETTER THATMUM GOTMARRIED 4thNOV.BEHIND OURBACKS åÐ FUCKINNICE!SELFISH,,ham,uci_sms_spam_collection,en
Amazing : If you rearrange these letters it gives the same meaning... Dormitory = Dirty room Astronomer = Moon starer The eyes = They see Election results = Lies lets recount Mother-in-law = Woman Hitler Eleven plus two =Twelve plus one Its Amazing... !:-),,ham,uci_sms_spam_collection,en
Aiya we discuss later lar... Pick Ì_ up at 4 is it?,,ham,uci_sms_spam_collection,en
Hey happy birthday...,,ham,uci_sms_spam_collection,en
Sorry i missed your call. Can you please call back.,,ham,uci_sms_spam_collection,en
Omg if its not one thing its another. My cat has worms :/ when does this bad day end?,,ham,uci_sms_spam_collection,en
"Good morning, im suffering from fever and dysentry ..will not be able to come to office today.",,ham,uci_sms_spam_collection,en
I wont do anything de.,,ham,uci_sms_spam_collection,en
What type of stuff do you sing?,,ham,uci_sms_spam_collection,en
"St andre, virgil's cream",,ham,uci_sms_spam_collection,en
"My fri ah... Okie lor,goin 4 my drivin den go shoppin after tt...",,ham,uci_sms_spam_collection,en
Gokila is talking with you aha:),,ham,uci_sms_spam_collection,en
"Hi Shanil,Rakhesh here.thanks,i have exchanged the uncut diamond stuff.leaving back. Excellent service by Dino and Prem.",,ham,uci_sms_spam_collection,en
K.k.this month kotees birthday know?,,ham,uci_sms_spam_collection,en
But i'm really really broke oh. No amount is too small even  &lt;#&gt; ,,ham,uci_sms_spam_collection,en
Sorry about that this is my mates phone and i didnt write it love Kate,,ham,uci_sms_spam_collection,en
"TheMob>Hit the link to get a premium Pink Panther game, the new no. 1 from Sugababes, a crazy Zebra animation or a badass Hoody wallpaper-all 4 FREE!",,spam,uci_sms_spam_collection,en
"Ah, well that confuses things, doesnt it? I thought was friends with now. Maybe i did the wrong thing but i already sort of invited -tho he may not come cos of money.",,ham,uci_sms_spam_collection,en
"Aight, call me once you're close",,ham,uci_sms_spam_collection,en
Nope thats fine. I might have a nap tho! ,,ham,uci_sms_spam_collection,en
This msg is for your mobile content order It has been resent as previous attempt failed due to network error Queries to customersqueries@netvision.uk.com,,spam,uci_sms_spam_collection,en
In other news after hassling me to get him weed for a week andres has no money. HAUGHAIGHGTUJHYGUJ,,ham,uci_sms_spam_collection,en
Ding me on ya break fassyole! Blacko from londn,,ham,uci_sms_spam_collection,en
I REALLY NEED 2 KISS U I MISS U MY BABY FROM UR BABY 4EVA,,ham,uci_sms_spam_collection,en
Oh you got many responsibilities.,,ham,uci_sms_spam_collection,en
You have 1 new message. Please call 08715205273,,spam,uci_sms_spam_collection,en
I've reached sch already...,,ham,uci_sms_spam_collection,en
December only! Had your mobile 11mths+? You are entitled to update to the latest colour camera mobile for Free! Call The Mobile Update VCo FREE on 08002986906 ,,spam,uci_sms_spam_collection,en
U definitely need a module from e humanities dis sem izzit? U wan 2 take other modules 1st?,,ham,uci_sms_spam_collection,en
Argh why the fuck is nobody in town ;_;,,ham,uci_sms_spam_collection,en
"Get 3 Lions England tone, reply lionm 4 mono or lionp 4 poly. 4 more go 2 www.ringtones.co.uk, the original n best. Tones 3GBP network operator rates apply.",,spam,uci_sms_spam_collection,en
Thanks. Fills me with complete calm and reassurance! ,,ham,uci_sms_spam_collection,en
Aslamalaikkum....insha allah tohar beeen muht albi mufti mahfuuz...meaning same here....,,ham,uci_sms_spam_collection,en
Are you driving or training?,,ham,uci_sms_spam_collection,en
Lol for real. She told my dad I have cancer,,ham,uci_sms_spam_collection,en
PRIVATE! Your 2003 Account Statement for 078,,spam,uci_sms_spam_collection,en
"Oops I did have it,  &lt;#&gt; ?",,ham,uci_sms_spam_collection,en
"\NOT ENUFCREDEIT TOCALL.SHALL ILEAVE UNI AT 6 +GET A BUS TO YOR HOUSE?\""""",,ham,uci_sms_spam_collection,en
"Hi Chikku, send some nice msgs",,ham,uci_sms_spam_collection,en
"He is impossible to argue with and he always treats me like his sub, like he never released me ... Which he did and I will remind him of that if necessary",,ham,uci_sms_spam_collection,en
"After my work ah... Den 6 plus lor... U workin oso rite... Den go orchard lor, no other place to go liao...",,ham,uci_sms_spam_collection,en
"To the wonderful Okors, have a great month. We cherish you guys and wish you well each day. MojiBiola",,ham,uci_sms_spam_collection,en
Cuz ibored. And don wanna study,,ham,uci_sms_spam_collection,en
Wot about on wed nite I am 3 then but only til 9!,,ham,uci_sms_spam_collection,en
Any way where are you and what doing.,,ham,uci_sms_spam_collection,en
That sucks. I'll go over so u can do my hair. You'll do it free right?,,ham,uci_sms_spam_collection,en
it's still not working. And this time i also tried adding zeros. That was the savings. The checking is  &lt;#&gt; ,,ham,uci_sms_spam_collection,en
"Hmm... Dunno leh, mayb a bag 4 goigng out dat is not too small. Or jus anything except perfume, smth dat i can keep.",,ham,uci_sms_spam_collection,en
Sday only joined.so training we started today:),,ham,uci_sms_spam_collection,en
Sorry * was at the grocers.,,ham,uci_sms_spam_collection,en
There are some nice pubs near here or there is Frankie n Bennys near the warner cinema?,,ham,uci_sms_spam_collection,en
"YOU VE WON! Your 4* Costa Del Sol Holiday or å£5000 await collection. Call 09050090044 Now toClaim. SAE, TC s, POBox334, Stockport, SK38xh, Costå£1.50/pm, Max10mins",,spam,uci_sms_spam_collection,en
Yup... I havent been there before... You want to go for the yoga? I can call up to book ,,ham,uci_sms_spam_collection,en
Oh shut it. Omg yesterday I had a dream that I had 2 kids both boys. I was so pissed. Not only about the kids but them being boys. I even told mark in my dream that he was changing diapers cause I'm not getting owed in the face.,,ham,uci_sms_spam_collection,en
Yeah I imagine he would be really gentle. Unlike the other docs who treat their patients like turkeys.,,ham,uci_sms_spam_collection,en
Now that you have started dont stop. Just pray for more good ideas and anything i see that can help you guys i.ll forward you a link.,,ham,uci_sms_spam_collection,en
Hi darlin im on helens fone im gonna b up the princes 2 nite please come up tb love Kate,,ham,uci_sms_spam_collection,en
I'm in office now da:)where are you?,,ham,uci_sms_spam_collection,en
Aiyar u so poor thing... I give u my support k... Jia you! I'll think of u...,,ham,uci_sms_spam_collection,en
Oh unintentionally not bad timing. Great. Fingers  the trains play along! Will give fifteen min warning.,,ham,uci_sms_spam_collection,en
Get your garden ready for summer with a FREE selection of summer bulbs and seeds worth å£33:50 only with The Scotsman this Saturday. To stop go2 notxt.co.uk,,spam,uci_sms_spam_collection,en
K..then come wenever u lik to come and also tel vikky to come by getting free time..:-),,ham,uci_sms_spam_collection,en
Pls call me da. What happen.,,ham,uci_sms_spam_collection,en
"Happy new year to u and ur family...may this new year bring happiness , stability and tranquility to ur vibrant colourful life:):)",,ham,uci_sms_spam_collection,en
No problem with the renewal. I.ll do it right away but i dont know his details.,,ham,uci_sms_spam_collection,en
Idk. I'm sitting here in a stop and shop parking lot right now bawling my eyes out because i feel like i'm a failure in everything. Nobody wants me and now i feel like i'm failing you.,,ham,uci_sms_spam_collection,en
Haven't left yet so probably gonna be here til dinner,,ham,uci_sms_spam_collection,en
"Like  &lt;#&gt; , same question",,ham,uci_sms_spam_collection,en
MY NEW YEARS EVE WAS OK. I WENT TO A PARTY WITH MY BOYFRIEND. WHO IS THIS SI THEN HEY,,ham,uci_sms_spam_collection,en
"Sir, I need Velusamy sir's date of birth and company bank facilities details.",,ham,uci_sms_spam_collection,en
K k:) sms chat with me.,,ham,uci_sms_spam_collection,en
I will come with karnan car. Please wait till 6pm will directly goto doctor.,,ham,uci_sms_spam_collection,en
No but the bluray player can,,ham,uci_sms_spam_collection,en
Ok... Then r we meeting later?,,ham,uci_sms_spam_collection,en
Lol no. I just need to cash in my nitros. Hurry come on before I crash out!,,ham,uci_sms_spam_collection,en
Just send a text. We'll skype later.,,ham,uci_sms_spam_collection,en
Ok leave no need to ask,,ham,uci_sms_spam_collection,en
ÌÏ still got lessons?  ÌÏ in sch?,,ham,uci_sms_spam_collection,en
Y she dun believe leh? I tot i told her it's true already. I thk she muz c us tog then she believe.,,ham,uci_sms_spam_collection,en
Oh did you charge camera,,ham,uci_sms_spam_collection,en
"IÛ÷ve got some salt, you can rub it in my open wounds if you like!",,ham,uci_sms_spam_collection,en
Now i'm going for lunch.,,ham,uci_sms_spam_collection,en
I'm in school now n i'll be in da lab doing some stuff give me a call when Ì_ r done.,,ham,uci_sms_spam_collection,en
"Aight, text me tonight and we'll see what's up",,ham,uci_sms_spam_collection,en
U 2.,,ham,uci_sms_spam_collection,en
Water logging in desert. Geoenvironmental implications.,,ham,uci_sms_spam_collection,en
"Very strange.  and  are watching the 2nd one now but i'm in bed. Sweet dreams, miss u ",,ham,uci_sms_spam_collection,en
SMS AUCTION - A BRAND NEW Nokia 7250 is up 4 auction today! Auction is FREE 2 join & take part! Txt NOKIA to 86021 now!,,spam,uci_sms_spam_collection,en
"Hi hope u r both ok, he said he would text and he hasn't, have u seen him, let me down gently please ",,ham,uci_sms_spam_collection,en
"Babe! I fucking love you too !! You know? Fuck it was so good to hear your voice. I so need that. I crave it. I can't get enough. I adore you, Ahmad *kisses*",,ham,uci_sms_spam_collection,en
K sure am in my relatives home. Sms me de. Pls:-),,ham,uci_sms_spam_collection,en
"Fuuuuck I need to stop sleepin, sup",,ham,uci_sms_spam_collection,en
I'm in town now so i'll jus take mrt down later.,,ham,uci_sms_spam_collection,en
I just cooked a rather nice salmon a la you,,ham,uci_sms_spam_collection,en
I uploaded mine to Facebook,,ham,uci_sms_spam_collection,en
WHAT TIME U WRKIN?,,ham,uci_sms_spam_collection,en
ree entry in 2 a weekly comp for a chance to win an ipod. Txt POD to 80182 to get entry (std txt rate) T&C's apply 08452810073 for details 18+,,spam,uci_sms_spam_collection,en
Our records indicate u maybe entitled to 5000 pounds in compensation for the Accident you had. To claim 4 free reply with CLAIM to this msg. 2 stop txt STOP,,spam,uci_sms_spam_collection,en
Oh oh... Den muz change plan liao... Go back have to yan jiu again...,,ham,uci_sms_spam_collection,en
"It's wylie, you in tampa or sarasota?",,ham,uci_sms_spam_collection,en
Ok... Take ur time n enjoy ur dinner...,,ham,uci_sms_spam_collection,en
Darren was saying dat if u meeting da ge den we dun meet 4 dinner. Cos later u leave xy will feel awkward. Den u meet him 4 lunch lor.,,ham,uci_sms_spam_collection,en
"Spook up your mob with a Halloween collection of a logo & pic message plus a free eerie tone, txt CARD SPOOK to 8007 zed 08701417012150p per logo/pic ",,spam,uci_sms_spam_collection,en
I like cheap! But iÛ÷m happy to splash out on the wine if it makes you feel better..,,ham,uci_sms_spam_collection,en
She.s fine. I have had difficulties with her phone. It works with mine. Can you pls send her another friend request.,,ham,uci_sms_spam_collection,en
Ugh my leg hurts. Musta overdid it on mon.,,ham,uci_sms_spam_collection,en
Call Germany for only 1 pence per minute! Call from a fixed line via access number 0844 861 85 85. No prepayment. Direct access! www.telediscount.co.uk,,spam,uci_sms_spam_collection,en
WOT STUDENT DISCOUNT CAN U GET ON BOOKS?,,ham,uci_sms_spam_collection,en
How come she can get it? Should b quite diff to guess rite...,,ham,uci_sms_spam_collection,en
Had your mobile 11mths ? Update for FREE to Oranges latest colour camera mobiles & unlimited weekend calls. Call Mobile Upd8 on freefone 08000839402 or 2StopTxt,,spam,uci_sms_spam_collection,en
"Babe, I'm answering you, can't you see me ? Maybe you'd better reboot YM ... I got the photo ... It's great !",,ham,uci_sms_spam_collection,en
Hi.what you think about match?,,ham,uci_sms_spam_collection,en
"I know you are thinkin malaria. But relax, children cant handle malaria. She would have been worse and its gastroenteritis. If she takes enough to replace her loss her temp will reduce. And if you give her malaria meds now she will just vomit. Its a self limiting illness she has which means in a few days it will completely stop",,ham,uci_sms_spam_collection,en
Dai i downloaded but there is only exe file which i can only run that exe after installing.,,ham,uci_sms_spam_collection,en
It is only yesterday true true.,,ham,uci_sms_spam_collection,en
K.k.how is your business now?,,ham,uci_sms_spam_collection,en
3 pa but not selected.,,ham,uci_sms_spam_collection,en
Well thats nice. Too bad i cant eat it,,ham,uci_sms_spam_collection,en
I accidentally brought em home in the box,,ham,uci_sms_spam_collection,en
Pls she needs to dat slowly or she will vomit more.,,ham,uci_sms_spam_collection,en
I have to take exam with in march 3,,ham,uci_sms_spam_collection,en
"Jane babes not goin 2 wrk, feel ill after lst nite. Foned in already cover 4 me chuck.:-)",,ham,uci_sms_spam_collection,en
5 nights...We nt staying at port step liao...Too ex,,ham,uci_sms_spam_collection,en
If I die I want u to have all my stuffs.,,ham,uci_sms_spam_collection,en
"\OH FUCK. JUSWOKE UP IN A BED ON A BOATIN THE DOCKS. SLEPT WID 25 YEAR OLD. SPINOUT! GIV U DA GOSSIP L8R. XXX\""""",,ham,uci_sms_spam_collection,en
I re-met alex nichols from middle school and it turns out he's dealing!,,ham,uci_sms_spam_collection,en
PRIVATE! Your 2003 Account Statement for <fone no> shows 800 un-redeemed S. I. M. points. Call 08715203656 Identifier Code: 42049 Expires 26/10/04,,spam,uci_sms_spam_collection,en
It means u could not keep ur words.,,ham,uci_sms_spam_collection,en
"Nope, I'm still in the market",,ham,uci_sms_spam_collection,en
I realise you are a busy guy and i'm trying not to be a bother. I have to get some exams outta the way and then try the cars. Do have a gr8 day,,ham,uci_sms_spam_collection,en
Hey what how about your project. Started aha da.,,ham,uci_sms_spam_collection,en
Ok cool. See ya then.,,ham,uci_sms_spam_collection,en
Am on the uworld site. Am i buying the qbank only or am i buying it with the self assessment also?,,ham,uci_sms_spam_collection,en
Someonone you know is trying to contact you via our dating service! To find out who it could be call from your mobile or landline 09064015307 BOX334SK38ch ,,spam,uci_sms_spam_collection,en
Yeah I can still give you a ride,,ham,uci_sms_spam_collection,en
"Jay wants to work out first, how's 4 sound?",,ham,uci_sms_spam_collection,en
"Gud gud..k, chikku tke care.. sleep well gud nyt",,ham,uci_sms_spam_collection,en
Hmm thinking lor...,,ham,uci_sms_spam_collection,en
Of course ! Don't tease me ... You know I simply must see ! *grins* ... Do keep me posted my prey ... *loving smile* *devouring kiss*,,ham,uci_sms_spam_collection,en
thanks for the temales it was wonderful. Thank. Have a great week.,,ham,uci_sms_spam_collection,en
Thank you princess! I want to see your nice juicy booty...,,ham,uci_sms_spam_collection,en
Haven't eaten all day. I'm sitting here staring at this juicy pizza and I can't eat it. These meds are ruining my life.,,ham,uci_sms_spam_collection,en
U come n search tat vid..not finishd..,,ham,uci_sms_spam_collection,en
"K I'm leaving soon, be there a little after 9",,ham,uci_sms_spam_collection,en
Urgent! Please call 09061213237 from a landline. å£5000 cash or a 4* holiday await collection. T &Cs SAE PO Box 177 M227XY. 16+,,spam,uci_sms_spam_collection,en
"Yeah work is fine, started last week, all the same stuff as before, dull but easy and guys are fun!",,ham,uci_sms_spam_collection,en
You do your studies alone without anyones help. If you cant no need to study.,,ham,uci_sms_spam_collection,en
Please tell me not all of my car keys are in your purse,,ham,uci_sms_spam_collection,en
I didnt get anything da,,ham,uci_sms_spam_collection,en
Ok... Sweet dreams...,,ham,uci_sms_spam_collection,en
Well she's in for a big surprise!,,ham,uci_sms_spam_collection,en
1 in cbe. 2 in chennai.,,ham,uci_sms_spam_collection,en
Can help u swoop by picking u up from wherever ur other birds r meeting if u want.,,ham,uci_sms_spam_collection,en
If anyone calls for a treadmill say you'll buy it. Make sure its working. I found an ad on Craigslist selling for $ &lt;#&gt; .,,ham,uci_sms_spam_collection,en
I absolutely LOVE South Park! I only recently started watching the office.,,ham,uci_sms_spam_collection,en
Did you see that film:),,ham,uci_sms_spam_collection,en
Pls speak with me. I wont ask anything other then you friendship.,,ham,uci_sms_spam_collection,en
Gud ni8.swt drms.take care,,ham,uci_sms_spam_collection,en
HI DARLIN ITS KATE ARE U UP FOR DOIN SOMETHIN TONIGHT? IM GOING TO A PUB CALLED THE SWAN OR SOMETHING WITH MY PARENTS FOR ONE DRINK SO PHONE ME IF U CAN,,ham,uci_sms_spam_collection,en
Anything lar then Ì_ not going home 4 dinner?,,ham,uci_sms_spam_collection,en
\ER,,ham,uci_sms_spam_collection,en
"If you don't, your prize will go to another customer. T&C at www.t-c.biz 18+ 150p/min Polo Ltd Suite 373 London W1J 6HL Please call back if busy ",,spam,uci_sms_spam_collection,en
Did u fix the teeth?if not do it asap.ok take care.,,ham,uci_sms_spam_collection,en
So u wan 2 come for our dinner tonight a not?,,ham,uci_sms_spam_collection,en
"Hello.How u doing?What u been up 2?When will u b moving out of the flat, cos I will need to arrange to pick up the lamp, etc. Take care. Hello caroline!",,ham,uci_sms_spam_collection,en
Its too late:)but its k.wish you the same.,,ham,uci_sms_spam_collection,en
"Hi. Hope ur day * good! Back from walk, table booked for half eight. Let me know when ur coming over.",,ham,uci_sms_spam_collection,en
Oh yeah clearly it's my fault,,ham,uci_sms_spam_collection,en
Dunno leh cant remember mayb lor. So wat time r we meeting tmr?,,ham,uci_sms_spam_collection,en
"Best msg: It's hard to be with a person, when u know that one more step foward will make u fall in love.. &amp; One step back can ruin ur friendship.. good night:-) ...",,ham,uci_sms_spam_collection,en
URGENT! Your Mobile number has been awarded with a å£2000 prize GUARANTEED. Call 09061790126 from land line. Claim 3030. Valid 12hrs only 150ppm,,spam,uci_sms_spam_collection,en
"Vikky, come around  &lt;TIME&gt; ..",,ham,uci_sms_spam_collection,en
"And how you will do that, princess? :)",,ham,uci_sms_spam_collection,en
I have gone into get info bt dont know what to do,,ham,uci_sms_spam_collection,en
"Yeah, probably here for a while",,ham,uci_sms_spam_collection,en
I'm still pretty weak today .. Bad day ?,,ham,uci_sms_spam_collection,en
Hey ! Don't forget ... You are MINE ... For ME ... My possession ... MY property ... MMM ... *childish smile* ...,,ham,uci_sms_spam_collection,en
An excellent thought by a misundrstud frnd: I knw u hate me bt the day wen u'll knw the truth u'll hate urself:-( Gn:-),,ham,uci_sms_spam_collection,en
Hey! Congrats 2u2. id luv 2 but ive had 2 go home!,,ham,uci_sms_spam_collection,en
Dear where you. Call me,,ham,uci_sms_spam_collection,en
Xy trying smth now. U eat already? We havent...,,ham,uci_sms_spam_collection,en
Urgent! Please call 09061213237 from landline. å£5000 cash or a luxury 4* Canary Islands Holiday await collection. T&Cs SAE PO Box 177. M227XY. 150ppm. 16+,,spam,uci_sms_spam_collection,en
I donno its in your genes or something,,ham,uci_sms_spam_collection,en
XMAS iscoming & ur awarded either å£500 CD gift vouchers & free entry 2 r å£100 weekly draw txt MUSIC to 87066 TnC www.Ldew.com1win150ppmx3age16subscription ,,spam,uci_sms_spam_collection,en
Alex says he's not ok with you not being ok with it,,ham,uci_sms_spam_collection,en
Are u coming to the funeral home,,ham,uci_sms_spam_collection,en
My darling sister. How are you doing. When's school resuming. Is there a minimum wait period before you reapply? Do take care,,ham,uci_sms_spam_collection,en
I.ll hand her my phone to chat wit u,,ham,uci_sms_spam_collection,en
Well good morning mr . Hows london treatin' ya treacle?,,ham,uci_sms_spam_collection,en
I can't make it tonight,,ham,uci_sms_spam_collection,en
About  &lt;#&gt; bucks. The banks fees are fixed. Better to call the bank and find out.,,ham,uci_sms_spam_collection,en
"I can. But it will tell quite long, cos i haven't finish my film yet...",,ham,uci_sms_spam_collection,en
Pls ask macho how much is budget for bb bold 2 is cos i saw a new one for  &lt;#&gt;  dollars.,,ham,uci_sms_spam_collection,en
"\Hi missed your Call and my mumHas beendropping red wine all over theplace! what is your adress?\""""",,ham,uci_sms_spam_collection,en
Ill be at yours in about 3 mins but look out for me,,ham,uci_sms_spam_collection,en
What you did in  leave.,,ham,uci_sms_spam_collection,en
I'm coming back on Thursday. Yay. Is it gonna be ok to get the money. Cheers. Oh yeah and how are you. Everything alright. Hows school. Or do you call it work now,,ham,uci_sms_spam_collection,en
"Jolly good! By the way,  will give u tickets for sat eve 7.30. Speak before then x",,ham,uci_sms_spam_collection,en
"yeah, that's what I was thinking",,ham,uci_sms_spam_collection,en
K.k:)i'm going to tirunelvali this week to see my uncle ..i already spend the amount by taking dress .so only i want money.i will give it on feb 1,,ham,uci_sms_spam_collection,en
Here got ur favorite oyster... N got my favorite sashimi... Ok lar i dun say already... Wait ur stomach start rumbling...,,ham,uci_sms_spam_collection,en
My sister going to earn more than me da.,,ham,uci_sms_spam_collection,en
Jus finish watching tv... U?,,ham,uci_sms_spam_collection,en
"K, fyi I'm back in my parents' place in south tampa so I might need to do the deal somewhere else",,ham,uci_sms_spam_collection,en
"Good morning, my Love ... I go to sleep now and wish you a great day full of feeling better and opportunity ... You are my last thought babe, I LOVE YOU *kiss*",,ham,uci_sms_spam_collection,en
Kothi print out marandratha.,,ham,uci_sms_spam_collection,en
But we havent got da topic yet rite?,,ham,uci_sms_spam_collection,en
Ok no problem... Yup i'm going to sch at 4 if i rem correctly...,,ham,uci_sms_spam_collection,en
"Thanks, I'll keep that in mind",,ham,uci_sms_spam_collection,en
Aah bless! How's your arm?,,ham,uci_sms_spam_collection,en
"Dear Sir,Salam Alaikkum.Pride and Pleasure meeting you today at the Tea Shop.We are pleased to send you our contact number at Qatar.Rakhesh an Indian.Pls save our Number.Respectful Regards.",,ham,uci_sms_spam_collection,en
"Gal n boy walking in d park. gal-can i hold ur hand? boy-y? do u think i would run away? gal-no, jst wana c how it feels walking in heaven with an prince..GN:-)",,ham,uci_sms_spam_collection,en
What makes you most happy?,,ham,uci_sms_spam_collection,en
Wishing you a wonderful week.,,ham,uci_sms_spam_collection,en
Sweet heart how are you?,,ham,uci_sms_spam_collection,en
"Sir, waiting for your letter.",,ham,uci_sms_spam_collection,en
Dude im no longer a pisces. Im an aquarius now.,,ham,uci_sms_spam_collection,en
X course it 2yrs. Just so her messages on messenger lik you r sending me,,ham,uci_sms_spam_collection,en
I think steyn surely get one wicket:),,ham,uci_sms_spam_collection,en
"Neither [in sterm voice] - i'm studying. All fine with me! Not sure the  thing will be resolved, tho. Anyway. Have a fab hols",,ham,uci_sms_spam_collection,en
"Garbage bags, eggs, jam, bread, hannaford wheat chex",,ham,uci_sms_spam_collection,en
No. It's not pride. I'm almost  &lt;#&gt;  years old and shouldn't be takin money from my kid. You're not supposed to have to deal with this stuff. This is grownup stuff--why i don't tell you.,,ham,uci_sms_spam_collection,en
Sounds better than my evening im just doing my costume. Im not sure what time i finish tomorrow but i will txt you at the end.,,ham,uci_sms_spam_collection,en
My birthday is on feb  &lt;#&gt;  da. .,,ham,uci_sms_spam_collection,en
So when do you wanna gym?,,ham,uci_sms_spam_collection,en
You'd like that wouldn't you? Jerk!,,ham,uci_sms_spam_collection,en
Are u awake? Is there snow there?,,ham,uci_sms_spam_collection,en
And of course you should make a stink!,,ham,uci_sms_spam_collection,en
"u r subscribed 2 TEXTCOMP 250 wkly comp. 1st wk?s free question follows, subsequent wks charged@150p/msg.2 unsubscribe txt STOP 2 84128,custcare 08712405020",,spam,uci_sms_spam_collection,en
No go. No openings for that room 'til after thanksgiving without an upcharge.,,ham,uci_sms_spam_collection,en
When you guys planning on coming over?,,ham,uci_sms_spam_collection,en
Wat Ì_ doing now?,,ham,uci_sms_spam_collection,en
No sir. That's why i had an 8-hr trip on the bus last week. Have another audition next wednesday but i think i might drive this time.,,ham,uci_sms_spam_collection,en
Do I? I thought I put it back in the box,,ham,uci_sms_spam_collection,en
I'm home...,,ham,uci_sms_spam_collection,en
No one interested. May be some business plan.,,ham,uci_sms_spam_collection,en
Yup it's at paragon... I havent decided whether 2 cut yet... Hee...,,ham,uci_sms_spam_collection,en
Good morning princess! Have a great day!,,ham,uci_sms_spam_collection,en
Guai... ÌÏ shd haf seen him when he's naughty... ÌÏ so free today? Can go jogging...,,ham,uci_sms_spam_collection,en
Aiyo cos i sms Ì_ then Ì_ neva reply so i wait 4 Ì_ to reply lar. I tot Ì_ havent finish ur lab wat.,,ham,uci_sms_spam_collection,en
"Living is very simple.. Loving is also simple.. Laughing is too simple.. Winning is tooo simple.. But, Being 'SIMPLE' is very difficult...;-) :-)",,ham,uci_sms_spam_collection,en
Tell me something. Thats okay.,,ham,uci_sms_spam_collection,en
Hmm. Shall i bring a bottle of wine to keep us amused? Just joking! I'll still bring a bottle. Red or white? See you tomorrow,,ham,uci_sms_spam_collection,en
This is ur face test ( 1 2 3 4 5 6 7 8 9  &lt;#&gt;  ) select any number i will tell ur face astrology.... am waiting. quick reply...,,ham,uci_sms_spam_collection,en
"Hey, iouri gave me your number, I'm wylie, ryan's friend",,ham,uci_sms_spam_collection,en
Yep get with the program. You're slacking.,,ham,uci_sms_spam_collection,en
I'm in inside office..still filling forms.don know when they leave me.,,ham,uci_sms_spam_collection,en
"I think your mentor is , but not 100 percent sure.",,ham,uci_sms_spam_collection,en
Call 09095350301 and send our girls into erotic ecstacy. Just 60p/min. To stop texts call 08712460324 (nat rate),,spam,uci_sms_spam_collection,en
A å£400 XMAS REWARD IS WAITING FOR YOU! Our computer has randomly picked you from our loyal mobile customers to receive a å£400 reward. Just call 09066380611,,spam,uci_sms_spam_collection,en
Just trying to figure out when I'm suppose to see a couple different people this week. We said we'd get together but I didn't set dates,,ham,uci_sms_spam_collection,en
IMPORTANT MESSAGE. This is a final contact attempt. You have important messages waiting out our customer claims dept. Expires 13/4/04. Call 08717507382 NOW!,,spam,uci_sms_spam_collection,en
Hi mom we might be back later than  &lt;#&gt; ,,ham,uci_sms_spam_collection,en
dating:i have had two of these. Only started after i sent a text to talk sport radio last week. Any connection do you think or coincidence?,,spam,uci_sms_spam_collection,en
"Lol, oh you got a friend for the dog ?",,ham,uci_sms_spam_collection,en
"Ok., is any problem to u frm him? Wats matter?",,ham,uci_sms_spam_collection,en
"K I'll head out in a few mins, see you there",,ham,uci_sms_spam_collection,en
I don't want you to leave. But i'm barely doing what i can to stay sane. fighting with you constantly isn't helping.,,ham,uci_sms_spam_collection,en
The current leading bid is 151. To pause this auction send OUT. Customer Care: 08718726270,,spam,uci_sms_spam_collection,en
"Free entry to the gr8prizes wkly comp 4 a chance to win the latest Nokia 8800, PSP or å£250 cash every wk.TXT GREAT to 80878 http//www.gr8prizes.com 08715705022",,spam,uci_sms_spam_collection,en
Somebody set up a website where you can play hold em using eve online spacebucks,,ham,uci_sms_spam_collection,en
Its sunny in california. The weather's just cool,,ham,uci_sms_spam_collection,en
You have 1 new message. Call 0207-083-6089,,spam,uci_sms_spam_collection,en
"I can make it up there, squeezed  &lt;#&gt;  bucks out of my dad",,ham,uci_sms_spam_collection,en
Good day to You too.Pray for me.Remove the teeth as its painful maintaining other stuff.,,ham,uci_sms_spam_collection,en
How are you babes. Hope your doing ok. I had a shit nights sleep. I fell asleep at 5.IåÕm knackered and iåÕm dreading work tonight. What are thou upto tonight. X,,ham,uci_sms_spam_collection,en
How do friends help us in problems? They give the most stupid suggestion that Lands us into another problem and helps us forgt the previous problem,,ham,uci_sms_spam_collection,en
I will be gentle baby! Soon you will be taking all  &lt;#&gt;  inches deep inside your tight pussy...,,ham,uci_sms_spam_collection,en
NOT MUCH NO FIGHTS. IT WAS A GOOD NITE!!,,ham,uci_sms_spam_collection,en
Nt joking seriously i told,,ham,uci_sms_spam_collection,en
Watching ajith film ah?,,ham,uci_sms_spam_collection,en
Ooooooh I forgot to tell u I can get on yoville on my phone,,ham,uci_sms_spam_collection,en
"All done, all handed in. Don't know if mega shop in asda counts as celebration but thats what i'm doing!",,ham,uci_sms_spam_collection,en
I dont know exactly could you ask chechi.,,ham,uci_sms_spam_collection,en
Dunno lei shd b driving lor cos i go sch 1 hr oni.,,ham,uci_sms_spam_collection,en
As in i want custom officer discount oh.,,ham,uci_sms_spam_collection,en
That's necessarily respectful,,ham,uci_sms_spam_collection,en
Hi. Hope you had a good day. Have a better night.,,ham,uci_sms_spam_collection,en
And he's apparently bffs with carly quick now,,ham,uci_sms_spam_collection,en
HARD BUT TRUE: How much you show &amp;  express your love to someone....that much it will hurt when they leave you or you get seperated...!ö´Ó_??Û¬ud evening...,,ham,uci_sms_spam_collection,en
Babes I think I got ur brolly I left it in English wil bring it in 2mrw 4 u luv Franxx,,ham,uci_sms_spam_collection,en
Hi babe its me thanks for coming even though it didnt go that well!i just wanted my bed! Hope to see you soon love and kisses xxx,,ham,uci_sms_spam_collection,en
So gd got free ice cream... I oso wan...,,ham,uci_sms_spam_collection,en
Pls give her prometazine syrup. 5mls then  &lt;#&gt; mins later feed.,,ham,uci_sms_spam_collection,en
So how many days since then?,,ham,uci_sms_spam_collection,en
Dear are you angry i was busy dear,,ham,uci_sms_spam_collection,en
Yup he msg me: is tat yijue? Then i tot it's my group mate cos we meeting today mah... I'm askin if Ì_ leaving earlier or wat mah cos mayb Ì_ haf to walk v far...,,ham,uci_sms_spam_collection,en
... Are you in the pub?,,ham,uci_sms_spam_collection,en
There is a first time for everything :),,ham,uci_sms_spam_collection,en
"Daddy, shu shu is looking 4 u... U wan me 2 tell him u're not in singapore or wat?",,ham,uci_sms_spam_collection,en
I ask if u meeting da ge tmr nite...,,ham,uci_sms_spam_collection,en
Gr8. So how do you handle the victoria island traffic. Plus when's the album due,,ham,uci_sms_spam_collection,en
Nite nite pocay wocay luv u more than n e thing 4eva I promise ring u 2morrowxxxx,,ham,uci_sms_spam_collection,en
East coast,,ham,uci_sms_spam_collection,en
You should get more chicken broth if you want ramen unless there's some I don't know about,,ham,uci_sms_spam_collection,en
My slave! I want you to take 2 or 3 pictures of yourself today in bright light on your cell phone! Bright light!,,ham,uci_sms_spam_collection,en
Nope. I just forgot. Will show next week,,ham,uci_sms_spam_collection,en
So how are you really. What are you up to. How's the masters. And so on.,,ham,uci_sms_spam_collection,en
I'm at bruce &amp; fowler now but I'm in my mom's car so I can't park (long story),,ham,uci_sms_spam_collection,en
I dont know oh. Hopefully this month.,,ham,uci_sms_spam_collection,en
"Hi elaine, is today's meeting confirmed?",,ham,uci_sms_spam_collection,en
Ok k..sry i knw 2 siva..tats y i askd..,,ham,uci_sms_spam_collection,en
U horrible gal... U knew dat i was going out wif him yest n u still come n ask me...,,ham,uci_sms_spam_collection,en
Oh yeah! And my diet just flew out the window,,ham,uci_sms_spam_collection,en
Santa Calling! Would your little ones like a call from Santa Xmas eve? Call 09058094583 to book your time.,,spam,uci_sms_spam_collection,en
You didnt complete your gist oh.,,ham,uci_sms_spam_collection,en
"Er yeah, i will b there at 15:26, sorry! Just tell me which pub/cafe to sit in and come wen u can",,ham,uci_sms_spam_collection,en
"If you can make it any time tonight or whenever you can it's cool, just text me whenever you're around",,ham,uci_sms_spam_collection,en
If I was I wasn't paying attention,,ham,uci_sms_spam_collection,en
Thanx a lot 4 ur help!,,ham,uci_sms_spam_collection,en
You're gonna have to be way more specific than that,,ham,uci_sms_spam_collection,en
Jesus armand really is trying to tell everybody he can find,,ham,uci_sms_spam_collection,en
I'm wif him now buying tix lar...,,ham,uci_sms_spam_collection,en
Mode men or have you left.,,ham,uci_sms_spam_collection,en
Am slow in using biola's fne,,ham,uci_sms_spam_collection,en
"\What are youdoing later? Sar xxx\""""",,ham,uci_sms_spam_collection,en
Hey i've booked the 2 lessons on sun liao...,,ham,uci_sms_spam_collection,en
Thank you. do you generally date the brothas?,,ham,uci_sms_spam_collection,en
"By the way, make sure u get train to worc foregate street not shrub hill. Have fun night x",,ham,uci_sms_spam_collection,en
"I thought i'd get him a watch, just cos thats the kind of thing u get4an18th. And he loves so much!",,ham,uci_sms_spam_collection,en
You have won a guaranteed 32000 award or maybe even å£1000 cash to claim ur award call free on 0800 ..... (18+). Its a legitimat efreefone number wat do u think???,,spam,uci_sms_spam_collection,en
Good morning. At the repair shop--the ONLY reason i'm up at this hour.,,ham,uci_sms_spam_collection,en
"And that's fine, I got enough bud to last most of the night at least",,ham,uci_sms_spam_collection,en
I am back. Good journey! Let me know if you need any of the receipts. Shall i tell you like the pendent?,,ham,uci_sms_spam_collection,en
So that takes away some money worries,,ham,uci_sms_spam_collection,en
"aight we can pick some up, you open before tonight?",,ham,uci_sms_spam_collection,en
"Latest News! Police station toilet stolen, cops have nothing to go on!",,spam,uci_sms_spam_collection,en
Sac needs to carry on:),,ham,uci_sms_spam_collection,en
Just sing HU. I think its also important to find someone female that know the place well preferably a citizen that is also smart to help you navigate through. Even things like choosing a phone plan require guidance. When in doubt ask especially girls.,,ham,uci_sms_spam_collection,en
What???? Hello wats talks email address?,,ham,uci_sms_spam_collection,en
Except theres a chick with huge boobs.,,ham,uci_sms_spam_collection,en
Im just wondering what your doing right now?,,ham,uci_sms_spam_collection,en
Wishing you a beautiful day. Each moment revealing even more things to keep you smiling. Do enjoy it.,,ham,uci_sms_spam_collection,en
"\For the most sparkling shopping breaks from 45 per person; call 0121 2025050 or visit www.shortbreaks.org.uk\""""",,spam,uci_sms_spam_collection,en
If you hear a loud scream in about &lt;#&gt; minutes its cause my Gyno will be shoving things up me that don't belong :/,,ham,uci_sms_spam_collection,en
Ok i thk i got it. Then u wan me 2 come now or wat?,,ham,uci_sms_spam_collection,en
Txt: CALL to No: 86888 & claim your reward of 3 hours talk time to use from your phone now! Subscribe6GBP/mnth inc 3hrs 16 stop?txtStop www.gamb.tv,,spam,uci_sms_spam_collection,en
U GOIN OUT 2NITE?,,ham,uci_sms_spam_collection,en
I will treasure every moment we spend together...,,ham,uci_sms_spam_collection,en
Shall I bring us a bottle of wine to keep us amused? Only joking! IÛ÷ll bring one anyway,,ham,uci_sms_spam_collection,en
http//tms. widelive.com/index. wml?id=820554ad0a1705572711&first=trueåÁC C RingtoneåÁ,,spam,uci_sms_spam_collection,en
"URGENT! Last weekend's draw shows that you have won å£1000 cash or a Spanish holiday! CALL NOW 09050000332 to claim. T&C: RSTM, SW7 3SS. 150ppm",,spam,uci_sms_spam_collection,en
I thought slide is enough.,,ham,uci_sms_spam_collection,en
Well obviously not because all the people in my cool college life went home ;_;,,ham,uci_sms_spam_collection,en
Ok lor Ì_ reaching then message me.,,ham,uci_sms_spam_collection,en
Where's mummy's boy ? Is he being good or bad ? Is he being positive or negative ? Why is mummy being made to wait? Hmmmm?,,ham,uci_sms_spam_collection,en
Dhoni have luck to win some big title.so we will win:),,ham,uci_sms_spam_collection,en
Yes princess! I want to please you every night. Your wish is my command...,,ham,uci_sms_spam_collection,en
No probably  &lt;#&gt; %.,,ham,uci_sms_spam_collection,en
Really do hope the work doesnt get stressful. Have a gr8 day.,,ham,uci_sms_spam_collection,en
Have you seen who's back at Holby?!,,ham,uci_sms_spam_collection,en
Shall call now dear having food,,ham,uci_sms_spam_collection,en
URGENT We are trying to contact you Last weekends draw shows u have won a å£1000 prize GUARANTEED Call 09064017295 Claim code K52 Valid 12hrs 150p pm,,spam,uci_sms_spam_collection,en
So li hai... Me bored now da lecturer repeating last weeks stuff waste time... ,,ham,uci_sms_spam_collection,en
", ,  and  picking them up from various points | going 2 yeovil | and they will do the motor project 4 3 hours | and then u take them home. || 12 2 5.30 max. || Very easy",,ham,uci_sms_spam_collection,en
Also fuck you and your family for going to rhode island or wherever the fuck and leaving me all alone the week I have a new bong &gt;:(,,ham,uci_sms_spam_collection,en
Ofcourse I also upload some songs,,ham,uci_sms_spam_collection,en
2p per min to call Germany 08448350055 from your BT line. Just 2p per min. Check PlanetTalkInstant.com for info & T's & C's. Text stop to opt out,,spam,uci_sms_spam_collection,en
Oh thanks a lot..i already bought 2 eggs ..,,ham,uci_sms_spam_collection,en
U studying in sch or going home? Anyway i'll b going 2 sch later.,,ham,uci_sms_spam_collection,en
Marvel Mobile Play the official Ultimate Spider-man game (å£4.50) on ur mobile right now. Text SPIDER to 83338 for the game & we ll send u a FREE 8Ball wallpaper,,spam,uci_sms_spam_collection,en
I think if he rule tamilnadu..then its very tough for our people.,,ham,uci_sms_spam_collection,en
"Cool, we shall go and see, have to go to tip anyway. Are you at home, got something to drop in later? So lets go to town tonight! Maybe mum can take us in.",,ham,uci_sms_spam_collection,en
"Good afternoon, my love ... How goes your day ? How did you sleep ? I hope your well, my boytoy ... I think of you ...",,ham,uci_sms_spam_collection,en
Yes... I trust u to buy new stuff ASAP so I can try it out,,ham,uci_sms_spam_collection,en
Why did I wake up on my own &gt;:(,,ham,uci_sms_spam_collection,en
Now get step 2 outta the way. Congrats again.,,ham,uci_sms_spam_collection,en
Love has one law; Make happy the person you love. In the same way friendship has one law; Never make ur friend feel alone until you are alive.... Gud night,,ham,uci_sms_spam_collection,en
PRIVATE! Your 2003 Account Statement for 07808247860 shows 800 un-redeemed S. I. M. points. Call 08719899229 Identifier Code: 40411 Expires 06/11/04,,spam,uci_sms_spam_collection,en
Apo all other are mokka players only,,ham,uci_sms_spam_collection,en
"Perhaps * is much easy give your account identification, so i will tomorrow at UNI",,ham,uci_sms_spam_collection,en
Wait . I will msg after  &lt;#&gt;  min.,,ham,uci_sms_spam_collection,en
What i told before i tell. Stupid hear after i wont tell anything to you. You dad called to my brother and spoken. Not with me.,,ham,uci_sms_spam_collection,en
God's love has no limit. God's grace has no measure. God's power has no boundaries. May u have God's endless blessings always in ur life...!! Gud ni8,,ham,uci_sms_spam_collection,en
I want to be inside you every night...,,ham,uci_sms_spam_collection,en
"Machan you go to gym tomorrow,  i wil come late goodnight.",,ham,uci_sms_spam_collection,en
Lol they were mad at first but then they woke up and gave in.,,ham,uci_sms_spam_collection,en
"ItÛ÷s reassuring, in this crazy world.",,ham,uci_sms_spam_collection,en
"Just making dinner, you ?",,ham,uci_sms_spam_collection,en
Yes. Please leave at  &lt;#&gt; . So that at  &lt;#&gt;  we can leave,,ham,uci_sms_spam_collection,en
Oh... Okie lor...We go on sat... ,,ham,uci_sms_spam_collection,en
You are a great role model. You are giving so much and i really wish each day for a miracle but God as a reason for everything and i must say i wish i knew why but i dont. I've looked up to you since i was young and i still do. Have a great day.,,ham,uci_sms_spam_collection,en
"Ya, i'm referin to mei's ex wat... No ah, waitin 4 u to treat, somebody shld b rich liao...So gd, den u dun have to work frm tmr onwards...",,ham,uci_sms_spam_collection,en
Miles and smiles r made frm same letters but do u know d difference..? smile on ur face keeps me happy even though I am miles away from u.. :-)keep smiling.. Good nyt,,ham,uci_sms_spam_collection,en
"By the way, i've put a skip right outside the front of the house so you can see which house it is. Just pull up before it.",,ham,uci_sms_spam_collection,en
Can you pls send me that company name. In saibaba colany,,ham,uci_sms_spam_collection,en
No. I dont want to hear anything,,ham,uci_sms_spam_collection,en
You are a big chic. Common. Declare,,ham,uci_sms_spam_collection,en
Thats cool. I want to please you...,,ham,uci_sms_spam_collection,en
Going to join tomorrow.,,ham,uci_sms_spam_collection,en
I want to tell you how bad I feel that basically the only times I text you lately are when I need drugs,,ham,uci_sms_spam_collection,en
PRIVATE! Your 2003 Account Statement for shows 800 un-redeemed S.I.M. points. Call 08718738001 Identifier Code: 49557 Expires 26/11/04,,spam,uci_sms_spam_collection,en
"Total disappointment, when I texted you was the craziest shit got :(",,ham,uci_sms_spam_collection,en
Its just the effect of irritation. Just ignore it,,ham,uci_sms_spam_collection,en
What about this one then.,,ham,uci_sms_spam_collection,en
I think that tantrum's finished so yeah I'll be by at some point,,ham,uci_sms_spam_collection,en
Compliments to you. Was away from the system. How your side.,,ham,uci_sms_spam_collection,en
happened here while you were adventuring,,ham,uci_sms_spam_collection,en
"Hey chief, can you give me a bell when you get this. Need to talk to you about this royal visit on the 1st june. ",,ham,uci_sms_spam_collection,en
Ok which your another number,,ham,uci_sms_spam_collection,en
Aiyah ok wat as long as got improve can already wat...,,ham,uci_sms_spam_collection,en
Want explicit SEX in 30 secs? Ring 02073162414 now! Costs 20p/min Gsex POBOX 2667 WC1N 3XX,,spam,uci_sms_spam_collection,en
I can't believe how attached I am to seeing you every day. I know you will do the best you can to get to me babe. I will go to teach my class at your midnight,,ham,uci_sms_spam_collection,en
ASKED 3MOBILE IF 0870 CHATLINES INCLU IN FREE MINS. INDIA CUST SERVs SED YES. L8ER GOT MEGA BILL. 3 DONT GIV A SHIT. BAILIFF DUE IN DAYS. I O å£250 3 WANT å£800,,spam,uci_sms_spam_collection,en
Yeah it's jus rite...,,ham,uci_sms_spam_collection,en
Armand says get your ass over to epsilon,,ham,uci_sms_spam_collection,en
U still havent got urself a jacket ah?,,ham,uci_sms_spam_collection,en
"I'm taking derek &amp; taylor to walmart, if I'm not back by the time you're done just leave the mouse on my desk and I'll text you when priscilla's ready",,ham,uci_sms_spam_collection,en
Hi its in durban are you still on this number,,ham,uci_sms_spam_collection,en
Ic. There are a lotta childporn cars then.,,ham,uci_sms_spam_collection,en
"Had your contract mobile 11 Mnths? Latest Motorola, Nokia etc. all FREE! Double Mins & Text on Orange tariffs. TEXT YES for callback, no to remove from records.",,spam,uci_sms_spam_collection,en
"No, I was trying it all weekend ;V",,ham,uci_sms_spam_collection,en
"You know, wot people wear. T shirts, jumpers, hat, belt, is all we know. We r at Cribbs",,ham,uci_sms_spam_collection,en
"Cool, what time you think you can get here?",,ham,uci_sms_spam_collection,en
Wen did you get so spiritual and deep. That's great,,ham,uci_sms_spam_collection,en
Have a safe trip to Nigeria. Wish you happiness and very soon company to share moments with,,ham,uci_sms_spam_collection,en
Well keep in mind I've only got enough gas for one more round trip barring a sudden influx of cash,,ham,uci_sms_spam_collection,en
Yeh. Indians was nice. Tho it did kane me off a bit he he. We shud go out 4 a drink sometime soon. Mite hav 2 go 2 da works 4 a laugh soon. Love Pete x x,,ham,uci_sms_spam_collection,en
Yes i have. So that's why u texted. Pshew...missing you so much,,ham,uci_sms_spam_collection,en
No. I meant the calculation is the same. That  &lt;#&gt; units at  &lt;#&gt; . This school is really expensive. Have you started practicing your accent. Because its important. And have you decided if you are doing 4years of dental school or if you'll just do the nmde exam.,,ham,uci_sms_spam_collection,en
if you aren't here in the next  &lt;#&gt;  hours imma flip my shit,,ham,uci_sms_spam_collection,en
Anything lor. Juz both of us lor.,,ham,uci_sms_spam_collection,en
Get me out of this dump heap. My mom decided to come to lowes. BORING.,,ham,uci_sms_spam_collection,en
Ok lor... Sony ericsson salesman... I ask shuhui then she say quite gd 2 use so i considering...,,ham,uci_sms_spam_collection,en
Ard 6 like dat lor.,,ham,uci_sms_spam_collection,en
Why don't you wait 'til at least wednesday to see if you get your .,,ham,uci_sms_spam_collection,en
Huh y lei...,,ham,uci_sms_spam_collection,en
"REMINDER FROM O2: To get 2.50 pounds free call credit and details of great offers pls reply 2 this text with your valid name, house no and postcode",,spam,uci_sms_spam_collection,en
"This is the 2nd time we have tried 2 contact u. U have won the å£750 Pound prize. 2 claim is easy, call 087187272008 NOW1! Only 10p per minute. BT-national-rate.",,spam,uci_sms_spam_collection,en
Will Ì_ b going to esplanade fr home?,,ham,uci_sms_spam_collection,en
"Pity, * was in mood for that. So...any other suggestions?",,ham,uci_sms_spam_collection,en
The guy did some bitching but I acted like i'd be interested in buying something else next week and he gave it to us for free,,ham,uci_sms_spam_collection,en
Rofl. Its true to its name,,ham,uci_sms_spam_collection,en
